drug_id,drug_name,node_idx
DB00001,Lepirudin,5593
DB00002,Cetuximab,5594
DB00004,Denileukin diftitox,5595
DB00005,Etanercept,5596
DB00006,Bivalirudin,5597
DB00007,Leuprolide,5598
DB00008,Peginterferon alfa-2a,5599
DB00009,Alteplase,5600
DB00010,Sermorelin,5601
DB00011,Interferon alfa-n1,5602
DB00012,Darbepoetin alfa,5603
DB00013,Urokinase,5604
DB00014,Goserelin,5605
DB00015,Reteplase,5606
DB00016,Erythropoietin,5607
DB00017,Salmon calcitonin,5608
DB00018,Interferon alfa-n3,5609
DB00019,Pegfilgrastim,5610
DB00020,Sargramostim,5611
DB00022,Peginterferon alfa-2b,5612
DB00023,Asparaginase Escherichia coli,5613
DB00024,Thyrotropin alfa,5614
DB00025,"Antihemophilic factor, human recombinant",5615
DB00026,Anakinra,5616
DB00027,Gramicidin D,5617
DB00028,Human immunoglobulin G,5618
DB00029,Anistreplase,5619
DB00030,Insulin human,5620
DB00031,Tenecteplase,5621
DB00032,Menotropins,5622
DB00033,Interferon gamma-1b,5623
DB00034,"Interferon alfa-2a, Recombinant",5624
DB00035,Desmopressin,5625
DB00036,Coagulation factor VIIa Recombinant Human,5626
DB00038,Oprelvekin,5627
DB00039,Palifermin,5628
DB00040,Glucagon,5629
DB00041,Aldesleukin,5630
DB00042,Botulinum Toxin Type B,5631
DB00043,Omalizumab,5632
DB00044,Lutropin alfa,5633
DB00045,Lyme disease vaccine (recombinant OspA),5634
DB00046,Insulin lispro,5635
DB00047,Insulin glargine,5636
DB00048,Collagenase clostridium histolyticum,5637
DB00050,Cetrorelix,5638
DB00051,Adalimumab,5639
DB00052,Somatotropin,5640
DB00054,Abciximab,5641
DB00055,Drotrecogin alfa,5642
DB00056,Gemtuzumab ozogamicin,5643
DB00058,Alpha-1-proteinase inhibitor,5644
DB00059,Pegaspargase,5645
DB00060,Interferon beta-1a,5646
DB00061,Pegademase,5647
DB00063,Eptifibatide,5648
DB00065,Infliximab,5649
DB00066,Follitropin,5650
DB00067,Vasopressin,5651
DB00068,Interferon beta-1b,5652
DB00069,Interferon alfacon-1,5653
DB00070,Hyaluronidase (ovine),5654
DB00071,Insulin pork,5655
DB00072,Trastuzumab,5656
DB00073,Rituximab,5657
DB00074,Basiliximab,5658
DB00075,Muromonab,5659
DB00078,Ibritumomab tiuxetan,5660
DB00081,Tositumomab,5661
DB00082,Pegvisomant,5662
DB00083,Botulinum toxin type A,5663
DB00086,Streptokinase,5664
DB00087,Alemtuzumab,5665
DB00089,Capromab pendetide,5666
DB00091,Cyclosporine,5667
DB00092,Alefacept,5668
DB00093,Felypressin,5669
DB00094,Urofollitropin,5670
DB00095,Efalizumab,5671
DB00097,Choriogonadotropin alfa,5672
DB00098,Antithymocyte immunoglobulin (rabbit),5673
DB00099,Filgrastim,5674
DB00100,Coagulation Factor IX (Recombinant),5675
DB00102,Becaplermin,5676
DB00103,Agalsidase beta,5677
DB00104,Octreotide,5678
DB00105,Interferon alfa-2b,5679
DB00106,Abarelix,5680
DB00107,Oxytocin,5681
DB00108,Natalizumab,5682
DB00109,Enfuvirtide,5683
DB00110,Palivizumab,5684
DB00111,Daclizumab,5685
DB00112,Bevacizumab,5686
DB00113,Technetium Tc-99m arcitumomab,5687
DB00114,Pyridoxal phosphate,5688
DB00115,Cyanocobalamin,5689
DB00116,Tetrahydrofolic acid,5690
DB00117,Histidine,5691
DB00118,Ademetionine,5692
DB00119,Pyruvic acid,5693
DB00120,Phenylalanine,5694
DB00121,Biotin,5695
DB00122,Choline,5696
DB00123,L-Lysine,5697
DB00125,Arginine,5698
DB00126,Ascorbic acid,5699
DB00127,Spermine,5700
DB00128,Aspartic acid,5701
DB00129,Ornithine,5702
DB00130,L-Glutamine,5703
DB00131,Adenosine phosphate,5704
DB00132,alpha-Linolenic acid,5705
DB00133,Serine,5706
DB00134,Methionine,5707
DB00135,Tyrosine,5708
DB00136,Calcitriol,5709
DB00137,Lutein,5710
DB00138,Cystine,5711
DB00139,Succinic acid,5712
DB00140,Riboflavin,5713
DB00141,N-Acetylglucosamine,5714
DB00142,Glutamic acid,5715
DB00143,Glutathione,5716
DB00144,Phosphatidyl serine,5717
DB00145,Glycine,5718
DB00146,Calcifediol,5719
DB00147,Pyridoxal,5720
DB00148,Creatine,5721
DB00149,Leucine,5722
DB00150,Tryptophan,5723
DB00151,Cysteine,5724
DB00152,Thiamine,5725
DB00153,Ergocalciferol,5726
DB00154,Dihomo-gamma-linolenic acid,5727
DB00155,Citrulline,5728
DB00156,Threonine,5729
DB00157,NADH,5730
DB00158,Folic acid,5731
DB00159,Icosapent,5732
DB00160,Alanine,5733
DB00161,Valine,5734
DB00162,Vitamin A,5735
DB00163,Vitamin E,5736
DB00165,Pyridoxine,5737
DB00166,Lipoic acid,5738
DB00167,Isoleucine,5739
DB00168,Aspartame,5740
DB00169,Cholecalciferol,5741
DB00170,Menadione,5742
DB00171,ATP,5743
DB00172,Proline,5744
DB00173,Adenine,5745
DB00174,Asparagine,5746
DB00175,Pravastatin,5747
DB00176,Fluvoxamine,5748
DB00177,Valsartan,5749
DB00178,Ramipril,5750
DB00179,Masoprocol,5751
DB00180,Flunisolide,5752
DB00181,Baclofen,5753
DB00182,Amphetamine,5754
DB00183,Pentagastrin,5755
DB00184,Nicotine,5756
DB00185,Cevimeline,5757
DB00186,Lorazepam,5758
DB00187,Esmolol,5759
DB00188,Bortezomib,5760
DB00189,Ethchlorvynol,5761
DB00190,Carbidopa,5762
DB00191,Phentermine,5763
DB00192,Indecainide,5764
DB00193,Tramadol,5765
DB00194,Vidarabine,5766
DB00195,Betaxolol,5767
DB00196,Fluconazole,5768
DB00197,Troglitazone,5769
DB00198,Oseltamivir,5770
DB00199,Erythromycin,5771
DB00200,Hydroxocobalamin,5772
DB00201,Caffeine,5773
DB00202,Succinylcholine,5774
DB00203,Sildenafil,5775
DB00204,Dofetilide,5776
DB00205,Pyrimethamine,5777
DB00206,Reserpine,5778
DB00207,Azithromycin,5779
DB00208,Ticlopidine,5780
DB00209,Trospium,5781
DB00210,Adapalene,5782
DB00211,Midodrine,5783
DB00212,Remikiren,5784
DB00213,Pantoprazole,5785
DB00214,Torasemide,5786
DB00215,Citalopram,5787
DB00216,Eletriptan,5788
DB00217,Bethanidine,5789
DB00218,Moxifloxacin,5790
DB00219,Oxyphenonium,5791
DB00220,Nelfinavir,5792
DB00221,Isoetharine,5793
DB00222,Glimepiride,5794
DB00223,Diflorasone,5795
DB00224,Indinavir,5796
DB00226,Guanadrel,5797
DB00227,Lovastatin,5798
DB00228,Enflurane,5799
DB00229,Cefotiam,5800
DB00230,Pregabalin,5801
DB00231,Temazepam,5802
DB00232,Methyclothiazide,5803
DB00233,Aminosalicylic acid,5804
DB00234,Reboxetine,5805
DB00235,Milrinone,5806
DB00237,Butabarbital,5807
DB00238,Nevirapine,5808
DB00239,Oxiconazole,5809
DB00240,Alclometasone,5810
DB00241,Butalbital,5811
DB00242,Cladribine,5812
DB00243,Ranolazine,5813
DB00244,Mesalazine,5814
DB00245,Benzatropine,5815
DB00246,Ziprasidone,5816
DB00247,Methysergide,5817
DB00248,Cabergoline,5818
DB00250,Dapsone,5819
DB00252,Phenytoin,5820
DB00253,Medrysone,5821
DB00254,Doxycycline,5822
DB00255,Diethylstilbestrol,5823
DB00257,Clotrimazole,5824
DB00259,Sulfanilamide,5825
DB00260,Cycloserine,5826
DB00261,Anagrelide,5827
DB00262,Carmustine,5828
DB00263,Sulfisoxazole,5829
DB00264,Metoprolol,5830
DB00266,Dicoumarol,5831
DB00268,Ropinirole,5832
DB00269,Chlorotrianisene,5833
DB00270,Isradipine,5834
DB00272,Betazole,5835
DB00273,Topiramate,5836
DB00274,Cefmetazole,5837
DB00275,Olmesartan,5838
DB00276,Amsacrine,5839
DB00277,Theophylline,5840
DB00278,Argatroban,5841
DB00279,Liothyronine,5842
DB00280,Disopyramide,5843
DB00281,Lidocaine,5844
DB00282,Pamidronic acid,5845
DB00283,Clemastine,5846
DB00284,Acarbose,5847
DB00285,Venlafaxine,5848
DB00286,Conjugated estrogens,5849
DB00287,Travoprost,5850
DB00288,Amcinonide,5851
DB00289,Atomoxetine,5852
DB00290,Bleomycin,5853
DB00291,Chlorambucil,5854
DB00292,Etomidate,5855
DB00293,Raltitrexed,5856
DB00294,Etonogestrel,5857
DB00295,Morphine,5858
DB00296,Ropivacaine,5859
DB00297,Bupivacaine,5860
DB00298,Dapiprazole,5861
DB00300,Tenofovir disoproxil,5862
DB00301,Flucloxacillin,5863
DB00302,Tranexamic acid,5864
DB00304,Desogestrel,5865
DB00305,Mitomycin,5866
DB00306,Talbutal,5867
DB00307,Bexarotene,5868
DB00308,Ibutilide,5869
DB00309,Vindesine,5870
DB00310,Chlorthalidone,5871
DB00311,Ethoxzolamide,5872
DB00312,Pentobarbital,5873
DB00313,Valproic acid,5874
DB00315,Zolmitriptan,5875
DB00316,Acetaminophen,5876
DB00317,Gefitinib,5877
DB00318,Codeine,5878
DB00319,Piperacillin,5879
DB00320,Dihydroergotamine,5880
DB00321,Amitriptyline,5881
DB00322,Floxuridine,5882
DB00323,Tolcapone,5883
DB00324,Fluorometholone,5884
DB00325,Nitroprusside,5885
DB00327,Hydromorphone,5886
DB00328,Indomethacin,5887
DB00331,Metformin,5888
DB00332,Ipratropium,5889
DB00333,Methadone,5890
DB00334,Olanzapine,5891
DB00335,Atenolol,5892
DB00336,Nitrofural,5893
DB00337,Pimecrolimus,5894
DB00338,Omeprazole,5895
DB00339,Pyrazinamide,5896
DB00340,Metixene,5897
DB00341,Cetirizine,5898
DB00342,Terfenadine,5899
DB00343,Diltiazem,5900
DB00344,Protriptyline,5901
DB00345,Aminohippuric acid,5902
DB00346,Alfuzosin,5903
DB00347,Trimethadione,5904
DB00348,Nitisinone,5905
DB00349,Clobazam,5906
DB00350,Minoxidil,5907
DB00351,Megestrol acetate,5908
DB00352,Tioguanine,5909
DB00353,Methylergometrine,5910
DB00354,Buclizine,5911
DB00356,Chlorzoxazone,5912
DB00357,Aminoglutethimide,5913
DB00358,Mefloquine,5914
DB00359,Sulfadiazine,5915
DB00360,Sapropterin,5916
DB00361,Vinorelbine,5917
DB00363,Clozapine,5918
DB00364,Sucralfate,5919
DB00365,Grepafloxacin,5920
DB00366,Doxylamine,5921
DB00367,Levonorgestrel,5922
DB00368,Norepinephrine,5923
DB00369,Cidofovir,5924
DB00370,Mirtazapine,5925
DB00371,Meprobamate,5926
DB00372,Thiethylperazine,5927
DB00373,Timolol,5928
DB00374,Treprostinil,5929
DB00376,Trihexyphenidyl,5930
DB00377,Palonosetron,5931
DB00378,Dydrogesterone,5932
DB00379,Mexiletine,5933
DB00380,Dexrazoxane,5934
DB00381,Amlodipine,5935
DB00382,Tacrine,5936
DB00383,Oxyphencyclimine,5937
DB00384,Triamterene,5938
DB00385,Valrubicin,5939
DB00387,Procyclidine,5940
DB00388,Phenylephrine,5941
DB00389,Carbimazole,5942
DB00390,Digoxin,5943
DB00391,Sulpiride,5944
DB00392,Profenamine,5945
DB00393,Nimodipine,5946
DB00394,Beclomethasone dipropionate,5947
DB00395,Carisoprodol,5948
DB00396,Progesterone,5949
DB00397,Phenylpropanolamine,5950
DB00398,Sorafenib,5951
DB00399,Zoledronic acid,5952
DB00400,Griseofulvin,5953
DB00401,Nisoldipine,5954
DB00402,Eszopiclone,5955
DB00403,Ceruletide,5956
DB00404,Alprazolam,5957
DB00405,Dexbrompheniramine,5958
DB00406,Gentian violet cation,5959
DB00407,Ardeparin,5960
DB00408,Loxapine,5961
DB00409,Remoxipride,5962
DB00411,Carbamoylcholine,5963
DB00412,Rosiglitazone,5964
DB00413,Pramipexole,5965
DB00414,Acetohexamide,5966
DB00415,Ampicillin,5967
DB00416,Metocurine iodide,5968
DB00417,Phenoxymethylpenicillin,5969
DB00418,Secobarbital,5970
DB00419,Miglustat,5971
DB00420,Promazine,5972
DB00421,Spironolactone,5973
DB00422,Methylphenidate,5974
DB00423,Methocarbamol,5975
DB00424,Hyoscyamine,5976
DB00425,Zolpidem,5977
DB00426,Famciclovir,5978
DB00427,Triprolidine,5979
DB00428,Streptozocin,5980
DB00429,Carboprost tromethamine,5981
DB00430,Cefpiramide,5982
DB00431,Lindane,5983
DB00432,Trifluridine,5984
DB00433,Prochlorperazine,5985
DB00434,Cyproheptadine,5986
DB00435,Nitric Oxide,5987
DB00436,Bendroflumethiazide,5988
DB00437,Allopurinol,5989
DB00438,Ceftazidime,5990
DB00439,Cerivastatin,5991
DB00440,Trimethoprim,5992
DB00441,Gemcitabine,5993
DB00443,Betamethasone,5994
DB00444,Teniposide,5995
DB00445,Epirubicin,5996
DB00446,Chloramphenicol,5997
DB00447,Loracarbef,5998
DB00448,Lansoprazole,5999
DB00449,Dipivefrin,6000
DB00450,Droperidol,6001
DB00451,Levothyroxine,6002
DB00452,Framycetin,6003
DB00454,Meperidine,6004
DB00455,Loratadine,6005
DB00456,Cefalotin,6006
DB00457,Prazosin,6007
DB00458,Imipramine,6008
DB00459,Acitretin,6009
DB00461,Nabumetone,6010
DB00462,Methscopolamine bromide,6011
DB00463,Metharbital,6012
DB00464,Sodium tetradecyl sulfate,6013
DB00465,Ketorolac,6014
DB00466,Picrotoxin,6015
DB00467,Enoxacin,6016
DB00468,Quinine,6017
DB00469,Tenoxicam,6018
DB00470,Dronabinol,6019
DB00471,Montelukast,6020
DB00472,Fluoxetine,6021
DB00473,Hexylcaine,6022
DB00474,Methohexital,6023
DB00475,Chlordiazepoxide,6024
DB00476,Duloxetine,6025
DB00477,Chlorpromazine,6026
DB00480,Lenalidomide,6027
DB00481,Raloxifene,6028
DB00482,Celecoxib,6029
DB00483,Gallamine triethiodide,6030
DB00484,Brimonidine,6031
DB00485,Dicloxacillin,6032
DB00486,Nabilone,6033
DB00487,Pefloxacin,6034
DB00489,Sotalol,6035
DB00490,Buspirone,6036
DB00491,Miglitol,6037
DB00492,Fosinopril,6038
DB00493,Cefotaxime,6039
DB00494,Entacapone,6040
DB00495,Zidovudine,6041
DB00496,Darifenacin,6042
DB00497,Oxycodone,6043
DB00498,Phenindione,6044
DB00499,Flutamide,6045
DB00500,Tolmetin,6046
DB00501,Cimetidine,6047
DB00502,Haloperidol,6048
DB00503,Ritonavir,6049
DB00504,Levallorphan,6050
DB00505,Tridihexethyl,6051
DB00507,Nitazoxanide,6052
DB00508,Triflupromazine,6053
DB00509,Dextrothyroxine,6054
DB00511,Acetyldigitoxin,6055
DB00512,Vancomycin,6056
DB00513,Aminocaproic acid,6057
DB00514,Dextromethorphan,6058
DB00515,Cisplatin,6059
DB00517,Anisotropine methylbromide,6060
DB00518,Albendazole,6061
DB00519,Trandolapril,6062
DB00520,Caspofungin,6063
DB00521,Carteolol,6064
DB00522,Bentiromide,6065
DB00523,Alitretinoin,6066
DB00524,Metolazone,6067
DB00526,Oxaliplatin,6068
DB00527,Cinchocaine,6069
DB00528,Lercanidipine,6070
DB00529,Foscarnet,6071
DB00530,Erlotinib,6072
DB00531,Cyclophosphamide,6073
DB00532,Mephenytoin,6074
DB00533,Rofecoxib,6075
DB00534,Chlormerodrin,6076
DB00535,Cefdinir,6077
DB00536,Guanidine,6078
DB00537,Ciprofloxacin,6079
DB00539,Toremifene,6080
DB00540,Nortriptyline,6081
DB00541,Vincristine,6082
DB00542,Benazepril,6083
DB00543,Amoxapine,6084
DB00544,Fluorouracil,6085
DB00545,Pyridostigmine,6086
DB00546,Adinazolam,6087
DB00547,Desoximetasone,6088
DB00548,Azelaic acid,6089
DB00549,Zafirlukast,6090
DB00550,Propylthiouracil,6091
DB00551,Acetohydroxamic acid,6092
DB00552,Pentostatin,6093
DB00553,Methoxsalen,6094
DB00554,Piroxicam,6095
DB00555,Lamotrigine,6096
DB00557,Hydroxyzine,6097
DB00558,Zanamivir,6098
DB00559,Bosentan,6099
DB00561,Doxapram,6100
DB00562,Benzthiazide,6101
DB00563,Methotrexate,6102
DB00564,Carbamazepine,6103
DB00565,Cisatracurium,6104
DB00567,Cephalexin,6105
DB00568,Cinnarizine,6106
DB00569,Fondaparinux,6107
DB00570,Vinblastine,6108
DB00571,Propranolol,6109
DB00572,Atropine,6110
DB00573,Fenoprofen,6111
DB00574,Fenfluramine,6112
DB00575,Clonidine,6113
DB00576,Sulfamethizole,6114
DB00577,Valaciclovir,6115
DB00578,Carbenicillin,6116
DB00579,Mazindol,6117
DB00580,Valdecoxib,6118
DB00582,Voriconazole,6119
DB00583,Levocarnitine,6120
DB00584,Enalapril,6121
DB00585,Nizatidine,6122
DB00586,Diclofenac,6123
DB00587,Cinalukast,6124
DB00588,Fluticasone propionate,6125
DB00589,Lisuride,6126
DB00590,Doxazosin,6127
DB00591,Fluocinolone acetonide,6128
DB00592,Piperazine,6129
DB00593,Ethosuximide,6130
DB00594,Amiloride,6131
DB00595,Oxytetracycline,6132
DB00596,Ulobetasol,6133
DB00598,Labetalol,6134
DB00599,Thiopental,6135
DB00600,Monobenzone,6136
DB00601,Linezolid,6137
DB00602,Ivermectin,6138
DB00603,Medroxyprogesterone acetate,6139
DB00604,Cisapride,6140
DB00605,Sulindac,6141
DB00606,Cyclothiazide,6142
DB00607,Nafcillin,6143
DB00608,Chloroquine,6144
DB00610,Metaraminol,6145
DB00611,Butorphanol,6146
DB00612,Bisoprolol,6147
DB00613,Amodiaquine,6148
DB00614,Furazolidone,6149
DB00615,Rifabutin,6150
DB00616,Candoxatril,6151
DB00617,Paramethadione,6152
DB00618,Demeclocycline,6153
DB00619,Imatinib,6154
DB00620,Triamcinolone,6155
DB00621,Oxandrolone,6156
DB00622,Nicardipine,6157
DB00623,Fluphenazine,6158
DB00624,Testosterone,6159
DB00625,Efavirenz,6160
DB00626,Bacitracin,6161
DB00627,Niacin,6162
DB00628,Clorazepic acid,6163
DB00629,Guanabenz,6164
DB00630,Alendronic acid,6165
DB00631,Clofarabine,6166
DB00633,Dexmedetomidine,6167
DB00635,Prednisone,6168
DB00636,Clofibrate,6169
DB00637,Astemizole,6170
DB00640,Adenosine,6171
DB00641,Simvastatin,6172
DB00642,Pemetrexed,6173
DB00643,Mebendazole,6174
DB00644,Gonadorelin,6175
DB00645,Dyclonine,6176
DB00646,Nystatin,6177
DB00647,Dextropropoxyphene,6178
DB00648,Mitotane,6179
DB00649,Stavudine,6180
DB00650,Leucovorin,6181
DB00651,Dyphylline,6182
DB00652,Pentazocine,6183
DB00653,Magnesium sulfate,6184
DB00654,Latanoprost,6185
DB00655,Estrone,6186
DB00656,Trazodone,6187
DB00657,Mecamylamine,6188
DB00659,Acamprosate,6189
DB00661,Verapamil,6190
DB00663,Flumethasone,6191
DB00665,Nilutamide,6192
DB00666,Nafarelin,6193
DB00668,Epinephrine,6194
DB00669,Sumatriptan,6195
DB00670,Pirenzepine,6196
DB00671,Cefixime,6197
DB00672,Chlorpropamide,6198
DB00673,Aprepitant,6199
DB00674,Galantamine,6200
DB00675,Tamoxifen,6201
DB00677,Isoflurophate,6202
DB00678,Losartan,6203
DB00679,Thioridazine,6204
DB00680,Moricizine,6205
DB00681,Amphotericin B,6206
DB00682,Warfarin,6207
DB00683,Midazolam,6208
DB00685,Trovafloxacin,6209
DB00686,Pentosan polysulfate,6210
DB00687,Fludrocortisone,6211
DB00688,Mycophenolate mofetil,6212
DB00689,Cephaloglycin,6213
DB00690,Flurazepam,6214
DB00691,Moexipril,6215
DB00692,Phentolamine,6216
DB00693,Fluorescein,6217
DB00694,Daunorubicin,6218
DB00695,Furosemide,6219
DB00696,Ergotamine,6220
DB00697,Tizanidine,6221
DB00698,Nitrofurantoin,6222
DB00699,Nicergoline,6223
DB00700,Eplerenone,6224
DB00701,Amprenavir,6225
DB00702,Icodextrin,6226
DB00703,Methazolamide,6227
DB00704,Naltrexone,6228
DB00705,Delavirdine,6229
DB00706,Tamsulosin,6230
DB00707,Porfimer sodium,6231
DB00708,Sufentanil,6232
DB00709,Lamivudine,6233
DB00710,Ibandronate,6234
DB00711,Diethylcarbamazine,6235
DB00712,Flurbiprofen,6236
DB00713,Oxacillin,6237
DB00714,Apomorphine,6238
DB00715,Paroxetine,6239
DB00716,Nedocromil,6240
DB00717,Norethisterone,6241
DB00718,Adefovir dipivoxil,6242
DB00719,Azatadine,6243
DB00720,Clodronic acid,6244
DB00721,Procaine,6245
DB00722,Lisinopril,6246
DB00723,Methoxamine,6247
DB00724,Imiquimod,6248
DB00725,Homatropine methylbromide,6249
DB00726,Trimipramine,6250
DB00727,Nitroglycerin,6251
DB00728,Rocuronium,6252
DB00730,Thiabendazole,6253
DB00731,Nateglinide,6254
DB00732,Atracurium besylate,6255
DB00733,Pralidoxime,6256
DB00734,Risperidone,6257
DB00735,Naftifine,6258
DB00736,Esomeprazole,6259
DB00737,Meclizine,6260
DB00738,Pentamidine,6261
DB00740,Riluzole,6262
DB00741,Hydrocortisone,6263
DB00743,Gadobenic acid,6264
DB00744,Zileuton,6265
DB00745,Modafinil,6266
DB00746,Deferoxamine,6267
DB00747,Scopolamine,6268
DB00748,Carbinoxamine,6269
DB00749,Etodolac,6270
DB00750,Prilocaine,6271
DB00751,Epinastine,6272
DB00752,Tranylcypromine,6273
DB00753,Isoflurane,6274
DB00754,Ethotoin,6275
DB00755,Tretinoin,6276
DB00756,Hexachlorophene,6277
DB00757,Dolasetron,6278
DB00758,Clopidogrel,6279
DB00759,Tetracycline,6280
DB00761,Potassium chloride,6281
DB00762,Irinotecan,6282
DB00763,Methimazole,6283
DB00764,Mometasone,6284
DB00765,Metyrosine,6285
DB00766,Clavulanic acid,6286
DB00767,Benzquinamide,6287
DB00768,Olopatadine,6288
DB00769,Hydrocortamate,6289
DB00770,Alprostadil,6290
DB00771,Clidinium,6291
DB00772,Malathion,6292
DB00773,Etoposide,6293
DB00774,Hydroflumethiazide,6294
DB00775,Tirofiban,6295
DB00776,Oxcarbazepine,6296
DB00777,Propiomazine,6297
DB00778,Roxithromycin,6298
DB00779,Nalidixic acid,6299
DB00780,Phenelzine,6300
DB00781,Polymyxin B,6301
DB00782,Propantheline,6302
DB00783,Estradiol,6303
DB00784,Mefenamic acid,6304
DB00785,Cryptenamine,6305
DB00786,Marimastat,6306
DB00787,Acyclovir,6307
DB00788,Naproxen,6308
DB00789,Gadopentetic acid,6309
DB00790,Perindopril,6310
DB00792,Tripelennamine,6311
DB00794,Primidone,6312
DB00795,Sulfasalazine,6313
DB00796,Candesartan cilexetil,6314
DB00797,Tolazoline,6315
DB00798,Gentamicin,6316
DB00799,Tazarotene,6317
DB00800,Fenoldopam,6318
DB00801,Halazepam,6319
DB00802,Alfentanil,6320
DB00804,Dicyclomine,6321
DB00805,Minaprine,6322
DB00806,Pentoxifylline,6323
DB00807,Proparacaine,6324
DB00808,Indapamide,6325
DB00809,Tropicamide,6326
DB00810,Biperiden,6327
DB00811,Ribavirin,6328
DB00812,Phenylbutazone,6329
DB00813,Fentanyl,6330
DB00814,Meloxicam,6331
DB00815,Sodium lauryl sulfate,6332
DB00816,Orciprenaline,6333
DB00817,Rosoxacin,6334
DB00818,Propofol,6335
DB00819,Acetazolamide,6336
DB00820,Tadalafil,6337
DB00821,Carprofen,6338
DB00822,Disulfiram,6339
DB00823,Ethynodiol diacetate,6340
DB00824,Enprofylline,6341
DB00825,Levomenthol,6342
DB00826,Natamycin,6343
DB00827,Cinoxacin,6344
DB00829,Diazepam,6345
DB00830,Phenmetrazine,6346
DB00831,Trifluoperazine,6347
DB00833,Cefaclor,6348
DB00834,Mifepristone,6349
DB00835,Brompheniramine,6350
DB00836,Loperamide,6351
DB00837,Progabide,6352
DB00838,Clocortolone,6353
DB00839,Tolazamide,6354
DB00841,Dobutamine,6355
DB00842,Oxazepam,6356
DB00843,Donepezil,6357
DB00844,Nalbuphine,6358
DB00845,Clofazimine,6359
DB00846,Flurandrenolide,6360
DB00847,Cysteamine,6361
DB00848,Levamisole,6362
DB00849,Methylphenobarbital,6363
DB00850,Perphenazine,6364
DB00851,Dacarbazine,6365
DB00852,Pseudoephedrine,6366
DB00854,Levorphanol,6367
DB00855,Aminolevulinic acid,6368
DB00856,Chlorphenesin,6369
DB00857,Terbinafine,6370
DB00858,Drostanolone,6371
DB00859,Penicillamine,6372
DB00860,Prednisolone,6373
DB00861,Diflunisal,6374
DB00862,Vardenafil,6375
DB00863,Ranitidine,6376
DB00864,Tacrolimus,6377
DB00865,Benzphetamine,6378
DB00866,Alprenolol,6379
DB00867,Ritodrine,6380
DB00868,Benzonatate,6381
DB00869,Dorzolamide,6382
DB00870,Suprofen,6383
DB00871,Terbutaline,6384
DB00872,Conivaptan,6385
DB00874,Guaifenesin,6386
DB00875,Flupentixol,6387
DB00876,Eprosartan,6388
DB00877,Sirolimus,6389
DB00878,Chlorhexidine,6390
DB00879,Emtricitabine,6391
DB00880,Chlorothiazide,6392
DB00881,Quinapril,6393
DB00882,Clomifene,6394
DB00883,Isosorbide dinitrate,6395
DB00884,Risedronic acid,6396
DB00886,Omapatrilat,6397
DB00887,Bumetanide,6398
DB00888,Mechlorethamine,6399
DB00889,Granisetron,6400
DB00890,Dienestrol,6401
DB00891,Sulfapyridine,6402
DB00892,Oxybuprocaine,6403
DB00893,Iron Dextran,6404
DB00894,Testolactone,6405
DB00895,Benzylpenicilloyl polylysine,6406
DB00896,Rimexolone,6407
DB00897,Triazolam,6408
DB00898,Ethanol,6409
DB00899,Remifentanil,6410
DB00900,Didanosine,6411
DB00901,Bitolterol,6412
DB00902,Methdilazine,6413
DB00903,Etacrynic acid,6414
DB00904,Ondansetron,6415
DB00905,Bimatoprost,6416
DB00906,Tiagabine,6417
DB00907,Cocaine,6418
DB00908,Quinidine,6419
DB00909,Zonisamide,6420
DB00910,Paricalcitol,6421
DB00911,Tinidazole,6422
DB00912,Repaglinide,6423
DB00913,Anileridine,6424
DB00914,Phenformin,6425
DB00915,Amantadine,6426
DB00916,Metronidazole,6427
DB00917,Dinoprostone,6428
DB00918,Almotriptan,6429
DB00920,Ketotifen,6430
DB00921,Buprenorphine,6431
DB00922,Levosimendan,6432
DB00924,Cyclobenzaprine,6433
DB00925,Phenoxybenzamine,6434
DB00926,Etretinate,6435
DB00927,Famotidine,6436
DB00928,Azacitidine,6437
DB00929,Misoprostol,6438
DB00931,Metacycline,6439
DB00932,Tipranavir,6440
DB00933,Mesoridazine,6441
DB00934,Maprotiline,6442
DB00935,Oxymetazoline,6443
DB00936,Salicylic acid,6444
DB00937,Diethylpropion,6445
DB00938,Salmeterol,6446
DB00939,Meclofenamic acid,6447
DB00940,Methantheline,6448
DB00941,Hexafluronium,6449
DB00942,Cycrimine,6450
DB00943,Zalcitabine,6451
DB00944,Demecarium,6452
DB00945,Acetylsalicylic acid,6453
DB00946,Phenprocoumon,6454
DB00947,Fulvestrant,6455
DB00949,Felbamate,6456
DB00950,Fexofenadine,6457
DB00951,Isoniazid,6458
DB00952,Naratriptan,6459
DB00953,Rizatriptan,6460
DB00954,Dirithromycin,6461
DB00956,Hydrocodone,6462
DB00957,Norgestimate,6463
DB00958,Carboplatin,6464
DB00959,Methylprednisolone,6465
DB00960,Pindolol,6466
DB00961,Mepivacaine,6467
DB00962,Zaleplon,6468
DB00963,Bromfenac,6469
DB00964,Apraclonidine,6470
DB00966,Telmisartan,6471
DB00967,Desloratadine,6472
DB00968,Methyldopa,6473
DB00969,Alosetron,6474
DB00970,Dactinomycin,6475
DB00972,Azelastine,6476
DB00973,Ezetimibe,6477
DB00974,Edetic acid,6478
DB00975,Dipyridamole,6479
DB00976,Telithromycin,6480
DB00977,Ethinylestradiol,6481
DB00978,Lomefloxacin,6482
DB00979,Cyclopentolate,6483
DB00980,Ramelteon,6484
DB00981,Physostigmine,6485
DB00982,Isotretinoin,6486
DB00983,Formoterol,6487
DB00984,Nandrolone phenpropionate,6488
DB00985,Dimenhydrinate,6489
DB00986,Glycopyrronium,6490
DB00987,Cytarabine,6491
DB00988,Dopamine,6492
DB00989,Rivastigmine,6493
DB00990,Exemestane,6494
DB00991,Oxaprozin,6495
DB00993,Azathioprine,6496
DB00994,Neomycin,6497
DB00995,Auranofin,6498
DB00996,Gabapentin,6499
DB00997,Doxorubicin,6500
DB00998,Frovatriptan,6501
DB00999,Hydrochlorothiazide,6502
DB01000,Cyclacillin,6503
DB01001,Salbutamol,6504
DB01002,Levobupivacaine,6505
DB01003,Cromoglicic acid,6506
DB01004,Ganciclovir,6507
DB01005,Hydroxyurea,6508
DB01006,Letrozole,6509
DB01007,Tioconazole,6510
DB01008,Busulfan,6511
DB01009,Ketoprofen,6512
DB01010,Edrophonium,6513
DB01011,Metyrapone,6514
DB01012,Cinacalcet,6515
DB01013,Clobetasol propionate,6516
DB01014,Balsalazide,6517
DB01015,Sulfamethoxazole,6518
DB01016,Glyburide,6519
DB01017,Minocycline,6520
DB01018,Guanfacine,6521
DB01019,Bethanechol,6522
DB01020,Isosorbide mononitrate,6523
DB01021,Trichlormethiazide,6524
DB01022,Phylloquinone,6525
DB01023,Felodipine,6526
DB01024,Mycophenolic acid,6527
DB01025,Amlexanox,6528
DB01026,Ketoconazole,6529
DB01028,Methoxyflurane,6530
DB01029,Irbesartan,6531
DB01030,Topotecan,6532
DB01031,Ethinamate,6533
DB01032,Probenecid,6534
DB01033,Mercaptopurine,6535
DB01034,Cerulenin,6536
DB01035,Procainamide,6537
DB01036,Tolterodine,6538
DB01037,Selegiline,6539
DB01038,Carphenazine,6540
DB01039,Fenofibrate,6541
DB01041,Thalidomide,6542
DB01042,Melphalan,6543
DB01043,Memantine,6544
DB01044,Gatifloxacin,6545
DB01045,Rifampicin,6546
DB01046,Lubiprostone,6547
DB01047,Fluocinonide,6548
DB01048,Abacavir,6549
DB01049,Ergoloid mesylate,6550
DB01050,Ibuprofen,6551
DB01051,Novobiocin,6552
DB01053,Benzylpenicillin,6553
DB01054,Nitrendipine,6554
DB01055,Mimosine,6555
DB01056,Tocainide,6556
DB01057,Echothiophate,6557
DB01058,Praziquantel,6558
DB01059,Norfloxacin,6559
DB01060,Amoxicillin,6560
DB01062,Oxybutynin,6561
DB01063,Acetophenazine,6562
DB01064,Isoprenaline,6563
DB01065,Melatonin,6564
DB01067,Glipizide,6565
DB01068,Clonazepam,6566
DB01069,Promethazine,6567
DB01070,Dihydrotachysterol,6568
DB01071,Mequitazine,6569
DB01072,Atazanavir,6570
DB01073,Fludarabine,6571
DB01074,Perhexiline,6572
DB01075,Diphenhydramine,6573
DB01076,Atorvastatin,6574
DB01077,Etidronic acid,6575
DB01078,Deslanoside,6576
DB01079,Tegaserod,6577
DB01080,Vigabatrin,6578
DB01081,Diphenoxylate,6579
DB01082,Streptomycin,6580
DB01083,Orlistat,6581
DB01084,Emedastine,6582
DB01085,Pilocarpine,6583
DB01086,Benzocaine,6584
DB01087,Primaquine,6585
DB01088,Iloprost,6586
DB01089,Deserpidine,6587
DB01090,Pentolinium,6588
DB01091,Butenafine,6589
DB01092,Ouabain,6590
DB01093,Dimethyl sulfoxide,6591
DB01094,Hesperetin,6592
DB01095,Fluvastatin,6593
DB01096,Oxamniquine,6594
DB01097,Leflunomide,6595
DB01098,Rosuvastatin,6596
DB01099,Flucytosine,6597
DB01100,Pimozide,6598
DB01101,Capecitabine,6599
DB01102,Arbutamine,6600
DB01103,Quinacrine,6601
DB01104,Sertraline,6602
DB01105,Sibutramine,6603
DB01106,Levocabastine,6604
DB01107,Methyprylon,6605
DB01108,Trilostane,6606
DB01109,Heparin,6607
DB01110,Miconazole,6608
DB01112,Cefuroxime,6609
DB01113,Papaverine,6610
DB01114,Chlorpheniramine,6611
DB01115,Nifedipine,6612
DB01116,Trimethaphan,6613
DB01117,Atovaquone,6614
DB01118,Amiodarone,6615
DB01119,Diazoxide,6616
DB01120,Gliclazide,6617
DB01121,Phenacemide,6618
DB01122,Ambenonium,6619
DB01123,Proflavine,6620
DB01124,Tolbutamide,6621
DB01125,Anisindione,6622
DB01126,Dutasteride,6623
DB01127,Econazole,6624
DB01128,Bicalutamide,6625
DB01129,Rabeprazole,6626
DB01130,Prednicarbate,6627
DB01131,Proguanil,6628
DB01132,Pioglitazone,6629
DB01133,Tiludronic acid,6630
DB01134,Desoxycorticosterone pivalate,6631
DB01135,Doxacurium,6632
DB01136,Carvedilol,6633
DB01137,Levofloxacin,6634
DB01138,Sulfinpyrazone,6635
DB01140,Cefadroxil,6636
DB01141,Micafungin,6637
DB01142,Doxepin,6638
DB01143,Amifostine,6639
DB01144,Diclofenamide,6640
DB01146,Diphenylpyraline,6641
DB01147,Cloxacillin,6642
DB01148,Flavoxate,6643
DB01149,Nefazodone,6644
DB01151,Desipramine,6645
DB01152,Candicidin,6646
DB01154,Thiamylal,6647
DB01155,Gemifloxacin,6648
DB01156,Bupropion,6649
DB01157,Trimetrexate,6650
DB01158,Bretylium,6651
DB01159,Halothane,6652
DB01160,Dinoprost tromethamine,6653
DB01161,Chloroprocaine,6654
DB01162,Terazosin,6655
DB01164,Calcium chloride,6656
DB01165,Ofloxacin,6657
DB01166,Cilostazol,6658
DB01167,Itraconazole,6659
DB01168,Procarbazine,6660
DB01169,Arsenic trioxide,6661
DB01170,Guanethidine,6662
DB01171,Moclobemide,6663
DB01173,Orphenadrine,6664
DB01174,Phenobarbital,6665
DB01175,Escitalopram,6666
DB01176,Cyclizine,6667
DB01177,Idarubicin,6668
DB01179,Podofilox,6669
DB01180,Rescinnamine,6670
DB01181,Ifosfamide,6671
DB01182,Propafenone,6672
DB01183,Naloxone,6673
DB01184,Domperidone,6674
DB01185,Fluoxymesterone,6675
DB01186,Pergolide,6676
DB01188,Ciclopirox,6677
DB01189,Desflurane,6678
DB01190,Clindamycin,6679
DB01191,Dexfenfluramine,6680
DB01192,Oxymorphone,6681
DB01193,Acebutolol,6682
DB01194,Brinzolamide,6683
DB01195,Flecainide,6684
DB01196,Estramustine,6685
DB01197,Captopril,6686
DB01198,Zopiclone,6687
DB01199,Tubocurarine,6688
DB01200,Bromocriptine,6689
DB01201,Rifapentine,6690
DB01202,Levetiracetam,6691
DB01203,Nadolol,6692
DB01204,Mitoxantrone,6693
DB01205,Flumazenil,6694
DB01206,Lomustine,6695
DB01207,Ridogrel,6696
DB01208,Sparfloxacin,6697
DB01209,Dezocine,6698
DB01210,Levobunolol,6699
DB01211,Clarithromycin,6700
DB01212,Ceftriaxone,6701
DB01213,Fomepizole,6702
DB01214,Metipranolol,6703
DB01215,Estazolam,6704
DB01216,Finasteride,6705
DB01217,Anastrozole,6706
DB01218,Halofantrine,6707
DB01219,Dantrolene,6708
DB01220,Rifaximin,6709
DB01221,Ketamine,6710
DB01222,Budesonide,6711
DB01223,Aminophylline,6712
DB01224,Quetiapine,6713
DB01225,Enoxaparin,6714
DB01226,Mivacurium,6715
DB01227,Levacetylmethadol,6716
DB01228,Encainide,6717
DB01229,Paclitaxel,6718
DB01231,Diphenidol,6719
DB01232,Saquinavir,6720
DB01233,Metoclopramide,6721
DB01234,Dexamethasone,6722
DB01235,Levodopa,6723
DB01236,Sevoflurane,6724
DB01237,Bromodiphenhydramine,6725
DB01238,Aripiprazole,6726
DB01239,Chlorprothixene,6727
DB01240,Epoprostenol,6728
DB01241,Gemfibrozil,6729
DB01242,Clomipramine,6730
DB01244,Bepridil,6731
DB01245,Decamethonium,6732
DB01246,Alimemazine,6733
DB01247,Isocarboxazid,6734
DB01248,Docetaxel,6735
DB01250,Olsalazine,6736
DB01251,Gliquidone,6737
DB01252,Mitiglinide,6738
DB01253,Ergometrine,6739
DB01254,Dasatinib,6740
DB01255,Lisdexamfetamine,6741
DB01256,Retapamulin,6742
DB01257,Eculizumab,6743
DB01259,Lapatinib,6744
DB01260,Desonide,6745
DB01261,Sitagliptin,6746
DB01262,Decitabine,6747
DB01263,Posaconazole,6748
DB01264,Darunavir,6749
DB01267,Paliperidone,6750
DB01268,Sunitinib,6751
DB01269,Panitumumab,6752
DB01270,Ranibizumab,6753
DB01271,Idursulfase,6754
DB01272,Alglucosidase alfa,6755
DB01273,Varenicline,6756
DB01274,Arformoterol,6757
DB01275,Hydralazine,6758
DB01276,Exenatide,6759
DB01277,Mecasermin,6760
DB01278,Pramlintide,6761
DB01279,Galsulfase,6762
DB01280,Nelarabine,6763
DB01281,Abatacept,6764
DB01282,Carbetocin,6765
DB01283,Lumiracoxib,6766
DB01284,Tetracosactide,6767
DB01285,Corticotropin,6768
DB01288,Fenoterol,6769
DB01289,Glisoxepide,6770
DB01291,Pirbuterol,6771
DB01294,Bismuth subsalicylate,6772
DB01295,Bevantolol,6773
DB01296,Glucosamine,6774
DB01297,Practolol,6775
DB01303,Oxtriphylline,6776
DB01306,Insulin aspart,6777
DB01307,Insulin detemir,6778
DB01309,Insulin glulisine,6779
DB01319,Fosamprenavir,6780
DB01320,Fosphenytoin,6781
DB01323,St. John's Wort,6782
DB01324,Polythiazide,6783
DB01325,Quinethazone,6784
DB01326,Cefamandole,6785
DB01327,Cefazolin,6786
DB01328,Cefonicid,6787
DB01329,Cefoperazone,6788
DB01330,Cefotetan,6789
DB01332,Ceftizoxime,6790
DB01333,Cefradine,6791
DB01336,Metocurine,6792
DB01337,Pancuronium,6793
DB01338,Pipecuronium,6794
DB01339,Vecuronium,6795
DB01340,Cilazapril,6796
DB01341,Dihydroquinidine barbiturate,6797
DB01342,Forasartan,6798
DB01345,Potassium cation,6799
DB01346,Quinidine barbiturate,6800
DB01347,Saprisartan,6801
DB01348,Spirapril,6802
DB01349,Tasosartan,6803
DB01351,Amobarbital,6804
DB01352,Aprobarbital,6805
DB01353,Butobarbital,6806
DB01354,Heptabarbital,6807
DB01355,Hexobarbital,6808
DB01356,Lithium cation,6809
DB01357,Mestranol,6810
DB01359,Penbutolol,6811
DB01363,Ephedra sinica root,6812
DB01364,Ephedrine,6813
DB01365,Mephentermine,6814
DB01366,Procaterol,6815
DB01367,Rasagiline,6816
DB01369,Quinupristin,6817
DB01370,Aluminium,6818
DB01373,Calcium,6819
DB01375,Aluminium monostearate,6820
DB01378,Magnesium cation,6821
DB01380,Cortisone acetate,6822
DB01381,Ginkgo biloba,6823
DB01382,Glymidine,6824
DB01384,Paramethasone,6825
DB01388,Mibefradil,6826
DB01390,Sodium bicarbonate,6827
DB01392,Yohimbine,6828
DB01393,Bezafibrate,6829
DB01394,Colchicine,6830
DB01395,Drospirenone,6831
DB01396,Digitoxin,6832
DB01397,Magnesium salicylate,6833
DB01399,Salsalate,6834
DB01400,Neostigmine,6835
DB01401,Choline magnesium trisalicylate,6836
DB01403,Methotrimeprazine,6837
DB01404,Ginseng,6838
DB01405,Temafloxacin,6839
DB01406,Danazol,6840
DB01407,Clenbuterol,6841
DB01408,Bambuterol,6842
DB01409,Tiotropium,6843
DB01410,Ciclesonide,6844
DB01411,Pranlukast,6845
DB01412,Theobromine,6846
DB01413,Cefepime,6847
DB01414,Cefacetrile,6848
DB01415,Ceftibuten,6849
DB01418,Acenocoumarol,6850
DB01419,Antrafenine,6851
DB01420,Testosterone propionate,6852
DB01422,Nitroxoline,6853
DB01424,Aminophenazone,6854
DB01425,Alizapride,6855
DB01426,Ajmaline,6856
DB01427,Amrinone,6857
DB01428,Oxybenzone,6858
DB01429,Aprindine,6859
DB01430,Almitrine,6860
DB01431,Allylestrenol,6861
DB01433,Methadyl acetate,6862
DB01435,Antipyrine,6863
DB01436,Alfacalcidol,6864
DB01437,Glutethimide,6865
DB01438,Phenazopyridine,6866
DB01439,3-Methylthiofentanyl,6867
DB01440,gamma-Hydroxybutyric acid,6868
DB01442,MMDA,6869
DB01444,Dimethylthiambutene,6870
DB01445,Bufotenine,6871
DB01452,Diamorphine,6872
DB01454,Midomafetamine,6873
DB01456,5-androstenedione,6874
DB01463,Fencamfamin,6875
DB01466,Ethylmorphine,6876
DB01472,4-Methoxyamphetamine,6877
DB01481,1-Testosterone,6878
DB01482,Fenethylline,6879
DB01483,Barbital,6880
DB01488,Dimethyltryptamine,6881
DB01489,Camazepam,6882
DB01496,"Dihydro-2-thioxo-5-((5-(2-(trifluoromethyl)phenyl)-2-furanyl)methyl)-4,6(1H,5H)-pyrimidinedione",6883
DB01497,Etorphine,6884
DB01511,Delorazepam,6885
DB01520,Tenocyclidine,6886
DB01535,Carfentanil,6887
DB01536,Androstenedione,6888
DB01537,"4-Bromo-2,5-dimethoxyphenethylamine",6889
DB01541,Boldenone,6890
DB01544,Flunitrazepam,6891
DB01545,Ethyl loflazepate,6892
DB01548,Diprenorphine,6893
DB01549,Rolicyclidine,6894
DB01551,Dihydrocodeine,6895
DB01553,Cloxazolam,6896
DB01558,Bromazepam,6897
DB01559,Clotiazepam,6898
DB01561,Androstanedione,6899
DB01562,1-(2-Phenylethyl)-4-phenyl-4-acetoxypiperidine,6900
DB01564,Calusterone,6901
DB01565,Dihydromorphine,6902
DB01567,Fludiazepam,6903
DB01569,Formebolone,6904
DB01571,3-Methylfentanyl,6905
DB01576,Dextroamphetamine,6906
DB01577,Metamfetamine,6907
DB01579,Phendimetrazine,6908
DB01580,Oxprenolol,6909
DB01581,Sulfamerazine,6910
DB01582,Sulfamethazine,6911
DB01583,Liotrix,6912
DB01586,Ursodeoxycholic acid,6913
DB01587,Ketazolam,6914
DB01588,Prazepam,6915
DB01589,Quazepam,6916
DB01590,Everolimus,6917
DB01591,Solifenacin,6918
DB01592,Iron,6919
DB01593,Zinc,6920
DB01594,Cinolazepam,6921
DB01595,Nitrazepam,6922
DB01597,Cilastatin,6923
DB01598,Imipenem,6924
DB01599,Probucol,6925
DB01600,Tiaprofenic acid,6926
DB01601,Lopinavir,6927
DB01606,Tazobactam,6928
DB01608,Periciazine,6929
DB01609,Deferasirox,6930
DB01610,Valganciclovir,6931
DB01611,Hydroxychloroquine,6932
DB01612,Amyl Nitrite,6933
DB01613,Erythrityl tetranitrate,6934
DB01614,Acepromazine,6935
DB01615,Aceprometazine,6936
DB01616,Alverine,6937
DB01618,Molindone,6938
DB01619,Phenindamine,6939
DB01620,Pheniramine,6940
DB01621,Pipotiazine,6941
DB01622,Thioproperazine,6942
DB01623,Thiothixene,6943
DB01624,Zuclopenthixol,6944
DB01625,Isopropamide,6945
DB01626,Pargyline,6946
DB01628,Etoricoxib,6947
DB01629,5-fluorouridine,6948
DB01630,SC-74020,6949
DB01631,Methyl nonanoate,6950
DB01632,5-O-phosphono-alpha-D-ribofuranosyl diphosphate,6951
DB01640,"6-(4-{[2-(3-iodobenzyl)-3-oxocyclohex-1-en-1-yl]amino}phenyl)-5-methyl-4,5-dihydropyridazin-3(2H)-one",6952
DB01643,Thymidine monophosphate,6953
DB01644,"3,6-dihydroxy-xanthene-9-propionic acid",6954
DB01645,Genistein,6955
DB01646,N-Acetylmethionine,6956
DB01647,Daxalipram,6957
DB01649,7-methyl-GpppA,6958
DB01650,trans-2-hydroxycinnamic acid,6959
DB01651,"Methyl 4,6-O-[(1R)-1-carboxyethylidene]-beta-D-galactopyranoside",6960
DB01656,Roflumilast,6961
DB01662,Trans-O-Hydroxy-Alpha-Methyl Cinnamate,6962
DB01664,(S)-DES-ME-AMPA,6963
DB01665,2H-Benzimidazol-2-amine,6964
DB01666,D-Myo-Inositol-Hexasulphate,6965
DB01667,8-azaguanine,6966
DB01671,p-Hydroxymercuribenzoic acid,6967
DB01672,"2,3-Dihydroxy-Benzoic Acid",6968
DB01675,Methacrylyl-Coenzyme A,6969
DB01677,Fumaric Acid,6970
DB01678,RU84687,6971
DB01681,Benzene Hexacarboxylic Acid,6972
DB01684,1-Hydroxy-1-Thio-Glycerol,6973
DB01685,Topiroxostat,6974
DB01686,"N,N-dimethylarginine",6975
DB01689,Inhibitor Idd 384,6976
DB01692,Dithioerythritol,6977
DB01694,D-tartaric acid,6978
DB01695,N-Hydroxy-4-Phosphono-Butanamide,6979
DB01698,Rutin,6980
DB01699,(4e)-4-Aminohex-4-Enoic Acid,6981
DB01700,AICA ribonucleotide,6982
DB01704,"2,4-Dihydroxy-Trans Cinnamic Acid",6983
DB01705,Bis(5-Amidino-Benzimidazolyl)Methane,6984
DB01708,Prasterone,6985
DB01709,2-phospho-D-glyceric acid,6986
DB01710,Porphyrin Fe(III),6987
DB01711,"2,3,4,5,6-Pentafluorobenzyl Alcohol",6988
DB01712,"(3R)-4-(p-toluenesulfonyl)-1,4-thiazane-3-carboxylicacid-L-phenylalanine ethyl ester",6989
DB01717,Bis(Adenosine)-5'-Pentaphosphate,6990
DB01723,"{3-[3-(3,4-Dimethoxy-Phenyl)-1-(1-{1-[2-(3,4,5-Trimethoxy-Phenyl)-Butyryl]-Piperidin-2yl}-Vinyloxy)-Propyl]-Phenoxy}-Acetic Acid",6991
DB01725,"2-{2-hydroxy-[1,1'-biphenyl]-3-yl}-1H-1,3-benzodiazole-5-carboximidamide",6992
DB01727,Isocitric Acid,6993
DB01728,"1,2-dihexadecanoyl-sn-glycero-3-phosphoethanolamine",6994
DB01731,(S)-wiskostatin,6995
DB01733,L-Phospholactate,6996
DB01734,3-(Oxalyl-Amino)-Naphthalene-2-Carboxylic Acid,6997
DB01736,[3-(Dodecanoylamino)Propyl](Hydroxy)Dimethylammonium,6998
DB01737,"Nalpha-(2-Naphthylsulfonylglycyl)-3-Amidino-D,L-Phenylalanine-Isopropylester",6999
DB01738,Phosphorylcolamine,7000
DB01741,CRA_17693,7001
DB01742,(3r)-1-Acetyl-3-Methylpiperidine,7002
DB01744,Camphor,7003
DB01745,N-Alpha-(2-Naphthylsulfonyl)-N(3-Amidino-L-Phenylalaninyl)Isopipecolinic Acid Methyl Ester,7004
DB01746,D-Leucine,7005
DB01748,N-Benzyl-4-Sulfamoyl-Benzamide,7006
DB01750,1-naphthaleneacetic acid,7007
DB01751,Tetraiodothyroacetic acid,7008
DB01752,S-adenosyl-L-homocysteine,7009
DB01754,"3,4-Dihydroxy-1-Methylquinolin-2(1h)-One",7010
DB01756,4-phospho-L-threonic acid,7011
DB01760,2-Methoxy-3-Isopropylpyrazine,7012
DB01761,4-[5-[2-(1-phenyl-ethylamino)-pyrimidin-4-yl]-1-methyl-4-(3-trifluoromethylphenyl)-1H-imidazol-2-yl]-piperidine,7013
DB01762,Acetoacetic acid,7014
DB01763,7-thionicotinamide-adenine-dinucleotide phosphate,7015
DB01764,Dalfopristin,7016
DB01765,"(5-hydroxyindolo[1,2-a]quinazolin-7-yl)acetic acid",7017
DB01766,Beta-(2-Naphthyl)-Alanine,7018
DB01767,Hemi-Babim,7019
DB01771,CRA_10991,7020
DB01772,"3-[3-(2,3-Dihydroxy-Propylamino)-Phenyl]-4-(5-Fluoro-1-Methyl-1h-Indol-3-Yl)-Pyrrole-2,5-Dione",7021
DB01776,M-Cresol,7022
DB01777,CoA-S-trimethylene-acetyl-tryptamine,7023
DB01780,Fusicoccin,7024
DB01782,Pyrazolanthrone,7025
DB01784,4-Flourobenzenesulfonamide,7026
DB01785,Dimethylallyl Diphosphate,7027
DB01786,D-Alanine,7028
DB01790,(Rp)-cAMPS,7029
DB01791,Piclamilast,7030
DB01793,SB-409513,7031
DB01800,4-Nitrocatechol sulfate,7032
DB01805,Monoisopropylphosphorylserine,7033
DB01807,"N-[(3Z)-5-Tert-butyl-2-phenyl-1,2-dihydro-3H-pyrazol-3-ylidene]-N'-(4-chlorophenyl)urea",7034
DB01809,"1-Ter-Butyl-3-P-Tolyl-1h-Pyrazolo[3,4-D]Pyrimidin-4-Ylamine",7035
DB01810,"[1-(1-Methyl-4,5-Dioxo-Pent-2-Enylcarbamoyl)-2-Phenyl-Ethyl]-Carbamic Acid Benzyl Ester",7036
DB01811,"3h-Indole-5,6-Diol",7037
DB01812,"Adenosine 3',5'-diphosphate",7038
DB01818,O3-Sulfonylgalactose,7039
DB01819,Phosphoenolpyruvate,7040
DB01820,2-{[4-(2-Acetylamino-2-pentylcarbamoyl-ethyl)-naphthalen-1-YL]-oxalyl-amino}-benzoic acid,7041
DB01821,"L-N(omega)-Nitroarginine-2,4-L-diaminobutyric amide",7042
DB01823,Beta-D-Glucopyranose Spirohydantoin,7043
DB01826,N-Butyl Isocyanide,7044
DB01827,"2,3,5,6-Tetrafluoro-4-Methoxy-Benzamide",7045
DB01830,AP-22408,7046
DB01831,Tryptophanyl-5'amp,7047
DB01832,4-[Hydroxy-[Methyl-Phosphinoyl]]-3-Oxo-Butanoic Acid,7048
DB01833,Canavanine,7049
DB01834,"(9R,10R)-9-(S-glutathionyl)-10-hydroxy-9,10-dihydrophenanthrene",7050
DB01835,4R-Fluoro-N6-ethanimidoyl-L-lysine,7051
DB01836,"[4-(6-Chloro-Naphthalene-2-Sulfonyl)-Piperazin-1-Yl]-(3,4,5,6-Tetrahydro-2h-[1,4']Bipyridinyl-4-Yl)-Methanone",7052
DB01837,O-acetyl-L-serine,7053
DB01838,"6,4'-Dihydroxy-3-Methyl-3',5'-Dibromoflavone",7054
DB01840,2-Deoxy-D-Glucitol 6-(E)-Vinylhomophosphonate,7055
DB01842,3'-Phosphate-Adenosine-5'-Diphosphate,7056
DB01843,"(5S,7R,8S,9S,10R)-3-Amino-8,9,10-trihydroxy-7-(hydroxymethyl)-6-oxa-1,3-diazaspiro[4.5]decane-2,4-dione",7057
DB01844,"N,N-dimethylformamide",7058
DB01851,Tetrabutylammonium Ion,7059
DB01852,Kaempherol,7060
DB01854,5-Bromonicotinamide,7061
DB01858,[1-(4-Fluorobenzyl)Cyclobutyl]Methyl (1s)-1-[Oxo(1h-Pyrazol-5-Ylamino)Acetyl]Pentylcarbamate,7062
DB01860,Cordycepin Triphosphate,7063
DB01861,Uridine diphosphate glucose,7064
DB01863,"Inositol 1,3,4,5-Tetrakisphosphate",7065
DB01864,5'-Guanosine-Diphosphate-Monothiophosphate,7066
DB01866,RU79256,7067
DB01870,"1,4-dithio-alpha-D-glucopyranose",7068
DB01871,[1-(1-Benzyl-3-Hydroxy-2-Oxo-Propylcarbamoyl)-2-Phenyl-Ethyl]-Carbamic Acid Benzyl Ester,7069
DB01873,Epothilone D,7070
DB01876,Bis(5-Amidino-2-Benzimidazolyl)Methanone,7071
DB01877,"N-Hydroxy 1n(4-Methoxyphenyl)Sulfonyl-4-(Z,E-N-Methoxyimino)Pyrrolidine-2r-Carboxamide",7072
DB01878,Benzophenone,7073
DB01880,"3,4-Dihydroxycinnamic Acid",7074
DB01884,2-Amino-3-Methyl-1-Pyrrolidin-1-Yl-Butan-1-One,7075
DB01888,"4-[5-(Trans-4-Aminocyclohexylamino)-3-Isopropylpyrazolo[1,5-a]Pyrimidin-7-Ylamino]-N,N-Dimethylbenzenesulfonamide",7076
DB01889,"16,17-Androstene-3-Ol",7077
DB01890,"N,N-Bis(3-(D-gluconamido)propyl)deoxycholamide",7078
DB01892,Hyperforin,7079
DB01893,N6-Benzyl Adenosine-5'-Diphosphate,7080
DB01897,2-(2f-Benzothiazolyl)-5-Styryl-3-(4f-Phthalhydrazidyl)Tetrazolium Chloride,7081
DB01901,Sucrosofate,7082
DB01902,"1-Ethyl-Pyrrolidine-2,5-Dione",7083
DB01905,2-(2-Hydroxy-5-Methoxy-Phenyl)-1h-Benzoimidazole-5-Carboxamidine,7084
DB01908,RU85493,7085
DB01914,D-glucose,7086
DB01915,S-Hydroxycysteine,7087
DB01917,Putrescine,7088
DB01919,Pentanal,7089
DB01922,"Maltosyl-Alpha (1,4)-D-Gluconhydroximo-1,5-Lactam",7090
DB01926,Carboxymycobactin S,7091
DB01927,Duroquinone,7092
DB01929,"5-Chloryl-2,4,6-Quinazolinetriamine",7093
DB01931,"5,7-Dichlorokynurenic acid",7094
DB01933,7-Hydroxystaurosporine,7095
DB01939,5-Amidino-Benzimidazole,7096
DB01940,Balanol Analog 2,7097
DB01941,LG-100268,7098
DB01942,Formic acid,7099
DB01944,(S)-blebbistatin,7100
DB01946,Bisindolylmaleimide VIII,7101
DB01947,RU78262,7102
DB01948,"1-(2,6-Dichlorophenyl)-5-(2,4-Difluorophenyl)-7-Piperidin-4-Yl-3,4-Dihydroquinolin-2(1h)-One",7103
DB01949,"2-Amino-N,3,3-Trimethylbutanamide",7104
DB01950,AR-AO-14418,7105
DB01951,Gpi-1046,7106
DB01953,Inhibitor of P38 Kinase,7107
DB01954,Rolipram,7108
DB01955,"1,4-Butanediol",7109
DB01956,Taurine,7110
DB01958,"5-[4-Tert-Butylphenylsulfanyl]-2,4-Quinazolinediamine",7111
DB01959,"3,5-Dimethyl-1-(3-Nitrophenyl)-1h-Pyrazole-4-Carboxylic Acid Ethyl Ester",7112
DB01960,"7-methyl-7,8-dihydroguanosine-5'-diphosphate",7113
DB01961,Cytidine 3'-monophosphate,7114
DB01962,Phosphonotyrosine,7115
DB01963,Phenylethane Boronic Acid,7116
DB01964,AL5424,7117
DB01966,Di-Stearoyl-3-Sn-Phosphatidylethanolamine,7118
DB01969,Trifluoroacetonyl coenzyme A,7119
DB01970,"Hg9a-9, Nonanoyl-N-Hydroxyethylglucamide",7120
DB01972,Guanosine-5'-Monophosphate,7121
DB01973,O-Benzylsulfonyl-Serine,7122
DB01977,6-(N-Phenylcarbamyl)-2-Naphthalenecarboxamidine,7123
DB01979,Methyl alpha-D-mannoside,7124
DB01983,2(S)-Amino-6-Boronohexanoic Acid,7125
DB01988,6((S)-3-Benzylpiperazin-1-Yl)-3-(Naphthalen-2-Yl)-4-(Pyridin-4-Yl)Pyrazine,7126
DB01989,Methyl N-{[(1R)-1-({1-[(benzyloxy)carbonyl]-L-prolyl-6-ammonio-L-norleucyl}amino)-2-phenylethyl](hydroxy)phosphoryl}-L-alanyl-L-prolinate,7127
DB01990,Cholesterol sulfate,7128
DB01992,Coenzyme A,7129
DB01996,3-Methylpyridine,7130
DB01997,3-Bromo-7-Nitroindazole,7131
DB01998,"2-[3,4-Dihydroxy-2-Hydroxymethyl-5-(2-Hydroxy-Nonyl)-Tetrahydro-Furan-2-Yloxy]-6-Hydroxymethyl-Tetra Hydro-Pyran-3,4,5-Triol",7132
DB02001,"5-(4-Morpholin-4-Yl-Phenylsulfanyl)-2,4-Quinazolinediamine",7133
DB02004,"5-(Aminomethyl)-6-(2,4-Dichlorophenyl)-2-(3,5-Dimethoxyphenyl)Pyrimidin-4-Amine",7134
DB02007,alpha-D-glucose 6-phosphate,7135
DB02008,1-(2-Fluorobenzyl)-3-Butyl-8-(N-Acetyl-4-Aminobenzyl)-Xanthine,7136
DB02010,Staurosporine,7137
DB02011,N-(Phosphonoacetyl)-L-Ornithine,7138
DB02014,"5-(2-Fluoro-5-{(1E)-3-[3-hydroxy-2-(methoxycarbonyl)phenoxy]-1-propen-1-yl}phenyl)-1,2-oxazole-3-carboxylic acid",7139
DB02016,R048-8071,7140
DB02018,Amido Phenyl Pyruvic Acid,7141
DB02020,Alrestatin,7142
DB02021,Fidarestat,7143
DB02027,N-{(4S)-4-Amino-5-[(2-aminoethyl)amino]pentyl}-N'-nitroguanidine,7144
DB02028,"(1R,2R,3S,4R,6S)-3,4,6-Trihydroxy-5-{[(S)-hydroxy(3-hydroxy-2-oxopropoxy)phosphoryl]oxy}-1,2-cyclohexanediyl bis[dihydrogen (phosphate)]",7145
DB02029,N-Cyclohexyl-N'-(4-Iodophenyl)Urea,7146
DB02032,Epicaptopril,7147
DB02034,Tridolgosir,7148
DB02035,Hexadecanesulfonyl fluoride,7149
DB02039,S-Acetyl-Cysteine,7150
DB02044,N-[3-(aminomethyl)benzyl]acetamidine,7151
DB02045,Amylamine,7152
DB02046,N-[(Furan-2-Yl)Carbonyl]-(S)-Leucyl-(R)-[1-Amino-2(1h-Indol-3-Yl)Ethyl]-Phosphonic Acid,7153
DB02047,(+)-2-(4-biphenyl)propionic acid,7154
DB02048,"1,2,4-Triazole-Carboxamidine",7155
DB02049,2-{4-[4-(4-Chloro-Phenoxy)-Benzenesulfonyl]-Tetrahydro-Pyran-4-Yl}-N-Hydroxy-Acetamide,7156
DB02052,Indirubin-3'-monoxime,7157
DB02054,Gabaculine,7158
DB02056,Prostaglandin D2,7159
DB02057,(S)-AMPA,7160
DB02058,3-[4-(1-formylpiperazin-4-yl)-benzylidenyl]-2-indolinone,7161
DB02059,Adenosine-5-Diphosphoribose,7162
DB02062,"N-[3-[(1-Aminoethyl)(Hydroxy)Phosphoryl]-2-(1,1'-Biphenyl-4-Ylmethyl)Propanoyl]Alanine",7163
DB02063,CRA_16847,7164
DB02067,Triglu-5-formyl-tetrahydrofolate,7165
DB02068,Delta-Amino Valeric Acid,7166
DB02069,N-(2-Flouro-Benzyl)-4-Sulfamoyl-Benzamide,7167
DB02071,WAY-151693,7168
DB02072,"2-(Oxalyl-Amino)-4,7-Dihydro-5h-Thieno[2,3-C]Thiopyran-3-Carboxylic Acid",7169
DB02073,Biliverdine IX Alpha,7170
DB02074,Butenoic Acid,7171
DB02076,6-phospho-D-gluconic acid,7172
DB02077,L-N(omega)-nitroarginine-(4R)-amino-L-proline amide,7173
DB02078,Triglyme,7174
DB02079,Aminooxyacetic acid,7175
DB02080,"1-{2-[2-(2-Methoxyethoxy)Ethoxy]Ethoxy}-4-(1,1,3,3-Tetramethylbutyl)Benzene",7176
DB02081,Bis-Benzamidine,7177
DB02082,Phosphoaminophosphonic acid guanylate ester,7178
DB02084,CRA_17312,7179
DB02087,"3,5-Difluorobenzenesulfonamide",7180
DB02090,A Disubstituted Succinyl Caprolactam Hydroxymate Mmp3inhibitor,7181
DB02091,"4-(2,4-Dimethyl-Thiazol-5-Yl)-Pyrimidin-2-Ylamine",7182
DB02093,5-phospho-D-arabinohydroxamic acid,7183
DB02095,Isatin,7184
DB02096,FR221647,7185
DB02097,Cytidine,7186
DB02098,Adenosine-2'-5'-Diphosphate,7187
DB02101,"(S,R)-fidarestat",7188
DB02103,2-Chlorodideoxyadenosine,7189
DB02104,"2,4-Diamino-5-Methyl-6-[(3,4,5-Trimethoxy-N-Methylanilino)Methyl]Pyrido[2,3-D]Pyrimidine",7190
DB02105,"3,5-Dinitrocatechol",7191
DB02106,"[3,5-Dibromo-4-(4-Hydroxy-3-Phenethylcarbamoyl-Phenoxy)-Phenyl]-Acetic Acid",7192
DB02107,Leucine - Reduced Carbonyl,7193
DB02108,2-Aminoethanimidic Acid,7194
DB02109,Hadacidin,7195
DB02110,Protoporphyrin Ix Containing Co,7196
DB02112,Zk-806450,7197
DB02114,Cumidine,7198
DB02115,Daidzin,7199
DB02116,Olomoucine,7200
DB02118,CP-271485,7201
DB02123,Glycochenodeoxycholic Acid,7202
DB02126,4-Carboxycinnamic Acid,7203
DB02131,N-1-methylheptylformamide,7204
DB02132,Zenarestat,7205
DB02134,Xanthine,7206
DB02140,N1-(1-Dimethylcarbamoyl-2-Phenyl-Ethyl)-2-Oxo-N4-(2-Pyridin-2-Yl-Ethyl)-Succinamide,7207
DB02141,"S,S'-(1,4-Phenylene-Bis(1,2-Ethanediyl))Bis-Isothiourea",7208
DB02142,Pyridoxamine-5'-Phosphate,7209
DB02143,1-hydroxy-2-isopropylguanidine,7210
DB02144,"1,2-diacyl-sn-glycero-3-phosphoinositol",7211
DB02148,3-Amino-4-Oxybenzyl-2-Butanone,7212
DB02152,K-252a,7213
DB02153,3-sulfino-L-alanine,7214
DB02155,3-[(3-sec-butyl-4-hydroxybenzoyl)amino]azepan-4-yl 4-(2-hydroxy-5-methoxybenzoyl)benzoate,7215
DB02158,"(2S,3S,4R,5S)-2-(4-Amino-4,5-dihydro-1H-pyrrolo[3,2-d]pyrimidin-7-yl)-5-[(methylsulfanyl)methyl]-3,4-pyrrolidinediol",7216
DB02159,(R)-Propylene glycol,7217
DB02161,Hydroxy-Phenyl-Acetic Acid 8-Methyl-8-Aza-Bicyclo[3.2.1]Oct-3-Yl Ester,7218
DB02162,5'-O-(N-Ethyl-Sulfamoyl)Adenosine,7219
DB02164,N-sulfo-flavin mononucleotide,7220
DB02165,Zinc trihydroxide,7221
DB02166,Propidium,7222
DB02169,"9,10-Deepithio-9,10-Didehydroacanthifolicin",7223
DB02170,"1,8-Di-Hydroxy-4-Nitro-Xanthen-9-One",7224
DB02175,Malonic acid,7225
DB02177,1-Acetyl-4-(4-{4-[(2-Ethoxyphenyl)Thio]-3-Nitrophenyl}Pyridin-2-Yl)Piperazine,7226
DB02179,O-Trifluoromethylphenyl Anthranilic Acid,7227
DB02180,Myristoyl-Coa,7228
DB02181,2'-Deoxyguanosine-5'-Triphosphate,7229
DB02183,Adenosine-5'-ditungstate,7230
DB02185,"2,4-Dihydroxy-7-(Methyloxy)-2h-1,4-Benzoxazin-3(4h)-One",7231
DB02187,Equilin,7232
DB02189,"2',3'-Dideoxyadenosine triphosphate",7233
DB02195,"3-(4-Fluorophenyl)-1-Hydroxy-2-(Pyridin-4-Yl)-1h-Pyrrolo[3,2-B]Pyridine",7234
DB02196,Uridine-Diphosphate-N-Acetylgalactosamine,7235
DB02197,"4-[(4-Imidazo[1,2-a]Pyridin-3-Ylpyrimidin-2-Yl)Amino]Benzenesulfonamide",7236
DB02198,2-Bromoacetyl Group,7237
DB02201,Malonate Ion,7238
DB02205,(+)-Rutamarin alcohol,7239
DB02207,7-Nitroindazole,7240
DB02209,Pyridoxine phosphate,7241
DB02210,"Hexane-1,6-Diol",7242
DB02211,(R)-N-methyl-N-2-propynyl-1-indanamine,7243
DB02215,Furoyl-Leucine,7244
DB02216,S-Methylcysteine,7245
DB02217,Dpb-T,7246
DB02218,"N-[4-hydroxymethyl-cyclohexan-6-yl-1,2,3-triol]-4,6-dideoxy-4-aminoglucopyranoside",7247
DB02220,AL7089A,7248
DB02221,"4-(Aminosulfonyl)-N-[(2,4,6-Trifluorophenyl)Methyl]-Benzamide",7249
DB02222,"2,6-Diamino-(S)-9-[2-(Phosphonomethoxy)Propyl]Purine",7250
DB02226,"3,8-Diamino-6-Phenyl-5-[6-[1-[2-[(1,2,3,4-Tetrahydro-9-Acridinyl)Amino]Ethyl]-1h-1,2,3-Triazol-4-Yl]Hexyl]-Phenanthridinium",7251
DB02230,Immucillin-G,7252
DB02234,S-Ethylisothiourea,7253
DB02235,L-methionine (R)-S-oxide,7254
DB02236,Glycinamide Ribonucleotide,7255
DB02239,Laevulinic Acid,7256
DB02243,4-Morpholin-4-Yl-Piperidine-1-Carboxylic Acid [1-(3-Benzenesulfonyl-1-Propyl-Allylcarbamoyl)-2-Phenylethyl]-Amide,7257
DB02249,2-Ethoxyethanol,7258
DB02255,Ilomastat,7259
DB02258,SR11254,7260
DB02259,"3-(3,5-Dibromo-4-Hydroxy-Benzoyl)-2-Ethyl-Benzofuran-6-Sulfonic Acid (4-Sulfamoyl-Phenyl)-Amide",7261
DB02260,4-Oxosebacic Acid,7262
DB02261,Platelet Activating Factor,7263
DB02262,Orotic acid,7264
DB02263,Glyceraldehyde-3-Phosphate,7265
DB02264,O2-Sulfo-Glucuronic Acid,7266
DB02266,Flufenamic acid,7267
DB02267,Argininosuccinate,7268
DB02269,[4-({[5-Benzyloxy-1-(3-Carbamimidoyl-Benzyl)-1h-Indole-2-Carbonyl]-Amino}-Methyl)-Phenyl]-Trimethyl-Ammonium,7269
DB02271,S-(2-oxo)pentadecylcoa,7270
DB02272,Porphobilinogen,7271
DB02277,1-(5-Tert-Butyl-2-Methyl-2h-Pyrazol-3-Yl)-3-(4-Chloro-Phenyl)-Urea,7272
DB02279,Benzoylformic Acid,7273
DB02281,Formycin,7274
DB02282,5'-S-methyl-5'-thioadenosine,7275
DB02285,Protoporphyrin,7276
DB02287,2-(2-hydroxy-phenyl)-3H-benzoimidazole-5-carboxamidine,7277
DB02288,CRA-9334,7278
DB02292,Irosustat,7279
DB02296,Isoamyl alcohol,7280
DB02297,2-Amino-6-Chloropyrazine,7281
DB02299,Arginineamide,7282
DB02300,Calcipotriol,7283
DB02303,"(5S)-5-Iododihydro-2,4(1H,3H)-pyrimidinedione",7284
DB02306,Palmitoyl-Linoleoyl Phosphatidylcholine,7285
DB02308,"4-(1,3,2-Dioxaborolan-2-Yloxy)Butan-1-Aminium",7286
DB02309,5-monophosphate-9-beta-D-ribofuranosyl xanthine,7287
DB02310,"3,5,6,8-Tetramethyl-N-Methyl Phenanthrolinium",7288
DB02311,Methyl Methylsulfinylmethyl Sulfide,7289
DB02315,Cyclic GMP,7290
DB02318,2-deoxy-2-fluoro-alpha-D-mannosyl fluoride,7291
DB02320,N-beta-D-glucopyranosylacetamide,7292
DB02322,Heparin Disaccharide I-S,7293
DB02323,EM-1745,7294
DB02326,1-Hydroxyamine-2-Isobutylmalonic Acid,7295
DB02328,2-[(3-Hydroxy-2-Methyl-5-Phosphonooxymethyl-Pyridin-4-Ylmethyl)-Imino]-5-Phosphono-Pent-3-Enoic Acid,7296
DB02329,Carbenoxolone,7297
DB02335,2-Aminothiazoline,7298
DB02336,RU83876,7299
DB02337,S-(D-Carboxybutyl)-L-Homocysteine,7300
DB02338,NADPH,7301
DB02340,N-Acetyl-Serine,7302
DB02341,"Mdl 101,146",7303
DB02342,2-Methoxyestradiol,7304
DB02343,"3,6,9,12,15-Pentaoxaheptadecane",7305
DB02345,Selenocysteine,7306
DB02347,2-Amino-3-(5-Tert-Butyl-3-(Phosphonomethoxy)-4-Isoxazolyl)Propionic Acid,7307
DB02348,Monofluorophosphate ion,7308
DB02350,"N-Hydroxy-4-[(4-Methoxylphenyl)Sulfonyl]-2,2-Dimethyl-Hexahydro-1,4-Thiazepine-3(S)-Carboxamide",7309
DB02352,3-(Benzyloxy)Pyridin-2-Amine,7310
DB02353,Heparin Disaccharide Iii-S,7311
DB02354,4-{[1-Methyl-5-(2-Methyl-Benzoimidazol-1-Ylmethyl)-1h-Benzoimidazol-2-Ylmethyl]-Amino}-Benzamidine,7312
DB02358,LY374571,7313
DB02359,"9-Butyl-8-(2,5-Dimethoxy-Benzyl)-9h-Purin-6-Ylamine",7314
DB02360,Bis-Napthyl Beta-Ketophosphonic Acid,7315
DB02363,2'-Monophosphoadenosine-5'-Diphosphate,7316
DB02366,CRA_10762,7317
DB02367,(1n)-4-N-Butoxyphenylsulfonyl-(2r)-N-Hydroxycarboxamido-(4s)-Methanesulfonylamino-Pyrrolidine,7318
DB02371,"2-(2-Hydroxy-1,1-Dihydroxymethyl-Ethylamino)-Ethanesulfonic Acid",7319
DB02373,Adenosine monotungstate,7320
DB02375,Myricetin,7321
DB02376,"D-gluconhydroximo-1,5-lactam",7322
DB02377,Guanine,7323
DB02378,MMI-175,7324
DB02379,Beta-D-Glucose,7325
DB02381,nor-NOHA,7326
DB02383,Tolrestat,7327
DB02386,Leucine Phosphonic Acid,7328
DB02388,"Cyclohexyl-{4-[5-(3,4-Dichlorophenyl)-2-Piperidin-4-Yl-3-Propyl-3h-Imidazol-4-Yl]-Pyrimidin-2-Yl}Amine",7329
DB02391,"2-Amino-7-[2-(2-Hydroxy-1-Hydroxymethyl-Ethylamino)-Ethyl]-1,7-Dihydro-Purin-6-One",7330
DB02393,"D-Gluco-2,5-Anhydro-1-Deoxy-1-Phosphonohexitol-6-Phosphate",7331
DB02395,"3-Hydroxymethyl-5-Aziridinyl-1methyl-2-[1h-Indole-4,7-Dione]-Propanol",7332
DB02396,Methylethylamine,7333
DB02398,6-[N-(4-(Aminomethyl)Phenyl)Carbamyl]-2-Naphthalenecarboxamidine,7334
DB02400,ES-936,7335
DB02401,"4-Hydroxy-1,2,5-oxadiazole-3-carboxylic acid",7336
DB02402,"5-(4-Methoxyphenoxy)-2,4-Quinazolinediamine",7337
DB02404,1-Deoxy-1-Thio-Heptaethylene Glycol,7338
DB02405,12-Bromododecanoic Acid,7339
DB02407,6-O-Cyclohexylmethyl Guanine,7340
DB02417,"2,4,6-Tribromophenol",7341
DB02418,"(R,R)-2,3-Butanediol",7342
DB02419,Ethyl Oxo(Piperidin-1-Yl)Acetate,7343
DB02420,"[[4-(Aminomethyl)Phenyl]Amino]Oxo-Acetic Acid,",7344
DB02422,Methyl-2-S-(Alpha-D-Mannopyranosyl)-2-Thio-Alpha-D-Mannopyranoside,7345
DB02424,Geldanamycin,7346
DB02426,Carboxyatractyloside,7347
DB02427,"2,4-Diamino-6-[N-(2',5'-Dimethoxybenzyl)-N-Methylamino]Quinazoline",7348
DB02429,4-(Aminosulfonyl)-N-[(4-Fluorophenyl)Methyl]-Benzamide,7349
DB02431,Cytidine-5'-Triphosphate,7350
DB02432,RU90395,7351
DB02435,Aminomethylcyclohexane,7352
DB02436,{4-[(2S)-2-({[(1S)-1-Carboxy-2-phenylethyl]carbamoyl}amino)-3-oxo-3-(pentylamino)propyl]phenoxy}malonic acid,7353
DB02445,2-Deoxy-2-Amino Glucitol-6-Phosphate,7354
DB02447,"3,8,9,10-tetrahydroxy-7-hydroxymethyl-6-oxa-1,3-diaza-spiro[4.5]decane-2,4-dione",7355
DB02448,N-Tridecanoic Acid,7356
DB02449,3-(1h-Indol-3-Yl)-2-[4-(4-Phenyl-Piperidin-1-Yl)-Benzenesulfonylamino]-Propionic Acid,7357
DB02451,B-nonylglucoside,7358
DB02452,Thymidine 5'-triphosphate,7359
DB02457,Undecyl-Phosphinic Acid Butyl Ester,7360
DB02458,"S-(2,4-dinitrophenyl)glutathione",7361
DB02459,4-guanidinobenzoic acid,7362
DB02462,Thiocoumarin,7363
DB02463,2-(2-Hydroxy-Phenyl)-1h-Indole-5-Carboxamidine,7364
DB02464,Benzylamine,7365
DB02465,Methoxy arachidonyl fluorophosphonate,7366
DB02466,BMS-181156,7367
DB02467,L-methionine (S)-S-oxide,7368
DB02468,12-Phenylheme,7369
DB02471,Nojirimycine Tetrazole,7370
DB02472,"7,8-dihydroinosine",7371
DB02473,"6-[N-(1-Isopropyl-3,4-Dihydro-7-Isoquinolinyl)Carbamyl]-2-Naphthalenecarboxamidine",7372
DB02479,(R)-N-(3-Indol-1-Yl-2-Methyl-Propyl)-4-Sulfamoyl-Benzamide,7373
DB02481,N-Benzylformamide,7374
DB02482,Phosphonothreonine,7375
DB02483,Etheno-NAD,7376
DB02485,Cytidine-5'-Monophosphate-5-N-Acetylneuraminic Acid,7377
DB02486,2-Hydroxyethyl Disulfide,7378
DB02489,9-Methylguanine,7379
DB02490,(Diaminomethyl-Methyl-Amino)-Acetic Acid,7380
DB02491,4-[4-(1-Amino-1-Methylethyl)Phenyl]-5-Chloro-N-[4-(2-Morpholin-4-Ylethyl)Phenyl]Pyrimidin-2-Amine,7381
DB02492,Ghavamiol,7382
DB02494,(S)-3-phenyllactic acid,7383
DB02497,L-Alpha-Glycerophosphorylserine,7384
DB02498,Carba-nicotinamide-adenine-dinucleotide,7385
DB02499,Dinor-N(Omega)-Hydroxy-L-Arginine,7386
DB02504,[3-(1-Benzyl-3-Carbamoylmethyl-2-Methyl-1h-Indol-5-Yloxy)-Propyl-]-Phosphonic Acid,7387
DB02506,"2,6,8-Trimethyl-3-Amino-9-Benzyl-9-Methoxynonanoic Acid",7388
DB02508,Isopentyl Pyrophosphate,7389
DB02509,Farnesol,7390
DB02510,5'-O-(L-Prolylsulfamoyl)adenosine,7391
DB02512,"1,6-Fructose Diphosphate (Linear Form)",7392
DB02515,sn-glycerol 3-phosphate,7393
DB02518,N-Acetylalanine,7394
DB02519,Indirubin-5-sulphonate,7395
DB02520,Ditiocarb,7396
DB02526,CRA_10655,7397
DB02527,Cyclic adenosine monophosphate,7398
DB02528,Tetrazolyl Histidine,7399
DB02530,gamma-Aminobutyric acid,7400
DB02532,"2,4,6-Triaminoquinazoline",7401
DB02535,Aminodi(Ethyloxy)Ethylaminocarbonylbenzenesulfonamide,7402
DB02538,"N-[4-(2-Methylimidazo[1,2-a]Pyridin-3-Yl)-2-Pyrimidinyl]Acetamide",7403
DB02541,4-Hydroxybutan-1-Aminium,7404
DB02542,(4s)-5-Fluoro-L-Leucine,7405
DB02545,Fexaramine,7406
DB02546,Vorinostat,7407
DB02547,Guanosine-5'-Diphosphate-Rhamnose,7408
DB02548,D-glucitol 6-phosphate,7409
DB02550,"8-(2-Chloro-3,4,5-Trimethoxy-Benzyl)-2-Fluoro-9-Pent-4-Ylnyl-9h-Purin-6-Ylamine",7410
DB02551,"6-[N-(4-Ethyl-1,2,3,4-Tetrahydro-6-Isoquinolinyl)Carbamyl]-2-Naphthalenecarboxamidine",7411
DB02552,Geranyl Diphosphate,7412
DB02553,Glutathionylspermidine disulfide,7413
DB02555,SP4160,7414
DB02556,D-Phenylalanine,7415
DB02557,Phosphoramidon,7416
DB02558,N-(3-Phenyl-2-Sulfanylpropanoyl)Phenylalanylalanine,7417
DB02559,"6-(Octahydro-1h-Indol-1-Ylmethyl)Decahydroquinazoline-2,4-Diamine",7418
DB02562,"Quinonoid 7,8-Tetrahydrobiopterin",7419
DB02563,Hexanoyl-CoA,7420
DB02565,4-(dimethylamino)-N-[7-(hydroxyamino)-7-oxoheptyl]benzamide,7421
DB02568,Peldesine,7422
DB02569,"2',3'-Dehydro-2',3'-Deoxy-Thymidine 5'-Diphosphate",7423
DB02570,PD150606,7424
DB02573,"2'-deoxycytidine-2'-deoxyadenosine-3',5'-monophosphate",7425
DB02580,Pentaglyme,7426
DB02581,"N(2)-carbamimidoyl-N-{2-[4-(3-{4-[(5-carboxyfuran-2-yl)methoxy]-2,3-dichlorophenyl}-1-methyl-1H-pyrazol-5-yl)piperidin-1-yl]-2-oxoethyl}-D-leucinamide",7427
DB02583,"N6-(2,5-Dimethoxy-Benzyl)-N6-Methyl-Pyrido[2,3-D]Pyrimidine-2,4,6-Triamine",7428
DB02585,4-(Hydroxymethyl)Benzamidine,7429
DB02587,Colforsin,7430
DB02589,Se-Ethyl-Isoselenourea,7431
DB02594,2'-Deoxycytidine,7432
DB02596,"alpha,beta-Methyleneadenosine 5'-triphosphate",7433
DB02597,"[2(R,S)-2-Sulfanylheptanoyl]-Phe-Ala",7434
DB02598,"N-Alpha-Acetyl-3,5-Diiodotyrosylglycine",7435
DB02602,AL7182,7436
DB02603,1-Amino-6-Cyclohex-3-Enylmethyloxypurine,7437
DB02604,2-Deoxy-Glucose-6-Phosphate,7438
DB02607,Adenosine Phosphonoacetic Acid,7439
DB02610,"N-(2,3,4,5,6-Pentaflouro-Benzyl)-4-Sulfamoyl-Benzamide",7440
DB02611,Balanol Analog 1,7441
DB02613,Capric dimethyl amine oxide,7442
DB02615,Compound 19,7443
DB02616,FR117016,7444
DB02620,3-(4-{2-[2-(2-bromo-acetylamino)-ethyldisulfanyl]-ethylcarbamoyl}-cyclohexylcarbamoyl)-pyrazine-2-carboxylic acid,7445
DB02621,Latrunculin A,7446
DB02622,2-(Oxalyl-Amino)-Benzoic Acid,7447
DB02623,Aminophosphonic acid-guanylate ester,7448
DB02624,Homoserine Lactone,7449
DB02628,"1-[3,3-Dimethyl-2-(2-Methylamino-Propionylamino)-Butyryl]-Pyrrolidine-2-Carboxylic Acid(1,2,3,4-Tetrahydro-Naphthalen-1-Yl)-Amide",7450
DB02633,Cibacron Blue,7451
DB02635,N-[O-Phosphono-Pyridoxyl]-Isoleucine,7452
DB02636,"9-Hydroxy-8-Methoxy-6-Nitro-Phenanthrol[3,4-D][1,3]Dioxole-5-Carboxylic Acid",7453
DB02637,Oxaloacetate Ion,7454
DB02638,Terlipressin,7455
DB02640,Fumagillin,7456
DB02643,"N-Dodecyl-N,N-Dimethyl-3-Ammonio-1-Propanesulfonate",7457
DB02644,N-omega-propyl-L-arginine,7458
DB02646,Nitrosoethane,7459
DB02647,N-(5-Cyclopropyl-1h-Pyrazol-3-Yl)Benzamide,7460
DB02648,(3-Carboxy-2-(R)-Hydroxy-Propyl)-Trimethyl-Ammonium,7461
DB02651,"{[2-(1h-1,2,3-Benzotriazol-1-Yl)-2-(3,4-Difluorophenyl)Propane-1,3-Diyl]Bis[4,1-Phenylene(Difluoromethylene)]}Bis(Phosphonic Acid)",7462
DB02652,L-[(N-Hydroxyamino)Carbonyl]Phenylalanine,7463
DB02656,LY-294002,7464
DB02659,Cholic Acid,7465
DB02660,Filaminast,7466
DB02661,"Adenosine-5'-diphosphate-2',3'-vanadate",7467
DB02662,Novo Nordisk a/S Compound,7468
DB02665,"(1R,2S)-2-Phenylcyclopropanaminium",7469
DB02670,4-Deoxy-Alpha-D-Glucose,7470
DB02671,1-Methylimidazole,7471
DB02673,"(4aS,6R,8aS)-11-[8-(1,3-Dioxo-1,3-dihydro-2H-isoindol-2-yl)octyl]-6-hydroxy-3-methoxy-5,6,9,10-tetrahydro-4aH-[1]benzofuro[3a,3,2-ef][2]benzazepin-11-ium",7472
DB02676,"2-[3-(2-Hydroxy-1,1-Dihydroxymethyl-Ethylamino)-Propylamino]-2-Hydroxymethyl-Propane-1,3-Diol",7473
DB02678,beta-D-Galactosamine,7474
DB02679,Cyanamide,7475
DB02681,"2,8-bis[oxido(oxo)vanadio]-1,1,1,3,5,5,7,7,9,9,9-undecaoxopentavanadoxane-2,8-diium",7476
DB02684,5'-O-(L-Cysteinylsulfamoyl)adenosine,7477
DB02685,3-Methylphenylalanine,7478
DB02689,S-{2-[Amino(Dihydroxy)-Lambda~4~-Sulfanyl]Ethyl}-D-Cysteine,7479
DB02690,NU1025,7480
DB02691,Glycocholic acid,7481
DB02696,"6-Aminohexyl-uridine-C1,5'-diphosphate",7482
DB02697,Hydroxyaminovaline,7483
DB02698,"N-(M-Trifluoromethylphenyl) Phenoxazine-4,6-Dicarboxylic Acid",7484
DB02701,Nicotinamide,7485
DB02703,Fusidic acid,7486
DB02705,"6-[N-(1-Isopropyl-1,2,3,4-Tetrahydro-7-Isoquinolinyl)Carbamyl]-2-Naphthalenecarboxamidine",7487
DB02709,Resveratrol,7488
DB02710,"2,3,-Dihydroxybenzoylserine",7489
DB02712,Sorbinil,7490
DB02714,3'-Uridinemonophosphate,7491
DB02715,Compound 18,7492
DB02716,7-methyl-guanosine-5'-triphosphate,7493
DB02719,C-(1-hydrogyl-beta-D-glucopyranosyl) formamide,7494
DB02720,alpha-D-glucopyranosyl-2-carboxylic acid amide,7495
DB02721,4-Iodopyrazole,7496
DB02723,"4-Oxo-2-Phenylmethanesulfonyl-Octahydro-Pyrrolo[1,2-a]Pyrazine-6-Carboxylic Acid [1-(N-Hydroxycarbamimidoyl)-Piperidin-4-Ylmethyl]-Amide",7497
DB02726,2-Phosphoglycolic Acid,7498
DB02727,2-butyl-1-hydroxyguanidine,7499
DB02728,7-Hydroxy-2-Oxo-Chromene-3-Carboxylic Acid Ethyl Ester,7500
DB02730,4-Methylthio-Alpha-D-Mannose,7501
DB02731,Ethylmercurithiosalicylic acid,7502
DB02733,Purvalanol,7503
DB02735,2-Amino-3-Oxo-4-Sulfo-Butyric Acid,7504
DB02740,3-Indolebutyric Acid,7505
DB02741,CD564,7506
DB02742,Kifunensine,7507
DB02744,RPR131247,7508
DB02745,Uridine,7509
DB02746,Phthalic Acid,7510
DB02750,S-(Methylmercury)-L-Cysteine,7511
DB02751,Glycocyamine,7512
DB02754,"9-Butyl-8-(3,4,5-Trimethoxybenzyl)-9h-Purin-6-Amine",7513
DB02755,1-3 Sugar Ring of Pentamannosyl 6-Phosphate,7514
DB02757,Pyrazole,7515
DB02758,Indolepropionic acid,7516
DB02759,4-methyl-umbelliferyl-N-acetyl-chitobiose,7517
DB02761,S-Mercaptocysteine,7518
DB02762,RU79072,7519
DB02763,5-Mercapto-2-Nitro-Benzoic Acid,7520
DB02767,(R)-3-hydroxytetradecanoic acid,7521
DB02772,Sucrose,7522
DB02773,(3-Chloro-4-Propoxy-Phenyl)-Acetic Acid,7523
DB02774,"1,3-Propanediol",7524
DB02776,1-Hexadecanosulfonic Acid,7525
DB02778,"2,5-Anhydroglucitol-1,6-Biphosphate",7526
DB02779,Dodecyltrimethylammonium,7527
DB02783,4'-Deoxy-4'-Acetylyamino-Pyridoxal-5'-Phosphate,7528
DB02784,N-(Bromoacetyl)-beta-alanyl-N-(2-{4-[(carboxycarbonyl)amino]phenyl}ethyl)-L-serinamide,7529
DB02789,Pregnenolone,7530
DB02795,P-Anisic Acid,7531
DB02796,9-deazainosine,7532
DB02800,"5-hydroxymethyl-5,6-dihydrofolic acid",7533
DB02803,"3-Phenyl-1,2-Propandiol",7534
DB02805,Arabinouridine 3'-phosphate,7535
DB02811,Diethyl phosphonate,7536
DB02812,RWJ-56423,7537
DB02813,"2-Acetamido-2-Deoxy-D-Glucono-1,5-Lactone",7538
DB02818,Iodo-Willardiine,7539
DB02820,"1-Azepan-1-Yl-2-Phenyl-2-(4-Thioxo-1,4-Dihydro-Pyrazolo[3,4-D]Pyrimidin-5-Yl)Ethanone Adduct",7540
DB02821,Canaline,7541
DB02822,Para-Bromobenzyl Alcohol,7542
DB02824,N-Pyridoxyl-Glycine-5-Monophosphate,7543
DB02825,Methylphosphinate,7544
DB02827,"7-(1,1-Dioxo-1h-Benzo[D]Isothiazol-3-Yloxymethyl)-2-(Oxalyl-Amino)-4,7-Dihydro-5h-Thieno[2,3-C]Pyran-3-Carboxylic Acid",7545
DB02830,FR236913,7546
DB02831,Dihydrogenphosphate,7547
DB02833,[4-(2-Amino-4-Methyl-Thiazol-5-Yl)-Pyrimidin-2-Yl]-(3-Nitro-Phenyl)-Amine,7548
DB02834,IDD552,7549
DB02835,"Alpha-D-Glucose 1,6-Bisphosphate",7550
DB02837,4-(Hydrogen sulfate)-beta-D-galactopyranose,7551
DB02838,"3,4-Dihydro-2h-Pyrrolium-5-Carboxylate",7552
DB02840,"4-(1,3-Benzodioxol-5-Yl)-5-(5-Ethyl-2,4-Dihydroxyphenyl)-2h-Pyrazole-3-Carboxylic Acid",7553
DB02843,alpha-D-glucose-1-phosphate,7554
DB02845,Methylphosphinic Acid,7555
DB02846,L-thioproline,7556
DB02848,"{4-[3-(6,7-Diethoxy-Quinazolin-4-Ylamino)-Phenyl]-Thiazol-2-Yl}-Methanol",7557
DB02850,DAS869,7558
DB02852,Domoic Acid,7559
DB02853,D-Proline,7560
DB02854,Aetiocholanolone,7561
DB02855,N-(3-Propylcarbamoyloxirane-2-Carbonyl)-Isoleucyl-Proline,7562
DB02857,Guanosine,7563
DB02859,Soraphen A,7564
DB02860,Calyculin A,7565
DB02861,"4-(Aminosulfonyl)-N-[(3,4,5-Trifluorophenyl)Methyl]-Benzamide",7566
DB02866,Dansylamide,7567
DB02868,Deacetoxyvinzolidine,7568
DB02869,3-amino-5-phenylpentane,7569
DB02871,3-Butylthiolane 1-Oxide,7570
DB02872,"Cis-[4,5-Bis-(4-Bromophenyl)-2-(2-Ethoxy-4-Methoxyphenyl)-4,5-Dihydroimidazol-1-Yl]-[4-(2-Hydroxyethyl)Piperazin-1-Yl]Methanone",7571
DB02873,"1-(2,6-Dichlorophenyl)-5-(2,4-Difluorophenyl)-7-Piperazin-1-Yl-3,4-Dihydroquinazolin-2(1h)-One",7572
DB02875,CRA_1802,7573
DB02877,Arotinoid acid,7574
DB02878,3-(2-Aminoethyl)-4-(Aminomethyl)Heptanedioic Acid,7575
DB02884,3-Cyclohexyl-L-alanine,7576
DB02887,Stavudine triphosphate,7577
DB02888,FKB-001,7578
DB02889,"4-O-(4,6-Dideoxy-4-{[4,5,6-Trihydroxy-3-(Hydroxymethyl)Cyclohex-2-En-1-Yl]Amino}-Beta-D-Lyxo-Hexopyranosyl)-Alpha-D-Erythro-Hexopyranose",7579
DB02890,6-hydroxyuridine-5'-phosphate,7580
DB02893,D-Methionine,7581
DB02894,"Sulfamic Acid 2,3-O-(1-Methylethylidene)-4,5-O-Sulfonyl-Beta-Fructopyranose Ester",7582
DB02895,3-(Prop-2-Ene-1-Sulfinyl)-Propene-1-Thiol,7583
DB02898,(5R)-5-{[(2-Amino-3H-purin-6-yl)oxy]methyl}-2-pyrrolidinone,7584
DB02900,alpha-D-mannose 6-phosphate,7585
DB02901,Stanolone,7586
DB02902,3'-phospho-5'-adenylyl sulfate,7587
DB02908,RU78783,7588
DB02910,Octanoyl-Coenzyme A,7589
DB02911,"2,4-Diamino-6-Phenyl-5,6,7,8,-Tetrahydropteridine",7590
DB02915,"4-(2,4-Dimethyl-1,3-thiazol-5-yl)-N-[4-(trifluoromethyl)phenyl]-2-pyrimidinamine",7591
DB02917,N-Hydroxy-4-(Methyl{[5-(2-Pyridinyl)-2-Thienyl]Sulfonyl}Amino)Benzamide,7592
DB02918,Zardaverine,7593
DB02919,"2,4-Diamino-6-[N-(3',4',5'-Trimethoxybenzyl)-N-Methylamino]Pyrido[2,3-D]Pyrimidine",7594
DB02924,"(4R)-limonene 1α,2α-epoxide",7595
DB02925,Piretanide,7596
DB02929,K201 free base,7597
DB02930,Adenosine 5'-[gamma-thio]triphosphate,7598
DB02931,CoA-s-acetyl tryptamine,7599
DB02932,(R)-Bicalutamide,7600
DB02933,5'-Deoxy-5'-(Methylthio)-Tubercidin,7601
DB02935,Diglyme,7602
DB02936,4-(1-Benzyl-3-Carbamoylmethyl-2-Methyl-1h-Indol-5-Yloxy)-Butyric Acid,7603
DB02938,Heptanoic acid,7604
DB02942,"Inositol 1,3-Bisphosphate",7605
DB02943,N-(4-Aminobutanoyl)-S-(4-methoxybenzyl)-L-cysteinylglycine,7606
DB02950,Hymenialdisine,7607
DB02952,2-aminoisobutyric acid,7608
DB02953,2-Thiomethyl-3-Phenylpropanoic Acid,7609
DB02955,Ricinoleic Acid,7610
DB02963,"(5-Chloropyrazolo[1,5-a]Pyrimidin-7-Yl)-(4-Methanesulfonylphenyl)Amine",7611
DB02964,"8,9,10-Trihydroxy-7-hydroxymethyl-2-thioxo-6-oxa-1,3-diaza-spiro[4.5]decan-4-one",7612
DB02966,Fluoro-Willardiine,7613
DB02967,N-Ethylmaleimide,7614
DB02973,4-(5-Bromo-2-Oxo-2h-Indol-3-Ylazo)-Benzenesulfonamide,7615
DB02974,4-(4-Chlorophenyl)Imidazole,7616
DB02977,PNU177836,7617
DB02979,"N1,N14-Bis((S-Methyl)Isothioureido)Tetradecane",7618
DB02983,Para-Mercury-Benzenesulfonic Acid,7619
DB02984,"4-[3-Methylsulfanylanilino]-6,7-Dimethoxyquinazoline",7620
DB02986,"N-(2-Thienylmethyl)-2,5-Thiophenedisulfonamide",7621
DB02987,Cysteine-S-acetamide,7622
DB02988,Imino-Tryptophan,7623
DB02989,CRA_10972,7624
DB02991,S-Ethyl-N-[4-(Trifluoromethyl)Phenyl]Isothiourea,7625
DB02994,Cacodylic acid,7626
DB02996,2-(Thiomethylene)-4-Methylpentanoic Acid,7627
DB02998,Metribolone,7628
DB02999,Quisqualic acid,7629
DB03003,Glutathione sulfonic acid,7630
DB03005,"3,8-Diamino-6-Phenyl-5-[6-[1-[2-[(1,2,3,4-Tetrahydro-9-Acridinyl)Amino]Ethyl]-1h-1,2,3-Triazol-5-Yl]Hexyl]-Phenanthridinium",7631
DB03006,Arsanilic acid,7632
DB03008,5-fluoro-beta-L-gulosyl fluoride,7633
DB03009,2-{[2-Oxo-2-(1-piperidinyl)ethyl]sulfanyl}-6-(trifluoromethyl)-4(1H)-pyrimidinone,7634
DB03010,Patupilone,7635
DB03012,Phenylalanine-N-Sulfonamide,7636
DB03013,N-acetyl-beta-D-glucosaminyl-(1->4)-N-acetyl-beta-D-glucosamine,7637
DB03015,"6-hydroxy-1,6-dihydro purine nucleoside",7638
DB03016,CRA_1801,7639
DB03017,Lauric acid,7640
DB03019,"4-(2,5-Dichloro-Thiophen-3-Yl)-Pyrimidin-2-Ylamine",7641
DB03020,5-beta-D-ribofuranosylnicotinamide adenine dinucleotide,7642
DB03021,Ulapualide A,7643
DB03023,"1-Tert-Butyl-3-(4-Chloro-Phenyl)-1h-Pyrazolo[3,4-D]Pyrimidin-4-Ylamine",7644
DB03024,2-Methyl-3-(2-Aminothiazolo)Propanal,7645
DB03026,Phosphoglycolohydroxamic Acid,7646
DB03028,1h-Benoximidazole-2-Carboxylic Acid,7647
DB03032,S-octylglutathione,7648
DB03033,4-methoxybenzenesulfinate,7649
DB03035,"1,8-Di-Hydroxy-4-Nitro-Anthraquinone",7650
DB03039,"4-(Aminosulfonyl)-N-[(2,5-Difluorophenyl)Methyl]-Benzamide",7651
DB03040,Nitrilotriacetic acid,7652
DB03041,UDP-alpha-D-glucuronic acid,7653
DB03042,5-Phosphoarabinonic Acid,7654
DB03044,Doramapimod,7655
DB03046,7-Methoxy-8-[1-(Methylsulfonyl)-1h-Pyrazol-4-Yl]Naphthalene-2-Carboximidamide,7656
DB03048,6-Carboxymethyluracil,7657
DB03052,Dazoxiben,7658
DB03056,4-Piperidino-Piperidine,7659
DB03058,2-Aminobenzyl alcohol,7660
DB03059,Acetoacetyl-CoA,7661
DB03060,Sri-9662,7662
DB03061,(R)-N-(1-Methyl-Hexyl)-Formamide,7663
DB03062,(1-Methyl-1h-Imidazol-2-Yl)-(3-Methyl-4-{3-[(Pyridin-3-Ylmethyl)-Amino]-Propoxy}-Benzofuran-2-Yl)-Methanone,7664
DB03064,"3-Decyl-2,5-Dioxo-4-Hydroxy-3-Pyrroline",7665
DB03065,7-Nitroindazole-2-Carboxamidine,7666
DB03066,D-Lactic acid,7667
DB03067,"4-{2,4-Bis[(3-Nitrobenzoyl)Amino]Phenoxy}Phthalic Acid",7668
DB03070,Selenazole-4-carboxyamide-adenine dinucleotide,7669
DB03072,"2-{3-[4-(4-Fluorophenyl)-3,6-Dihydro-1(2h)-Pyridinyl]Propyl}-8-Methyl-4(3h)-Quinazolinone",7670
DB03073,3-Methoxybenzamide,7671
DB03078,PASBN,7672
DB03081,"[N-[N-(4-Methoxy-2,3,6-trimethylphenylsulfonyl)-L-aspartyl]-D-(4-amidino-phenylalanyl)]-piperidine",7673
DB03082,6-[(Z)-Amino(Imino)Methyl]-N-[4-(Aminomethyl)Phenyl]-4-(Pyrimidin-2-Ylamino)-2-Naphthamide,7674
DB03083,IC261,7675
DB03084,"Cyclopropyl-{4-[5-(3,4-Dichlorophenyl)-2-[(1-Methyl)-Piperidin]-4-Yl-3-Propyl-3h-Imidazol-4-Yl]-Pyrimidin-2-Yl}Amine",7676
DB03085,Glycolic acid,7677
DB03086,"N'-(2s,3r)-3-Amino-4-Cyclohexyl-2-Hydroxy-Butano-N-(4-Methylphenyl)Hydrazide",7678
DB03087,2-(Sec-Butyl)Thiazole,7679
DB03088,Pidolic acid,7680
DB03092,5-Hydroxymethyl-Chonduritol,7681
DB03093,"8-(2,5-Dimethoxy-Benzyl)-2-Fluoro-9h-Purin-6-Ylamine",7682
DB03095,Tetramethylammonium,7683
DB03096,2-Morpholinoethylamine,7684
DB03100,6-Nitroindazole,7685
DB03101,Ribose-1-Phosphate,7686
DB03102,"2-(Oxalyl-Amino)-4,7-Dihydro-5h-Thieno[2,3-C]Pyran-3-Carboxylic Acid",7687
DB03103,Thymidine-5'- Diphosphate,7688
DB03104,2-[4-[(Z)-2-Acetamido-3-oxo-3-[[(3S)-2-oxo-1-[(4-phenylphenyl)methyl]azepan-3-yl]amino]prop-1-enyl]-2-formylphenyl]acetic acid,7689
DB03106,scyllo-inositol,7690
DB03107,beta-Alanine,7691
DB03109,2-acetylamino-2-deoxy-b-D-allopyranose,7692
DB03110,2-Chlorophenol,7693
DB03114,PAS219,7694
DB03115,"5-Bromo-N-[(2S)-2,3-dihydroxypropoxy]-3,4-difluoro-2-[(2-fluoro-4-iodophenyl)amino]benzamide",7695
DB03120,p-Toluenesulfonic acid,7696
DB03121,(1-Benzyl-5-methoxy-2-methyl-1H-indol-3-yl)acetic acid,7697
DB03124,5-[4-(1-Carboxymethyl-2-Oxo-Propylcarbamoyl)-Benzylsulfamoyl]-2-Hydroxy-Benzoic Acid,7698
DB03125,"2,4-Diamino-5-(3,4,5-Trimethoxy-Benzyl)-Pyrimidin-1-Ium",7699
DB03126,Mant-Adp,7700
DB03127,Benzamidine,7701
DB03128,Acetylcholine,7702
DB03129,"Diamino-N-[3-(1,3,2-dioxaborolan-2-yloxy)propyl]methaniminium",7703
DB03130,S-P-Nitrobenzyloxycarbonylglutathione,7704
DB03132,3-(2-Benzothiazolylthio)-1-Propanesulfonic Acid,7705
DB03133,"2-(Beta-D-Glucopyranosyl)-5-Methyl-1,2,3-Benzimidazole",7706
DB03135,[2(Formyl-Hydroxy-Amino)-Ethyl]-Phosphonic Acid,7707
DB03136,4-Iodobenzo[B]Thiophene-2-Carboxamidine,7708
DB03137,"8-(2,5-Dimethoxy-Benzyl)-2-Fluoro-9-Pent-9h-Purin-6-Ylamine",7709
DB03144,N(5)-[(hydroxyamino)(imino)methyl]-L-ornithine,7710
DB03147,Flavin adenine dinucleotide,7711
DB03150,"2',3'-Dideoxythymidine-5'-Monophosphate",7712
DB03152,B-2-Octylglucoside,7713
DB03153,"3H-pyrazolo[4,3-d]pyrimidin-7-ol",7714
DB03154,{[7-(Difluoro-Phosphono-Methyl)-Naphthalen-2-Yl]-Difluoro-Methyl}-Phosphonic Acid,7715
DB03155,2'-fluoro-2'-deoxyuridine 3'-monophosphate,7716
DB03158,"D-Myo-Inositol-1,4-Bisphosphate",7717
DB03159,CRA_8696,7718
DB03166,Acetic acid,7719
DB03167,Pentabromophenol,7720
DB03169,(S)-Hmg-Coa,7721
DB03173,CRA_10433,7722
DB03175,Propyl alcohol,7723
DB03176,KB-141,7724
DB03179,Sinapoyl coenzyme A,7725
DB03181,"2-[4-(4-Hydroxy-3-Isopropyl-Phenoxy)-3,5-Dimethyl-Phenyl]-2h-[1,2,4]Triazine-3,5-Dione",7726
DB03182,alpha-Fluoro-carboxymethyldethia coenzyme A complex,7727
DB03183,"1-(4-Aminophenyl)-3,5-Dimethyl-1h-Pyrazole-4-Carboxylic Acid Ethyl Ester",7728
DB03185,"1-Beta-Ribofuranosyl-1,3-Diazepinone",7729
DB03186,Adenylate-3'-phosphate-[[2'-deoxy-uridine-5'-phosphate]-3'-phosphate],7730
DB03187,6-(Hydroxyethyldithio)-8-(Aminomethylthio)Octanoic Acid,7731
DB03189,Cu-Cyclam,7732
DB03191,3-Oxiran-2ylalanine,7733
DB03192,(R)-3-hydroxydecanoyl-CoA,7734
DB03193,Stearic acid,7735
DB03194,Methyl beta-L-fucopyranoside,7736
DB03195,3'-Fluoro-3'-deoxythymidine 5'-monophosphate,7737
DB03201,D-Cysteine,7738
DB03202,"2-[5-Methanesulfonylamino-2-(4-Aminophenyl)-6-Oxo-1,6-Dihydro-1-Pyrimidinyl]-N-(3,3,3-Trifluoro-1-Isopropyl-2-Oxopropyl)Acetamide",7739
DB03203,Sphingosine,7740
DB03206,Duvoglustat,7741
DB03207,"2-(Biphenyl-4-Sulfonyl)-1,2,3,4-Tetrahydro-Isoquinoline-3-Carboxylic Acid",7742
DB03213,Bis(5-Amidino-2-Benzimidazolyl)Methane Ketone,7743
DB03214,Vinylglycine,7744
DB03216,"(1'R,2'S)-9-(2-Hydroxy-3'-Keto-Cyclopenten-1-yl)Adenine",7745
DB03217,DPI59,7746
DB03218,N-acetyl-N'-beta-D-glucopyranosyl urea,7747
DB03220,FR-234938,7748
DB03221,AL7099A,7749
DB03222,dATP,7750
DB03223,Diphthamide,7751
DB03225,D-Tryptophan,7752
DB03226,Trifluoroethanol,7753
DB03227,Nicotinamide Mononucleotide,7754
DB03233,3'-deoxy-3'-aminothymidine monophosphate,7755
DB03239,"3',5'-Dinitro-N-Acetyl-L-Thyronine",7756
DB03240,"(S)-2-Amino-3-(1,3,5,7-Pentahydro-2,4-Dioxo-Cyclopenta[E]Pyrimidin-1-Yl) Proionic Acid",7757
DB03243,4-Fluorobenzylamine,7758
DB03245,S-4-Nitrobutyryl-CoA,7759
DB03247,Flavin mononucleotide,7760
DB03250,"2-(Beta-D-Glucopyranosyl)-5-Methyl-1,3,4-Benzothiazole",7761
DB03251,RWJ-51084,7762
DB03253,(2s)-Pyrrolidin-2-Ylmethylamine,7763
DB03255,Phenol,7764
DB03256,(6R)-Folinic acid,7765
DB03262,"Al-6619, [2h-Thieno[3,2-E]-1,2-Thiazine-6-Sulfonamide,2-(3-Hydroxyphenyl)-3-(4-Morpholinyl)-, 1,1-Dioxide]",7766
DB03267,1-Allyl-3-Butyl-8-(N-Acetyl-4-Aminobenzyl)-Xanthine,7767
DB03268,RU82197,7768
DB03270,"2,6-Difluorobenzenesulfonamide",7769
DB03273,3'-Oxo-Adenosine,7770
DB03276,"4-[(10s,14s,18s)-18-(2-Amino-2-Oxoethyl)-14-(1-Naphthylmethyl)-8,17,20-Trioxo-7,16,19-Triazaspiro[5.14]Icos-11-En-10-Yl]Benzylphosphonic Acid",7771
DB03277,alpha-maltotriose,7772
DB03279,Dodecyl-Alpha-D-Maltoside,7773
DB03280,p1-(5'-adenosyl)p5-(5'-thymidyl)pentaphosphate,7774
DB03283,beta-L-fucose,7775
DB03286,C-(1-Azido-Alpha-D-Glucopyranosyl) Formamide,7776
DB03292,3-Phosphono-D-alanine,7777
DB03294,"1-Methyl-3-Oxo-1,3-Dihydro-Benzo[C]Isothiazole-5-Sulfonic Acid Amide",7778
DB03297,Benzylsulfonic acid,7779
DB03298,Phenylphosphate,7780
DB03305,N(G)-Iminoethylornithine,7781
DB03306,RU78300,7782
DB03307,4-[(6-Amino-4-Pyrimidinyl)Amino]Benzenesulfonamide,7783
DB03309,N-cyclohexyltaurine,7784
DB03310,Glutathione disulfide,7785
DB03311,"3-(3,5-Dibromo-4-Hydroxy-Benzoyl)-2-Ethyl-Benzofuran-6-Sulfonic Acid [4-(Thiazol-2-Ylsulfamoyl)-Phenyl]-Amide",7786
DB03312,Brivudine,7787
DB03314,5-fluorotryptophan,7788
DB03316,"1,4-Dioxane",7789
DB03317,Ferroheme C,7790
DB03319,"(2S)-2-Ammonio-3-[5-(2-methyl-2-propanyl)-3-oxido-1,2-oxazol-4-yl]propanoate",7791
DB03323,Maltose,7792
DB03326,"Deoxycytidylyl-3',5'-guanosine",7793
DB03328,Dioxo(sulfanyl)molybdenum,7794
DB03329,2-Pyridinethiol,7795
DB03330,S-(N-hydroxy-N-iodophenylcarbamoyl)glutathione,7796
DB03331,"N-naphthalen-1-ylmethyl-2'-[3,5-dimethoxybenzamido]-2'-deoxy-adenosine",7797
DB03332,"5,6-Cyclic-Tetrahydropteridine",7798
DB03333,(4-sulfamoyl-phenyl)-thiocarbamic acid O-(2-thiophen-3-yl-ethyl) ester,7799
DB03336,BIA,7800
DB03337,1-(2-Amidinophenyl)-3-(Phenoxyphenyl)Urea,7801
DB03338,Heptyl glucoside,7802
DB03341,CoA-S-acetyl 5-bromotryptamine,7803
DB03344,"Inositol-(1,3,4,5,6)-Pentakisphosphate",7804
DB03345,Mercaptoethanol,7805
DB03346,"3,3',5,5'-tetrachlorobiphenyl-4,4'-diol",7806
DB03347,Triethyl phosphate,7807
DB03348,Huperzine B,7808
DB03349,8-Bromo-Adenosine-5'-Monophosphate,7809
DB03351,Sri-9439,7810
DB03354,"2-(Beta-D-Glucopyranosyl)-5-Methyl-1,3,4-Oxadiazole",7811
DB03359,"M-(N,N,N-Trimethylammonio)-2,2,2-Trifluoro-1,1-Dihydroxyethylbenzene",7812
DB03365,"4-[3-Hydroxyanilino]-6,7-Dimethoxyquinazoline",7813
DB03366,Imidazole,7814
DB03367,PF-00356231,7815
DB03368,"5-Methyl-5-(4-Phenoxy-Phenyl)-Pyrimidine-2,4,6-Trione",7816
DB03370,FR239087,7817
DB03372,"3-Mercapto-1-(1,3,4,9-Tetrahydro-B-Carbolin-2-Yl)-Propan-1-One",7818
DB03373,ZK-806711,7819
DB03374,"3,5-Diiodotyrosine",7820
DB03376,5'-O-(N-(Alanyl)sulfamoyl)adenosine,7821
DB03379,2-Carboxyethylphosphonic Acid,7822
DB03380,L-tyrosinamide,7823
DB03381,Hexadecanal,7824
DB03382,S-oxy-L-cysteine,7825
DB03383,CP-320626,7826
DB03384,Fica,7827
DB03385,4-Methylimidazole,7828
DB03389,alpha-D-Xylopyranose,7829
DB03390,"(2R,3R)-2,3-Dihydroxy-4-oxo-4-(propylamino)butanoic acid",7830
DB03392,"(3,4,5-Trihydroxy-6-Hydroxymethyl-Tetrahydro-Pyran-2-Yl)-Phosphoramidic Acid Dimethyl Ester",7831
DB03393,Sanglifehrin A,7832
DB03394,Heptaethylene glycol,7833
DB03395,Enalkiren,7834
DB03396,"(2R,3R,4S,5R,6E)-3,4,5-Trihydroxy-N-[(3S,6R)-6-hydroxy-2-oxo-3-azepanyl]-2-methoxy-8,8-dimethyl-6-nonenamide",7835
DB03397,Uridine-Diphosphate-N-Acetylglucosamine,7836
DB03399,Ethyl Isocyanide,7837
DB03401,"1D-myo-inositol 1,4,5-trisphosphate",7838
DB03403,Cytidine-5'-Monophosphate,7839
DB03405,N2-[(Benzyloxy)carbonyl]-N-[(3R)-1-{N-[(benzyloxy)carbonyl]-L-leucyl}-4-oxo-3-pyrrolidinyl]-L-leucinamide,7840
DB03408,gamma-Glutamylcysteine,7841
DB03413,Deoxyuridine-5'-Diphosphate,7842
DB03414,5-Thio-a/B-D-Mannopyranosylamine,7843
DB03415,3-thiaoctanoyl-CoA,7844
DB03417,"(2S,3R)-2-[[4-(Tert-butylcarbamoyl)piperazine-1-carbonyl]amino]-6-(diaminomethylideneamino)-3-formylhexanoic acid",7845
DB03419,Uracil,7846
DB03424,Ubenimex,7847
DB03425,"2s,4r-4-Methylglutamate",7848
DB03428,SU9516,7849
DB03429,Tetrastearoyl cardiolipin,7850
DB03430,(S)-4-hydroxymandelonitrile,7851
DB03434,3-(N-morpholino)propanesulfonic acid,7852
DB03435,Uridine-5'-Diphosphate,7853
DB03439,"4,6-dideoxy-4-amino-alpha-D-glucose",7854
DB03441,2-Benzyl-3-Iodopropanoic Acid,7855
DB03442,Acid yellow 54 free acid,7856
DB03443,bis(5-amidino-benzimidazolyl)methanone zinc,7857
DB03444,6-bromoindirubin-3'-oxime,7858
DB03447,Uridylyl-2'-5'-phospho-adenosine,7859
DB03448,2'-Deoxyuridine 3'-Monophosphate,7860
DB03449,N-(4-{2-[(3-chlorobenzyl)amino]ethyl}phenyl)thiophene-2-carboximidamide,7861
DB03451,Lexacalcitol,7862
DB03453,Methyl (2S)-2-[[2-[(3R)-1-carbamimidoylpiperidin-3-yl]acetyl]amino]-3-[4-(2-phenylethynyl)phenyl]propanoate,7863
DB03455,(1H-indol-3-yl)-(2-mercapto-ethoxyimino)-acetic acid,7864
DB03456,N2-[(benzyloxy)carbonyl]-n1-[(3S)-1-cyanopyrrolidin-3-yl]-l-leucinamide,7865
DB03459,Sparfosic acid,7866
DB03461,Nicotinamide adenine dinucleotide phosphate,7867
DB03466,BMS184394,7868
DB03467,Naringenin,7869
DB03468,"1,2,3,4-Tetrahydro-Isoquinoline-7-Sulfonic Acid Amide",7870
DB03471,6-phenyl-4(R)-(7-phenyl-heptanoylamino)-hexanoic acid,7871
DB03476,Trans-6-(2-Phenylcyclopropyl)-Naphthalene-2-Carboxamidine,7872
DB03477,1-Phenylsulfonamide-3-Trifluoromethyl-5-Parabromophenylpyrazole,7873
DB03478,2'-O-Acetyl Adenosine-5-Diphosphoribose,7874
DB03479,"8,9,10-trihydroxy-7-hydroxymethyl-3-methyl-6-oxa-1,3-diaza-spiro[4.5]decane-2,4-dione",7875
DB03480,Brequinar Analog,7876
DB03483,(4S)-5-[[(2S)-1-[[(2S)-1-Amino-3-[4-[difluoro(phosphono)methyl]phenyl]-1-oxopropan-2-yl]amino]-3-[4-[difluoro(phosphono)methyl]phenyl]-1-oxopropan-2-yl]amino]-4-benzamido-5-oxopentanoic acid,7877
DB03484,sn-glycero-3-phosphoethanolamine,7878
DB03485,alpha-D-Fucopyranose,7879
DB03486,Phosphomethylphosphonic acid guanosyl ester,7880
DB03487,(S)-Aspartimide,7881
DB03490,"3-Pyridin-4-Yl-2,4-Dihydro-Indeno[1,2-.C.]Pyrazole",7882
DB03491,2'-Deoxyguanosine-5'-Diphosphate,7883
DB03495,"4,6-Dideoxy-4-{[4,5,6-Trihydroxy-3-(Hydroxymethyl)Cyclohex-2-En-1-Yl]Amino}-Alpha-D-Lyxo-Hexopyranosyl-(1->4)-Alpha-D-Threo-Hexopyranosyl-(1->6)-Alpha-L-Threo-Hexopyranose",7884
DB03496,Alvocidib,7885
DB03499,D-Malic acid,7886
DB03501,Galactose-uridine-5'-diphosphate,7887
DB03504,"9-Butyl-8-(2-Chloro-3,4,5-Trimethoxy-Benzyl)-9h-Purin-6-Ylamine",7888
DB03506,9-Deazaadenine,7889
DB03507,"6-[3-(4-Morpholinyl)Propyl]-2-(3-Nitrophenyl)-5-Thioxo-5,6,-Dihydro-7h-Thienol[2',3':4,5]Pyrrolo[1,2-C]Imidazol-7-One",7890
DB03509,2-(4-Chlorophenyl)-5-Quinoxalinecarboxamide,7891
DB03510,6-O-Phosphoryl Inosine Monophosphate,7892
DB03512,"Uridine-2',3'-vanadate",7893
DB03515,Equilenin,7894
DB03516,Eniluracil,7895
DB03523,Brequinar,7896
DB03525,RU79073,7897
DB03526,AL5927,7898
DB03531,Flavin-adenine dinucleotide-N5-isobutyl ketone,7899
DB03535,Z-Pro-Prolinal,7900
DB03536,Benzyl N-[(2S)-5-(diaminomethylamino)-1-[[(2S)-4-fluoro-3-oxobutan-2-yl]amino]-1-oxopentan-2-yl]carbamate,7901
DB03539,2-(Acetylamino)-2-Deoxy-6-O-Methyl-Alpha-D-Allopyranose,7902
DB03541,"10-Propargyl-5,8-Dideazafolic Acid",7903
DB03542,L-Myo-Inositol-1-Phosphate,7904
DB03546,"N-({4-[(1R)-4-[(2R,4S,5S)-2,4-diamino-6-oxohexahydropyrimidin-5-yl]-1-(2,2,2-trifluoro-1,1-dihydroxyethyl)butyl]phenyl}carbonyl)-L-glutamic acid",7905
DB03551,"(3R,4R)-3-Hydroxy-4-(hydroxymethyl)-1-[(4-oxo-4,4a,5,7a-tetrahydro-3H-pyrrolo[3,2-d]pyrimidin-7-yl)methyl]pyrrolidinium",7906
DB03552,3-Tyrosine,7907
DB03553,Glutaric Acid,7908
DB03554,5-Iodouracil,7909
DB03555,CRA_11092,7910
DB03556,"2-(2-{2-[2-(2-{2-[2-(2-Ethoxy-Ethoxy)-Ethoxy]-Ethoxy}-Ethoxy)-Ethoxy]-Ethoxy}-Ethoxy)-Ethanol, Polyethyleneglycol Peg400",7911
DB03557,4-[[(2S)-1-[[6-[(1-Amino-1-oxo-3-sulfanylpropan-2-yl)amino]-6-oxohexyl]amino]-3-[4-[difluoro(phosphono)methyl]phenyl]-1-oxopropan-2-yl]amino]-3-[[2-[4-[difluoro(phosphono)methyl]phenyl]acetyl]amino]-4-oxobutanoic acid,7912
DB03559,Cyclohexylformamide,7913
DB03565,1-O-Octyl-2-Heptylphosphonyl-Sn-Glycero-3-Phosphoethanolamine,7914
DB03566,Spermidine,7915
DB03568,Butyric Acid,7916
DB03572,FR230513,7917
DB03573,WRR-99,7918
DB03575,Phencyclidine,7919
DB03577,Alpha-Benzyl-Aminobenzyl-Phosphonic Acid,7920
DB03581,Glucose-6-Phosphate,7921
DB03583,"(2E,3S)-3-hydroxy-5'-[(4-hydroxypiperidin-1-yl)sulfonyl]-3-methyl-1,3-dihydro-2,3'-biindol-2'(1'H)-one",7922
DB03585,Oxyphenbutazone,7923
DB03587,Pyruvaldehyde,7924
DB03588,Diphenylacetic acid,7925
DB03589,Mesoxalic acid,7926
DB03591,RU82209,7927
DB03593,7-methyl-5'-guanylic acid,7928
DB03594,"1,2,4-Triazole",7929
DB03595,CRA_9785,7930
DB03596,N-[2-(1h-Indol-5-Yl)-Butyl]-4-Sulfamoyl-Benzamide,7931
DB03597,gamma-Glutamyl[S-(2-iodobenzyl)cysteinyl]glycine,7932
DB03598,"Al-6629, [2h-Thieno[3,2-E]-1,2-Thiazine-6-Sulfonamide,2-(3-Methoxyphenyl)-3-(4-Morpholinyl)-, 1,1-Dioxide]",7933
DB03600,Capric acid,7934
DB03602,S-benzylglutathione,7935
DB03604,Tiratricol,7936
DB03606,(S)-Rolipram,7937
DB03608,Diminazene,7938
DB03609,3'-deoxyguanosine,7939
DB03611,L-2-amino-4-methoxy-cis-but-3-enoic acid,7940
DB03612,3-Hydroxybutyryl-Coenzyme A,7941
DB03614,Mecobalamin,7942
DB03615,Ribostamycin,7943
DB03616,Kabiramide C,7944
DB03619,Deoxycholic acid,7945
DB03621,"L-709,587",7946
DB03622,"5-[4-(2-Hydroxyethyl)-1-piperidinyl]-5-phenyl-2,4,6(1H,3H,5H)-pyrimidinetrione",7947
DB03623,"9-(4-Hydroxyphenyl)-2,7-Phenanthroline",7948
DB03626,"5-Methoxy-1,2-Dimethyl-3-(Phenoxymethyl)Indole-4,7-Dione",7949
DB03628,ISO24,7950
DB03632,Argifin,7951
DB03633,Lpc-Ether,7952
DB03635,Ethanesulfonic acid,7953
DB03636,Glycinamide,7954
DB03637,Guanidine-3-propanol,7955
DB03639,1-Guanidinium-7-Aminoheptane,7956
DB03642,N-[(2S)-4-Methyl-1-oxo-1-{[(4S)-3-oxo-1-(2-pyridinylsulfonyl)-4-azepanyl]amino}-2-pentanyl]-1-benzofuran-2-carboxamide,7957
DB03643,CRA_1144,7958
DB03645,Phosphonoacetohydroxamic Acid,7959
DB03650,(3e)-3-[(4-Hydroxyphenyl)Imino]-1h-Indol-2(3h)-One,7960
DB03657,1-deoxy-1-methoxycarbamido-beta-D-glucopyranose,7961
DB03660,4-Iodo-L-phenylalanine,7962
DB03661,L-cysteic acid,7963
DB03663,"1-[(2-Amino-6,9-Dihydro-1h-Purin-6-Yl)Oxy]-3-Methyl-2-Butanol",7964
DB03664,P1-(adenosine-5'-P5-(uridine-5')pentaphosphate,7965
DB03666,Zidovudine monophosphate,7966
DB03667,Acetic Acid Salicyloyl-Amino-Ester,7967
DB03670,"2-(Oxalyl-Amino)-4,5,6,7-Tetrahydro-Thieno[2,3-C]Pyridine-3-Carboxylic Acid",7968
DB03672,9-N-Phenylmethylamino-Tacrine,7969
DB03673,beta-2-Thienyl-L-alanine,7970
DB03677,N-Cyclohexyl-N'-Decylurea,7971
DB03680,Tartronate,7972
DB03682,"Dibenzofuran-4,6-Dicarboxylic Acid",7973
DB03683,2-{[Formyl(Hydroxy)Amino]Methyl}-4-Methylpentanoic Acid,7974
DB03685,Uridine monophosphate,7975
DB03686,S-(4-nitrobenzyl)glutathione,7976
DB03690,"(Z,Z)-4-Hydroxy-N,N,N-Trimethyl-10-Oxo-7-[(1-Oxo-9-Octadecenyl)Oxy]-3,5,9-Trioxa-4-Phosphaheptacos-18-En-1-Aminium-4-Oxide",7977
DB03691,WRR-112,7978
DB03693,N-(2-Aminoethyl)-5-Chloroisoquinoline-8-Sulfonamide,7979
DB03695,Piritrexim,7980
DB03696,Lanosterol,7981
DB03697,4-Sulfonamide-[1-(4-Aminobutane)]Benzamide,7982
DB03701,Vanoxerine,7983
DB03702,"N-{4-[(Carboxymethyl)carbamoyl]benzoyl}-L-valyl-N-[(3S)-1,1,1-trifluoro-4-methyl-2-oxo-3-pentanyl]-L-prolinamide",7984
DB03703,Cyclohexanol,7985
DB03704,12-Hydroxydodecanoic Acid,7986
DB03706,1-Hydroxy-2-S-glutathionyl-3-para-nitrophenoxy-propane,7987
DB03707,S-Ethyl-N-Phenyl-Isothiourea,7988
DB03708,Adenosine 5'-phosphosulfate,7989
DB03709,Bicine,7990
DB03710,[(1S)-4-(1-Aminobutylideneamino)-1-carboxybutyl]azanium,7991
DB03711,6-Hydroxy-6-Methyl-Heptan-3-One,7992
DB03712,RU85053,7993
DB03714,4-Carbamoyl-4-{[6-(Difluoro-Phosphono-Methyl)-Naphthalene-2-Carbonyl]-Amino}-Butyric Acid,7994
DB03719,N-Ethyl-5'-Carboxamido Adenosine,7995
DB03721,N-acetyl-alpha-neuraminic acid,7996
DB03722,"3,4-Dihydro-5-Methyl-Isoquinolinone",7997
DB03725,5'-Guanylylmethylenebisphosphonate,7998
DB03726,Purine Riboside-5'-Monophosphate,7999
DB03727,Coproporphyrin I,8000
DB03729,2-Amino-1H-benzimidazol-5-ol,8001
DB03731,S-2-(Boronoethyl)-L-Cysteine,8002
DB03732,Etheno-Nadp,8003
DB03736,2-Cyclopropylmethylenepropanal,8004
DB03737,"4-((3r,4s,5r)-4-Amino-3,5-Dihydroxy-Hex-1-Ynyl)-5-Fluoro-3-[1-(3-Methoxy-1h-Pyrrol-2-Yl)-Meth-(Z)-Ylidene]-1,3-Dihydro-Indol-2-One",8005
DB03738,Pantothenoylaminoethenethiol,8006
DB03740,N-acetyl-alpha-D-glucosamine,8007
DB03742,Compound 4-D,8008
DB03747,N-Acetyl-glucosamine thiazoline,8009
DB03749,"4-(1h-Imidazol-4-Yl)-3-(5-Ethyl-2,4-Dihydroxy-Phenyl)-1h-Pyrazole",8010
DB03752,P-(2'-Iodo-5'-Thenoyl)Hydrotropic Acid,8011
DB03753,Flurbiprofen Methyl Ester,8012
DB03754,Tromethamine,8013
DB03756,Doconexent,8014
DB03757,N-{[(2-Methyl-2-propanyl)oxy]carbonyl}-L-alanyl-L-alaninamide,8015
DB03758,Radicicol,8016
DB03759,FG-9041,8017
DB03760,Dihydrolipoic Acid,8018
DB03765,2'-cytidylic acid,8019
DB03766,Propanoic acid,8020
DB03767,Morpholine-4-Carboxylic Acid [1s-(2-Benzyloxy-1r-Cyano-Ethylcarbamoyl)-3-Methyl-Butyl]Amide,8021
DB03769,D-Eritadenine,8022
DB03772,"2-Hexyloxy-6-Hydroxymethyl-Tetrahydro-Pyran-3,5-Diol",8023
DB03773,alpha-D-quinovopyranose,8024
DB03777,Bisindolylmaleimide I,8025
DB03781,"2-[4-(2,4-Dichlorophenoxy)Phenoxy]Propanoic Acid",8026
DB03782,N-(1-adamantyl)-N'-(4-guanidinobenzyl)urea,8027
DB03783,Phenacetin,8028
DB03784,Elaidamide,8029
DB03788,GC-24,8030
DB03791,GW-3965,8031
DB03792,5-Aminouracil,8032
DB03793,Benzoic acid,8033
DB03796,Palmitic Acid,8034
DB03800,Deoxyuridine monophosphate,8035
DB03801,Lysine Nz-Carboxylic Acid,8036
DB03802,"1-[4-(Octahydro-Pyrido[1,2-a]Pyrazin-2-Yl)-Phenyl]-2-Phenyl-1,2,3,4-Tetrahydro-Isoquinolin-6-Ol",8037
DB03807,"1-(2-Chlorophenyl)-3,5-Dimethyl-1h-Pyrazole-4-Carboxylic Acid Ethyl Ester",8038
DB03809,9-Butyl-8-(3-Methoxybenzyl)-9h-Purin-6-Amine,8039
DB03814,2-(N-morpholino)ethanesulfonic acid,8040
DB03821,2-Amino-3-Hydroxy-3-Phosphonooxy-Propionic Acid,8041
DB03822,Ethyl dihydrogen phosphate,8042
DB03824,"7-Iodo-1,2,3,4-Tetrahydro-Isoquinoline",8043
DB03825,Rhodamine 6G,8044
DB03828,RU78299,8045
DB03832,"3-Carboxy-N,N,N-Trimethyl-2-(Octanoyloxy)Propan-1-Aminium",8046
DB03835,"N-[(5S,7R,8S,9S,10R)-8,9,10-Trihydroxy-7-(hydroxymethyl)-2,4-dioxo-6-oxa-1,3-diazaspiro[4.5]dec-3-yl]acetamide",8047
DB03837,Morpholine-4-Carboxylic Acid (1-(3-Benzenesulfonyl-1-Phenethylallylcarbamoyl)-3-Methylbutyl)-Amide,8048
DB03839,D-Tyrosine,8049
DB03841,Niraxostat,8050
DB03844,"N-(2,6-Diflouro-Benzyl)-4-Sulfamoyl-Benzamide",8051
DB03845,P1-(5'-Adenosyl)P5-(5'-(3'azido-3'-Deoxythymidyl))Pentaphosphate,8052
DB03847,gamma-carboxy-L-glutamic acid,8053
DB03848,Benzenesulfinic acid,8054
DB03849,Cilomilast,8055
DB03850,Jaspisamide A,8056
DB03851,Carbazole Butanoic Acid,8057
DB03856,L-Eflornithine,8058
DB03860,ICI-164384,8059
DB03861,"(2R,3R,4S,5R)-2-acetamido-3,4-dihydroxy-5-hydroxymethyl-piperidine",8060
DB03864,Monothioglycerol,8061
DB03865,6-Chloro-2-(2-Hydroxy-Biphenyl-3-Yl)-1h-Indole-5-Carboxamidine,8062
DB03866,Prostaglandin G2,8063
DB03867,3-nitro-L-tyrosine,8064
DB03876,"Thieno[2,3-B]Pyridine-2-Carboxamidine",8065
DB03877,AL-4623,8066
DB03878,N-[4-Methyl-3-[[4-(3-Pyridinyl)-2-Pyrimidinyl]Amino]Phenyl]-3-Pyridinecarboxamide,8067
DB03879,alpha-L-methyl-fucose,8068
DB03880,Batimastat,8069
DB03881,"(2S,3R,4S,5S)-3,4-Dihydroxy-2-[(methylsulfanyl)methyl]-5-(4-oxo-4,5-dihydro-1H-pyrrolo[3,2-d]pyrimidin-7-yl)pyrrolidinium",8070
DB03882,"5-Alpha-Androstane-3-Beta,17beta-Diol",8071
DB03884,Phenylpyruvic acid,8072
DB03886,Biopterin,8073
DB03889,S-(N-hydroxy-N-bromophenylcarbamoyl)glutathione,8074
DB03890,N-[2-(1-Formyl-2-Methyl-Propyl)-1-(4-Piperidin-1-Yl-but-2-Enoyl)-Pyrrolidin-3-Yl]-Methanesulfonamide,8075
DB03891,"Dibenzyl (carbonylbis{2,1-hydrazinediyl[(2S)-4-methyl-1-oxo-1,2-pentanediyl]})biscarbamate",8076
DB03892,5-N-Allyl-arginine,8077
DB03893,Thionicotinamide-Adenine-Dinucleotide,8078
DB03894,N-Propargyl-1(S)-Aminoindan,8079
DB03896,Triphosphoric acid,8080
DB03899,9-Butyl-8-(4-Methoxybenzyl)-9h-Purin-6-Amine,8081
DB03900,tert-butanol,8082
DB03902,Oxalic Acid,8083
DB03903,Tmr,8084
DB03904,Urea,8085
DB03906,2-Phenylheme,8086
DB03907,"N-[(E)-3-[(2R,3S,4R,5R)-5-(6-Aminopurin-9-yl)-3,4-dihydroxyoxolan-2-yl]prop-2-enyl]-2,3-dihydroxy-5-nitrobenzamide",8087
DB03909,"Adenosine-5'-[Beta, Gamma-Methylene]Triphosphate",8088
DB03910,"S,S'-(1,3-Phenylene-Bis(1,2-Ethanediyl))Bis-Isothiourea",8089
DB03917,N-Ethylretinamide,8090
DB03918,"6S-5,6,7,8-Tetrahydrobiopterin",8091
DB03921,4-(3-Pyridin-2-Yl-1h-Pyrazol-4-Yl)Quinoline,8092
DB03923,Feruloyl Coenzyme A,8093
DB03924,"5,8-Di-Amino-1,4-Dihydroxy-Anthraquinone",8094
DB03925,Freselestat,8095
DB03926,"5alpha-androstane-3beta,17alpha-diol",8096
DB03928,"Carboxymethylthio-3-(3-Chlorophenyl)-1,2,4-Oxadiazol",8097
DB03929,D-Serine,8098
DB03932,LFA703,8099
DB03934,Protoporphyrin Ix Containing Zn,8100
DB03935,"1,4-Dideoxy-O2-Sulfo-Glucuronic Acid",8101
DB03937,D-erythrose 4-phosphate,8102
DB03940,Oxamic Acid,8103
DB03944,"5-[1-(3,4-Dimethoxy-Benzoyl)-1,2,3,4-Tetrahydro-Quinolin-6-Yl]-6-Methyl-3,6-Dihydro-[1,3,4]Thiadiazin-2-One",8104
DB03945,"N,N,N-Trimethyl-2-(phosphonooxy)ethanaminium",8105
DB03948,"6-Chloropurine Riboside, 5'-Monophosphate",8106
DB03950,(S)-N-(3-Indol-1-Yl-2-Methyl-Propyl)-4-Sulfamoyl-Benzamide,8107
DB03951,N-acetyl-D-glucosamine-6-phosphate,8108
DB03953,Thiocitrulline,8109
DB03955,1-deoxymannojirimycin,8110
DB03956,"Inositol 2,4,5-trisphosphate",8111
DB03957,SP2456,8112
DB03958,7-methyl-guanosine-5'-triphosphate-5'-guanosine,8113
DB03959,"N,O6-Disulfo-Glucosamine",8114
DB03962,Nicotinamide 8-bromo-adenine dinucleotide phosphate,8115
DB03963,S-(Dimethylarsenic)Cysteine,8116
DB03964,4-Hydroxy-Aconitate Ion,8117
DB03967,Dodecyl sulfate,8118
DB03968,"1-Methyl-2-Oxy-5,5-Dimethyl Pyrrolidine",8119
DB03971,Acarbose Derived Hexasaccharide,8120
DB03974,L-homoarginine,8121
DB03975,Mercuribenzoic Acid,8122
DB03976,Phosphorylisopropane,8123
DB03977,Trimethyllysine,8124
DB03978,Tyrosinal,8125
DB03980,4-(Fluorophenyl)-1-Cyclopropylmethyl-5-(2-Amino-4-Pyrimidinyl)Imidazole,8126
DB03981,"1,4-Dideoxy-5-Dehydro-O2-Sulfo-Glucuronic Acid",8127
DB03982,"Compound 5, 2-(Naphthalen-1-Yl-Oxalyl-Amino)-Benzoicacid",8128
DB03983,"{[2-Amino-4-oxo-6,7-di(sulfanyl-κS)-3,5,5a,8,9a,10-hexahydro-4H-pyrano[3,2-g]pteridin-8-yl]methyl dihydrogenato(2-) phosphate}(dioxo)sulfanylmolybdenum",8129
DB03984,Morpholine-4-Carboxylic Acid [1-(2-Benzylsulfanyl-1-Formyl-Ethylcarbamoyl)-2-Phenyl-Ethyl]-Amide,8130
DB03987,"2,4-Diamino-6-[N-(3',5'-Dimethoxybenzyl)-N-Methylamino]Pyrido[2,3-D]Pyrimidine",8131
DB03988,"2,6-Diamino-Hexanoic Acid Amide",8132
DB03991,"2-deoxy-2,3-dehydro-N-acetylneuraminic acid",8133
DB03994,Ethanolamine,8134
DB03996,"3-[(5s)-1-Acetyl-3-(2-Chlorophenyl)-4,5-Dihydro-1h-Pyrazol-5-Yl]Phenol",8135
DB04000,Bromo-Willardiine,8136
DB04001,6-(Oxalyl-Amino)-1h-Indole-5-Carboxylic Acid,8137
DB04002,4-Sulfonamide-[4-(Thiomethylaminobutane)]Benzamide,8138
DB04003,{4-[(2S)-2-Acetamido-3-({(1S)-1-[3-carbamoyl-4-(cyclohexylmethoxy)phenyl]ethyl}amino)-3-oxopropyl]-2-phosphonophenoxy}acetic acid,8139
DB04005,Uridine 5'-triphosphate,8140
DB04006,"[2-Amino-6-(2,6-Difluoro-Benzoyl)-Imidazo[1,2-a]Pyridin-3-Yl]-Phenyl-Methanone",8141
DB04008,Zinc;[amino-[2-[[5-[amino(azaniumylidene)methyl]benzimidazol-1-id-2-yl]methyl]benzimidazol-1-id-5-yl]methylidene]azanium,8142
DB04009,Dimethyl Propionate Ester Heme,8143
DB04010,2-(3'-Methoxyphenyl) Benzimidazole-4-Carboxamide,8144
DB04012,"(3r)-4-(P-Toluenesulfonyl)-1,4-Thiazane-3-Carboxylicacid-L-Leucine",8145
DB04013,1-Deoxy-1-methoxycarbamido-beta-D-gluco-2-heptulopyranosonamide,8146
DB04014,Alsterpaullone,8147
DB04016,2-[3-({Methyl[1-(2-Naphthoyl)Piperidin-4-Yl]Amino}Carbonyl)-2-Naphthyl]-1-(1-Naphthyl)-2-Oxoethylphosphonic Acid,8148
DB04017,Clorgiline,8149
DB04018,S-Isopropyl-Isothiourea,8150
DB04020,"4-(2-{[4-{[3-(4-Chlorophenyl)Propyl]Sulfanyl}-6-(1-Piperazinyl)-1,3,5-Triazin-2-Yl]Amino}Ethyl)Phenol",8151
DB04021,MF268,8152
DB04027,D-arginine,8153
DB04036,Coenzyme A persulfide,8154
DB04043,Carboxymycobactin T,8155
DB04044,4-{2-[(3-Nitrobenzoyl)Amino]Phenoxy}Phthalic Acid,8156
DB04048,N-Carbamoyl-Alanine,8157
DB04050,N-Propyl Isocyanide,8158
DB04054,"9-Butyl-8-(2,5-Dimethoxy-Benzyl)-2-Fluoro-9h-Purin-6-Ylamine",8159
DB04055,"2,3-Dicarboxy-4-(2-Chloro-Phenyl)-1-Ethyl-5-Isopropoxycarbonyl-6-Methyl-Pyridinium",8160
DB04057,"N-[4-([(2-Amino-4-oxo-1,4-dihydropyrido[3,2-d]pyrimidin-6-yl)methyl]{(2E)-3-[4-carbamoyl-1-(5-O-phosphono-beta-D-ribofuranosyl)-1H-imidazol-5-yl]-2-propenoyl}amino)benzoyl]-L-glutamic acid",8161
DB04058,N-Carbamoylphenylalanine,8162
DB04059,8-(Pyrimidin-2-Ylamino)Naphthalene-2-Carboximidamide,8163
DB04065,N-Cyclopentyl-N-Cyclobutylformamide,8164
DB04066,p-Coumaric acid,8165
DB04068,"2',3'-dideoxy-3'-fluoro-urididine-5'-diphosphate",8166
DB04069,"5,6-Dihydro-Benzo[H]Cinnolin-3-Ylamine",8167
DB04070,6-Deoxyerythronolide B,8168
DB04071,Cpad,8169
DB04072,Alpha-Methylisocitric Acid,8170
DB04074,alpha-Ketoisovalerate,8171
DB04076,Hypoxanthine,8172
DB04079,"Heptane-1,2,3-Triol",8173
DB04080,RU78191,8174
DB04081,"(4s-Trans)-4-(Methylamino)-5,6-Dihydro-6-Methyl-4h-Thieno(2,3-B)Thiopyran-2-Sulfonamide-7,7-Dioxide",8175
DB04083,N(6)-(pyridoxal phosphate)-L-lysine,8176
DB04088,2-[{4-[(2S)-2-{[(Allyloxy)carbonyl]amino}-3-({4-[3-hydroxy-2-(methoxycarbonyl)phenoxy]butyl}amino)-3-oxopropyl]phenyl}(carboxycarbonyl)amino]benzoic acid,8177
DB04089,AL5300,8178
DB04090,RH-1,8179
DB04094,4-hydroxybutan-2-one,8180
DB04098,Balanol,8181
DB04099,Deamido-Nad+,8182
DB04100,"(1,10 Phenanthroline)-(Tri-Carbon Monoxide) Rhenium (I)",8183
DB04101,"N'-[4-(2,4-Dimethyl-1,3-thiazol-5-yl)-2-pyrimidinyl]-N-hydroxyimidoformamide",8184
DB04105,N-Heptylformamide,8185
DB04106,Fotemustine,8186
DB04107,[(1-{2[(4-Carbamimidoyl-Phenylamino)-Methyl]-1-Methyl-1h-Benzoimidazol-5-Yl}-Cyclopropyl)-Pyridin-2-Yl-Methyleneaminooxy]-Acetic Acid Ethyl Ester,8187
DB04108,"(2s,3r)-3-Amino-2-Hydroxy-5-(Ethylsulfanyl)Pentanoyl-((S)-(-)-(1-Naphthyl)Ethyl)Amide",8188
DB04109,"[4-(1,3,2-Dioxaborolan-2-Yloxy)Methyl]Benzamidine",8189
DB04112,(2R)-2-Acetamido-3-(octadecyloxy)propyl 2-(methylsulfanyl)ethyl hydrogen phosphate,8190
DB04113,N-Formylpiperidine,8191
DB04114,"3-Chloro-9-Ethyl-6,7,8,9,10,11-Hexahydro-7,11-Methanocycloocta[B]Quinolin-12-Amine",8192
DB04115,Berberine,8193
DB04117,"4-(N,N-Dimethylamino)cinnamoyl-CoA",8194
DB04119,Hexatantalum Dodecabromide,8195
DB04121,Guanosine-3'-monophosphate-5'-diphosphate,8196
DB04125,N-Alpha-(2-Naphthylsulfonyl)-N(3-Amidino-L-Phenylalaninyl)-4-Acetyl-Piperazine,8197
DB04126,N-[1-Hydroxycarboxyethyl-Carbonyl]Leucylamino-2-Methyl-Butane,8198
DB04129,Willardiine,8199
DB04132,S-Hexylglutathione,8200
DB04133,Degraded Cephaloridine,8201
DB04136,Lysophosphotidylserine,8202
DB04137,Guanosine-5'-Triphosphate,8203
DB04140,1-Benzyl-3-(4-Methoxy-Benzenesulfonyl)-6-Oxo-Hexahydro-Pyrimidine-4-Carboxylic Acid Hydroxyamide,8204
DB04141,"2-Hexyloxy-6-Hydroxymethyl-Tetrahydro-Pyran-3,4,5-Triol",8205
DB04142,"3-(3,5-Dibromo-4-Hydroxy-Benzoyl)-2-Ethyl-Benzofuran-6-Sulfonic Acid Dimethylamide",8206
DB04144,"Cis-[4,5-Bis-(4-Chlorophenyl)-2-(2-Isopropoxy-4-Methoxyphenyl)-4,5-Dihyd Roimidazol-1-Yl]-Piperazin-1-Yl-Methanone",8207
DB04147,Dodecyldimethylamine N-oxide,8208
DB04149,(R)-Rolipram,8209
DB04150,"N-alpha-Acetyl-3,5-diiodotyrosyl-D-threonine",8210
DB04151,1-Methylhistidine,8211
DB04152,"2-Amino-3-(3-Hydroxy-7,8-Dihydro-6h-Cyclohepta[D]-4-Isoxazolyl)Propionic Acid",8212
DB04153,S-Hydroxymethyl Glutathione,8213
DB04156,Aspartate Beryllium Trifluoride,8214
DB04163,"5-Phenylsulfanyl-2,4-Quinazolinediamine",8215
DB04166,Anthranilic acid,8216
DB04172,"[2,4,6-Triisopropyl-Phenylsulfonyl-L-[3-Amidino-Phenylalanine]]-Piperazine-N'-Beta-Alanine",8217
DB04175,Mdl-29951,8218
DB04178,Di-Stearoyl-3-Sn-Phosphatidylcholine,8219
DB04180,"4-(Aminosulfonyl)-N-[(2,4-Difluorophenyl)Methyl]-Benzamide",8220
DB04185,Norvaline,8221
DB04186,"N'-(Pyrrolidino[2,1-B]Isoindolin-4-On-8-Yl)-N-(Pyridin-2-Yl)Urea",8222
DB04187,"(9S,10S)-9-(S-glutathionyl)-10-hydroxy-9,10-dihydrophenanthrene",8223
DB04188,MDL72527,8224
DB04194,Triacetylchitotriose,8225
DB04195,Heptulose-2-Phosphate,8226
DB04197,Descarboxy-nor-N(Omega)-Hydroxy-L-Arginine,8227
DB04200,Matairesinol,8228
DB04203,3-Mercuri-4-Aminobenzenesulfonamide,8229
DB04204,[(4-{4-[4-(Difluoro-Phosphono-Methyl)-Phenyl]-Butyl}-Phenyl)-Difluoro-Methyl]-Phosphonic Acid,8230
DB04207,L-Saccharopine,8231
DB04209,Dequalinium,8232
DB04213,N-Cyclohexyl-N'-(Propyl)Phenyl Urea,8233
DB04214,4-Nitrophenyl Phosphate,8234
DB04215,CRA_9076,8235
DB04216,Quercetin,8236
DB04217,L-2-amino-3-butynoic acid,8237
DB04218,1-Deaza-Adenosine,8238
DB04223,Nitroarginine,8239
DB04224,Oleic Acid,8240
DB04230,Nitromethyldethia coenzyme A,8241
DB04232,N-Hydroxy-1-(4-Methoxyphenyl)Sulfonyl-4-Benzyloxycarbonyl-Piperazine-2-Carboxamide,8242
DB04233,(Hydroxyethyloxy)Tri(Ethyloxy)Octane,8243
DB04234,N2-({[(4-Bromophenyl)Methyl]Oxy}Carbonyl)-N1-[(1s)-1-Formylpentyl]-L-Leucinamide,8244
DB04235,4-Amino Hexanoic Acid,8245
DB04237,Tris(Hydroxyethyl)Aminomethane,8246
DB04238,N-Alpha-(2-Naphthylsulfonyl)-N-(3-Amidino-L-Phenylalaninyl)-D-Pipecolinic Acid,8247
DB04244,(2R)-2-(3-Biphenylyl)-N-{(2R)-2-hydroxy-3-[(2-pyridinylsulfonyl)amino]propyl}-4-methylpentanamide,8248
DB04246,CRA_23653,8249
DB04249,Zinc Substituted Heme C,8250
DB04250,Butyrylthiocholine,8251
DB04253,Tretazicar,8252
DB04254,"8-Benzo[1,3]Dioxol-,5-Ylmethyl-9-Butyl-2-Fluoro-9h-Purin-6-Ylamine",8253
DB04256,(S)-alpha-methyl-4-carboxyphenylglycine,8254
DB04258,Seocalcitol,8255
DB04260,"9-(5,5-Difluoro-5-Phosphonopentyl)Guanine",8256
DB04263,Geneticin,8257
DB04268,Methylumbelliferyl chitotriose,8258
DB04269,Cyclotheonamide A,8259
DB04270,(S)-3-(4-(2-Carbazol-9-Yl-Ethoxy)-Phenyl)-2-Ethoxy-Propionic Acid,8260
DB04271,"3,5-Dimethyl-1h-Pyrazole-4-Carboxylic Acid Ethyl Ester",8261
DB04272,Citric acid,8262
DB04273,"8,9-Dichloro-2,3,4,5-Tetrahydro-1h-Benzo[C]Azepine",8263
DB04275,N-acetylserotonin,8264
DB04276,4-[[(2S)-2-[[(2S)-3-Carboxy-2-hydroxypropanoyl]amino]-4-methylpentanoyl]amino]butyl-(diaminomethylidene)azanium,8265
DB04278,2-[2-(2-Cyclohexyl-2-guanidino-acetylamino)-acetylamino]-N-(3-mercapto-propyl)-propionamide,8266
DB04281,"2-[4-(4-Chlorophenyl)Cyclohexylidene]-3,4-Dihydroxy-1(2h)-Naphthalenone",8267
DB04282,2-deoxy-2-fluoro-α-D-glucose,8268
DB04285,"{4-[(2s,4e)-2-(1,3-Benzothiazol-2-Yl)-2-(1h-1,2,3-Benzotriazol-1-Yl)-5-Phenylpent-4-Enyl]Phenyl}(Difluoro)Methylphosphonic Acid",8269
DB04287,KH064,8270
DB04288,2-[Trans-(4-Aminocyclohexyl)Amino]-6-(Benzyl-Amino)-9-Cyclopentylpurine,8271
DB04295,N-(Benzoylcarbamoyl)-beta-D-glucopyranosylamine,8272
DB04297,Trichostatin A,8273
DB04299,Maleic Acid,8274
DB04301,Bis(5-Amidino-2-Benzimidazolyl)Methane Ketone Hydrate,8275
DB04306,"5-[(4-Methylphenyl)Sulfanyl]-2,4-Quinazolinediamine",8276
DB04307,5-Hydroxy-N-Propargyl-1(R)-Aminoindan,8277
DB04310,2-[(Formyl-Hydroxy-Amino)-Methyl]-Heptanoic Acid [1-(2-Hydroxymethyl-Pyrrolidine-1-Carbonyl)-2-Methyl-Propyl]-Amide,8278
DB04311,4-Phenylbutylamine,8279
DB04312,"2,3-Difluorobenzyl Alcohol",8280
DB04315,Guanosine-5'-Diphosphate,8281
DB04316,D-[(N-Hydroxyamino)Carbonyl]Phenylalanine,8282
DB04318,Nα-[(2S)-2-{[(S)-[(1S)-1-{[(Benzyloxy)carbonyl]amino}-2-phenylethyl](hydroxy)phosphoryl]methyl}-5-phenylpentanoyl]-L-tryptophanamide,8283
DB04322,LY249543,8284
DB04324,Ovalicin,8285
DB04325,Phenethylamine,8286
DB04326,Dihydroxyacetone phosphate,8287
DB04327,Phosphatidylethanolamine,8288
DB04331,Monastrol,8289
DB04334,6-hydroxydopa quinone,8290
DB04335,Inosine,8291
DB04336,1-(4-Amidinophenyl)-3-(4-Chlorophenyl)Urea,8292
DB04337,Isocyanomethane,8293
DB04338,SB220025,8294
DB04339,Carbocisteine,8295
DB04343,Glyoxylic acid,8296
DB04345,Lumichrome,8297
DB04348,Taurocholic acid,8298
DB04350,Argadin,8299
DB04351,Aconitate Ion,8300
DB04352,beta-D-Ribose-5-phosphate,8301
DB04356,9-Deazaguanine,8302
DB04363,Mesobiliverdin IV alpha,8303
DB04365,Arecoline,8304
DB04366,3'-Deoxy 3'-Amino Adenosine-5'-Diphosphate,8305
DB04367,Debromohymenialdisine,8306
DB04368,Bb-3497,8307
DB04369,"1,3,2-Dioxaborolan-2-Ol",8308
DB04371,AL6528,8309
DB04372,L-Dilinoleoyllecithin,8310
DB04374,"4-Carboxy-5-(1-Pentyl)Hexylsulfanyl-1,2,3-Triazole",8311
DB04376,13-Acetylphorbol,8312
DB04377,Meglutol,8313
DB04379,N-Methyl-N-(Methylbenzyl)Formamide,8314
DB04381,Crotonaldehyde,8315
DB04387,1-Hydroxy-2-Amino-3-Cyclohexylpropane,8316
DB04389,Ado-P-Ch2-P-Ps-Ado,8317
DB04391,Aeruginosin 98-B,8318
DB04392,"Bishydroxy[2h-1-Benzopyran-2-One,1,2-Benzopyrone]",8319
DB04394,3-Nitro-4-(2-Oxo-Pyrrolidin-1-Yl)-Benzenesulfonamide,8320
DB04395,Phosphoaminophosphonic Acid-Adenylate Ester,8321
DB04396,Thiodigalactoside,8322
DB04397,Alpha-D-Glucose-1-Phosphate-6-Vanadate,8323
DB04398,Lactic acid,8324
DB04400,"L-erythro-7,8-dihydrobiopterin",8325
DB04404,Allosamizoline,8326
DB04405,"2-[2-(1,3-Dioxo-1,3-Dihydro-2h-Isoindol-2-Yl)Ethyl]-4-(4'-Ethoxy-1,1'-Biphenyl-4-Yl)-4-Oxobutanoic Acid",8327
DB04407,4-[4-(4-Methyl-2-Methylamino-Thiazol-5-Yl)-Pyrimidin-2-Ylamino]-Phenol,8328
DB04409,Naphthalene Trisulfonate,8329
DB04410,3-Phenylpropylamine,8330
DB04416,"R-2-{[4'-Methoxy-(1,1'-Biphenyl)-4-Yl]-Sulfonyl}-Amino-6-Methoxy-Hex-4-Ynoic Acid",8331
DB04417,P-Nitrophenol,8332
DB04418,Adenylosuccinic acid,8333
DB04419,D-norleucine,8334
DB04424,RPR128515,8335
DB04426,Alpha-Methyl-N-Acetyl-D-Glucosamine,8336
DB04429,4'-Hydroxyflavanone,8337
DB04432,ZK-805623,8338
DB04434,Naphthyridine Inhibitor,8339
DB04436,3-Fluoro-L-tyrosine,8340
DB04437,"Cysteine-Methylene-Carbamoyl-1,10-Phenanthroline",8341
DB04440,Nebularine,8342
DB04442,"Imino[2-(2-oxo-1,2-dihydro-3-pyridinyl)-1H-benzimidazol-5-yl]methanaminium",8343
DB04444,Tetrafluoroaluminate Ion,8344
DB04445,Mercuric iodide,8345
DB04446,Benzo[B]Thiophene-2-Carboxamidine,8346
DB04447,"1,4-Dithiothreitol",8347
DB04448,"2,4-Difluorobenzyl Alcohol 2,4-Difluoro-1-(Hydroxymethyl)Benzene",8348
DB04450,Heptyl 1-Thiohexopyranoside,8349
DB04451,4-Methylpiperazin-1-Yl Carbonyl Group,8350
DB04453,"4-O-(4,6-Dideoxy-4-{[4-[(4-O-Hexopyranosylhexopyranosyl)Oxy]-5,6-Dihydroxy-3-(Hydroxymethyl)Cyclohex-2-En-1-Yl]Amino}Hexopyranosyl)Hexopyranose",8351
DB04454,Alpha-Aminobutyric Acid,8352
DB04459,"3,4-Dichloroisocoumarin",8353
DB04461,Coproporphyrinogen III,8354
DB04462,Tetrabromo-2-Benzotriazole,8355
DB04463,"3-(4-Amino-1-Tert-Butyl-1h-Pyrazolo[3,4-D]Pyrimidin-3-Yl)Phenol",8356
DB04464,N-Formylmethionine,8357
DB04465,Lactose,8358
DB04466,SR12813,8359
DB04468,Afimoxifene,8360
DB04469,"1-(4-Methoxyphenyl)-3,5-Dimethyl-1h-Pyrazole-4-Carboxylic Acid Ethyl Ester",8361
DB04470,CRA_10656,8362
DB04471,"2-Phenyl-1-[4-(2-Piperidin-1-Yl-Ethoxy)-Phenyl]-1,2,3,4-Tetrahydro-Isoquinolin-6-Ol",8363
DB04472,(R)-1-Para-Nitro-Phenyl-2-Azido-Ethanol,8364
DB04473,alpha-L-fucose,8365
DB04474,8-anilinonaphthalene-1-sulfonic acid,8366
DB04476,"Trencam-3,2-Hopo",8367
DB04477,"2'-Deoxy-2'-[(3,5-dimethoxybenzoyl)amino]-N-[(1R)-1,2,3,4-tetrahydro-1-naphthalenyl]adenosine",8368
DB04478,"Cp-166572, 2-Hydroxymethyl-4-(4-N,N-Dimethylaminosulfonyl-1-Piperazino)-Pyrimidine",8369
DB04480,"3-(4-Fluorophenyl)-2-(6-Methylpyridin-2-Yl)-5,6-Dihydro-4h-Pyrrolo[1,2-B]Pyrazole",8370
DB04485,Thymidine,8371
DB04487,N-Methylleucine,8372
DB04489,Guanidinoethylmercaptosuccinic acid,8373
DB04491,Diisopropylphosphono Group,8374
DB04493,Fructose-6-phosphate,8375
DB04495,Paratoulene phosphate,8376
DB04505,"8-(2-Chloro-3,4,5-Trimethoxy-Benzyl)-9-Pent-4-Ylnyl-9h-Purin-6-Ylamine",8377
DB04510,3-phospho-D-glyceric acid,8378
DB04512,2-Isobutyl-3-methoxypyrazine,8379
DB04513,N-(6-Aminohexyl)-5-Chloro-1-Naphthalenesulfonamide,8380
DB04514,Uridylyl-2'-5'-phospho-guanosine,8381
DB04516,2-Deoxy-Glucitol-6-Phosphate,8382
DB04518,"3-[4-(2,4-Dimethyl-Thiazol-5-Yl)-Pyrimidin-2-Ylamino]-Phenol",8383
DB04519,Caprylic acid,8384
DB04521,4-S-Glutathionyl-5-pentyl-tetrahydro-furan-2-ol,8385
DB04522,Dexfosfoserine,8386
DB04523,Tert-Butyl(1s)-1-Cyclohexyl-2-Oxoethylcarbamate,8387
DB04525,N-(3-Carboxypropanoyl)-L-phenylalanyl-3-carboxy-O-(carboxymethyl)-N-pentyl-L-tyrosinamide,8388
DB04527,beta-Hydroxyasparagine,8389
DB04530,"S,S-(2-Hydroxyethyl)Thiocysteine",8390
DB04531,S-Benzylcysteine,8391
DB04534,5-Nitroindazole,8392
DB04537,Tryptophanamide,8393
DB04539,Glyphosate,8394
DB04540,Cholesterol,8395
DB04542,Zidovudine diphosphate,8396
DB04544,1-Deoxy-1-acetylamino-beta-D-gluco-2-heptulopyranosonamide,8397
DB04549,"4-(Aminosulfonyl)-N-[(2,3,4-Trifluorophenyl)Methyl]-Benzamide",8398
DB04551,"beta-D-fructofuranose 1,6-bisphosphate",8399
DB04552,Niflumic acid,8400
DB04556,NAP-226-90,8401
DB04557,Arachidonic Acid,8402
DB04559,N-(Chlorophenyl)-N'-hydroxyguanidine,8403
DB04560,"4,7-Dioxosebacic Acid",8404
DB04562,Tricarballylic acid,8405
DB04563,CRA_9678,8406
DB04564,Gluconolactone,8407
DB04566,Inosinic Acid,8408
DB04572,Thiotepa,8409
DB04573,Estriol,8410
DB04574,Estrone sulfate,8411
DB04575,Quinestrol,8412
DB04576,Fleroxacin,8413
DB04577,1-(1-phenylcyclopentyl)methylamine,8414
DB04578,"(S)-2-[(R)-3-amino-4-(2-fluorophenyl)butyryl]-1,2,3,4-tetrahydroisoquinoline-3-carboxamide",8415
DB04579,"N-{[(2S,3S)-3-(Ethoxycarbonyl)-2-oxiranyl]carbonyl}-L-threonyl-L-isoleucine",8416
DB04581,1-benzylimidazole,8417
DB04583,"5-Carbamoyl-1,1':4',1''-terphenyl-3-carboxylic acid",8418
DB04585,DEHYDRO-2(S)-AMINO-6-BORONOHEXANOIC ACID,8419
DB04588,"N-[4-(AMINOSULFONYL)BENZYL]-5-(5-CHLORO-2,4-DIHYDROXYPHENYL)-1H-PYRAZOLE-4-CARBOXAMIDE",8420
DB04590,(2R)-({4-[AMINO(IMINO)METHYL]PHENYL}AMINO){5-ETHOXY-2-FLUORO-3-[(3R)-TETRAHYDROFURAN-3-YLOXY]PHENYL}ACETICACID,8421
DB04591,"N-{2,2-DIFLUORO-2-[(2R)-PIPERIDIN-2-YL]ETHYL}-2-[2-(1H-1,2,4-TRIAZOL-1-YL)BENZYL][1,3]OXAZOLO[4,5-C]PYRIDIN-4-AMINE",8422
DB04593,3-({1-[3-CARBAMIMIDOYL-1-(4-CARBAMIMIDOYL-BENZYLCARBAMOYL)-PROPYLCARBAMOYL]-2-METHYL-BUTYLSULFAMOYL}-METHYL)-BENZOIC ACID,8423
DB04594,3-hydroxyglutaric acid,8424
DB04599,Aniracetam,8425
DB04600,"4-[(3-BROMO-4-O-SULFAMOYLBENZYL)(4-CYANOPHENYL)AMINO]-4H-[1,2,4]-TRIAZOLE",8426
DB04601,"4-[(4-O-SULFAMOYLBENZYL)(4-CYANOPHENYL)AMINO]-4H-[1,2,4]-TRIAZOLE",8427
DB04602,PUROMYCIN AMINONUCLEOSIDE-5'-MONOPHOSPHATE,8428
DB04604,5-iodotubercidin,8429
DB04606,2-[2-ETHANESULFONYLAMINO-3-(5-PROPOXY-1H-INDOL-3-YL)-PROPIONYLAMINO]-PENTANEDIOIC ACID 5-AMIDE 1-(4-CARBAMIMIDOYL-BENZYLAMIDE),8430
DB04607,"PHENYLAMINOIMIDAZO(1,2-ALPHA)PYRIDINE",8431
DB04608,"9-HYDROXY-4-PHENYL-6H-PYRROLO[3,4-C]CARBAZOLE-1,3-DIONE",8432
DB04612,"N-METHYLALANYL-3-METHYLVALYL-4-PHENOXY-N-(1,2,3,4-TETRAHYDRONAPHTHALEN-1-YL)PROLINAMIDE",8433
DB04614,(R)-tacrine(10)-hupyridone,8434
DB04615,(S)-tacrine(10)-hupyridone,8435
DB04616,TACRINE(8)-4-AMINOQUINOLINE,8436
DB04617,"(9S)-9-[(8-AMMONIOOCTYL)AMINO]-1,2,3,4,9,10-HEXAHYDROACRIDINIUM",8437
DB04618,"4,6-DIDEOXY-4-{[4-[(4-O-HEXOPYRANOSYLHEXOPYRANOSYL)OXY]-5,6-DIHYDROXY-3-(HYDROXYMETHYL)CYCLOHEX-2-EN-1-YL]AMINO}HEXOPYRANOSYL-(1->4)HEXOPYRANOSYL-(1->4)HEXOPYRANOSE",8438
DB04620,Cycloleucine,8439
DB04622,N-acetylhistamine,8440
DB04629,Aplyronine A,8441
DB04630,Aldosterone,8442
DB04632,4-(2-HYDROXYBENZYLAMINO)-N-(3-(4-FLUOROPHENOXY)PHENYL)PIPERIDINE-1-SULFONAMIDE,8443
DB04633,"N-ethyl-N-[3-(propylamino)propyl]propane-1,3-diamine",8444
DB04636,Glutamine t-butyl ester,8445
DB04638,"2,5-di-tert-butylhydroquinone",8446
DB04639,Biphenylalanine,8447
DB04642,"7-{2,6-DICHLORO-4-[3-(2-CHLORO-BENZOYL)-UREIDO]-PHENOXY}-HEPTANOIC ACID",8448
DB04643,"4-{3-CHLORO-4-[3-(2,4-DICHLORO-BENZOYL)-UREIDO]-PHENOXY}-BUTYRIC ACID",8449
DB04644,"4-{4-[3-(2,4-DICHLORO-BENZOYL)-UREIDO]-2,3-DIMETHYL-PHENOXY}-BUTYRIC ACID",8450
DB04645,"5-{3-[3-(2,4-DICHLORO-BENZOYL)-UREIDO]-2-METHYL-PHENOXY}-PENTANOIC ACID",8451
DB04648,S-propylamine-L-cysteine,8452
DB04652,Corticosterone,8453
DB04653,N-[(benzyloxy)carbonyl]-L-leucyl-N-[(1S)-3-fluoro-1-(4-hydroxybenzyl)-2-oxopropyl]-L-leucinamide,8454
DB04654,4-PIPERIDIN-4-YLBUTANAL,8455
DB04655,Metoprine,8456
DB04657,Carboxin,8457
DB04659,"(1S,2S,3R,4S,5S)-2,3,4-TRIHYDROXY-5-(HYDROXYMETHYL)CYCLOHEXYL (1E)-2-PHENYL-N-(SULFOOXY)ETHANIMIDOTHIOATE",8458
DB04660,Choline alfoscerate,8459
DB04661,cis-tetracosenoyl sulfatide,8460
DB04662,OLOMOUCINE II,8461
DB04664,Cyclohexyl-pentyl-maltoside,8462
DB04665,Coumarin,8463
DB04669,TRIAZOLOPYRIMIDINE,8464
DB04672,"Cyclic 3',5'-thymidine monophosphate",8465
DB04673,4-[(5-CHLOROINDOL-2-YL)SULFONYL]-2-(2-METHYLPROPYL)-1-[[5-(PYRIDIN-4-YL)PYRIMIDIN-2-YL]CARBONYL]PIPERAZINE,8466
DB04674,"2-HYDROXY-3,5-DIIODOBENZOIC ACID",8467
DB04676,Dansyllysine,8468
DB04677,N-METHYL-N-[(1R)-1-METHYL-2-PHENYLETHYL]PROP-2-EN-1-AMINE,8469
DB04678,H TYPE II TRISACCHARIDE,8470
DB04679,Human blood group H type 1 trisaccharide,8471
DB04680,GALACTOSE GREASE,8472
DB04681,BETA-METHYLLACTOSIDE,8473
DB04682,Octylphenoxy polyethoxyethanol,8474
DB04683,"(2R)-3-{[{[(2S)-2,3-DIHYDROXYPROPYL]OXY}(HYDROXY)PHOSPHORYL]OXY}-2-[(9E)-HEXADEC-9-ENOYLOXY]PROPYL (9E)-OCTADEC-9-ENOATE",8475
DB04685,"1-{(2S,5S)-4-FLUORO-5-[(TRITYLOXY)METHYL]TETRAHYDROFURAN-2-YL}PYRIMIDINE-2,4(1H,3H)-DIONE",8476
DB04688,Methylecgonine,8477
DB04689,2-{5-[3-(6-BENZOYL-1-PROPYLNAPHTHALEN-2-YLOXY)PROPOXY]INDOL-1-YL}ETHANOIC ACID,8478
DB04690,Camptothecin,8479
DB04695,Farnesyl thiopyrophosphate,8480
DB04697,TRANS-4-(GUANIDINOMETHYL)-CYCLOHEXANE-L-YL-D-3-CYCLOHEXYLALANYL-L-AZETIDINE-2-YL-D-TYROSINYL-L-HOMOARGININAMIDE,8481
DB04700,GLUTATHIONE SULFINATE,8482
DB04701,S-Methyl glutathione,8483
DB04703,Hesperidin,8484
DB04707,Hydroxyfasudil,8485
DB04709,"(3AALPHA,4ALPHA,7ALPHA,7AALPHA)- 3A,4,7,7A-TETRAHYDRO-2-(4-NITRO-1-NAPHTHALENYL)-4,7-ETHANO-1H-ISOINDOLE-1,3(2H)-DIONE",8486
DB04711,Iodipamide,8487
DB04714,ISOPENTENYL PYROPHOSPHATE,8488
DB04715,IMIDAZOPYRIDAZIN 1,8489
DB04716,"2-tert-butyl-9-fluoro-1,6-dihydrobenzo[h]imidazo[4,5-f]isoquinolin-7-one",8490
DB04719,"DIMETHYL-(4,5,6,7-TETRABROMO-1H-BENZOIMIDAZOL-2-YL)-AMINE",8491
DB04720,"S-METHYL-4,5,6,7-TETRABROMO-BENZIMIDAZOLE",8492
DB04721,"N1,N2-ETHYLENE-2-METHYLAMINO-4,5,6,7-TETRABROMO-BENZIMIDAZOLE",8493
DB04722,"2-[3-chloro-6-[2,2-difluoro-2-(1-oxidopyridin-1-ium-2-yl)ethyl]imino-1-hydroxypyridin-2-yl]-N-[(1R)-1-(3-chlorophenyl)ethyl]acetamide",8494
DB04723,2-(3-GUANIDINOPHENYL)-3-MERCAPTOPROPANOIC ACID,8495
DB04724,"(S)-2-((S)-3-isobutyl-2,5-dioxo-4-quinolin-3-ylmethyl-[1,4]diazepan-1yl)-N-methyl-3-naphtalen-2-yl-propionamide",8496
DB04725,Licofelone,8497
DB04727,"1-{4-[4-Amino-6-(4-methoxyphenyl)furo[2,3-d]pyrimidin-5-yl]phenyl}-3-[2-fluoro-5-(trifluoromethyl)phenyl]urea",8498
DB04733,"1,6-DI-O-PHOSPHONO-D-MANNITOL",8499
DB04736,"2-ACETAMIDO-2-DEOXY-BETA-D-GLUCOPYRANOSE(BETA1-4)-2-ACETAMIDO-1,6-ANHYDRO-3-O-[(R)-1-CARBOXYETHYL]-2-DEOXY-BETA-D-GLUCOPYRANOSE-L-ALANYL-GAMMA-D-GLUTAMYL-MESO-DIAMINOPIMELYL-D-ALANINE",8500
DB04738,Motuporin,8501
DB04739,4-[(4-METHYL-1-PIPERAZINYL)METHYL]-N-[3-[[4-(3-PYRIDINYL)-2-PYRIMIDINYL]AMINO]PHENYL]-BENZAMIDE,8502
DB04741,Myxothiazol,8503
DB04743,Nimesulide,8504
DB04751,Purvalanol A,8505
DB04752,Phosphatidyl ethanol,8506
DB04753,"9-DEAZAINOSINE-2',3'-O-ETHYLIDENEPHOSPHONATE",8507
DB04754,"GUANOSINE-2',3'-O-ETHYLIDENEPHOSPHONATE",8508
DB04756,"2-[(3,5-Dichloro-4-trioxidanylphenyl)amino]benzoic acid",8509
DB04757,"GUANOSINE-2',3'-O-METHYLIDENEPHOSPHONATE",8510
DB04758,2-[2-ETHANESULFONYLAMINO-3-(1H-INDOL-3-YL)-PROPIONYLAMINO]-PENTANEDIOIC ACID 5-AMIDE 1-(4-CARBAMIM IDOYL-BENZYLAMIDE),8511
DB04759,"PYRIMIDINE-4,6-DICARBOXYLIC ACID BIS-(3-METHYL-BENZYLAMIDE)",8512
DB04760,"PYRIMIDINE-4,6-DICARBOXYLIC ACID BIS-(4-FLUORO-3-METHYL-BENZYLAMIDE)",8513
DB04761,"PYRIMIDINE-4,6-DICARBOXYLIC ACID BIS-[(PYRIDIN-3-YLMETHYL)-AMIDE]",8514
DB04763,"1-N-(4-SULFAMOYLPHENYL-ETHYL)-2,4,6-TRIMETHYLPYRIDINIUM",8515
DB04764,[4-(3-AMINOMETHYL-PHENYL)-PIPERIDIN-1-YL]-(5-PHENETHYL- PYRIDIN-3-YL)-METHANONE,8516
DB04767,N-[1-(4-CARBAMIMIDOYL-BENZYLCARBAMOYL)-3-METHYLSULFANYL-PROPYL]-3-HYDROXY-2-PROPOXYAMINO-BUTYRAMID,8517
DB04768,Pyrithiamine Pyrophosphate,8518
DB04769,"5-QUINOXALIN-6-YLMETHYLENE-THIAZOLIDINE-2,4-DIONE",8519
DB04770,"O6-(R)-ROSCOVITINE, R-2-(6-BENZYLOXY-9-ISOPROPYL-9H-PURIN-2-YLAMINO)-BUTAN-1-OL",8520
DB04771,1-GUANIDINO-4-(N-NITRO-BENZOYLAMINO-L-LEUCYL-L-PROLYLAMINO)BUTANE,8521
DB04772,1-GUANIDINO-4-(N-PHENYLMETHANESULFONYL-L-LEUCYL-L-PROLYLAMINO)BUTANE,8522
DB04774,Reidispongiolide A,8523
DB04775,Reidispongiolide C,8524
DB04776,(2R)-2-({6-[benzyl(methyl)amino]-9-isopropyl-9H-purin-2-yl}amino)butan-1-ol,8525
DB04779,ETHYL (1E)-2-PHENYL-N-(SULFOOXY)ETHANIMIDOTHIOATE,8526
DB04781,5-hydroxyvaleric acid,8527
DB04783,Sphinxolide B,8528
DB04786,Suramin,8529
DB04787,Tanaproget,8530
DB04789,5-methyltetrahydrofolic acid,8531
DB04790,"2,5-bis-O-{3-[amino(imino)methyl]phenyl}-1,4:3,6-dianhydro-D-glucitol",8532
DB04791,"2-O-(4'-AMIDINOPHENYL)-5-O-(3''-AMIDINOPHENYL)-1,4:3,6-DIANHYDRO-D-SORBITOL",8533
DB04792,"2,5-O,O-BIS-{4',4''-AMIDINOPHENYL}-1,4:3,6-DIANHYDRO-D-SORBITOL",8534
DB04793,"1,4:3,6-Dianhydro-2-O-(3-carbamimidoylphenyl)-5-O-(4-carbamimidoylphenyl)-D-glucitol",8535
DB04794,Bifonazole,8536
DB04795,Thenoyltrifluoroacetone,8537
DB04796,Inecalcitol,8538
DB04797,Triazolopyridine,8539
DB04798,THIO-ATPA,8540
DB04799,"6-Hydroxy-5-undecyl-4,7-benzothiazoledione",8541
DB04800,1-METHYL-3-PHENYL-1H-PYRAZOL-5-YLSULFAMIC ACID,8542
DB04801,cis-Vaccenic acid,8543
DB04803,Verdoheme,8544
DB04805,Virginiamycin S1,8545
DB04816,Dantron,8546
DB04817,Metamizole,8547
DB04818,Iproniazid,8548
DB04820,Nialamide,8549
DB04821,Nomifensine,8550
DB04824,Phenolphthalein,8551
DB04825,Prenylamine,8552
DB04827,Urethane,8553
DB04828,Zomepirac,8554
DB04829,Lysergic acid diethylamide,8555
DB04830,Buformin,8556
DB04831,Tienilic acid,8557
DB04832,Zimelidine,8558
DB04833,Methaqualone,8559
DB04834,Rapacuronium,8560
DB04835,Maraviroc,8561
DB04836,Amineptine,8562
DB04837,Clofedanol,8563
DB04838,Cyclandelate,8564
DB04839,Cyproterone acetate,8565
DB04840,Debrisoquine,8566
DB04841,Flunarizine,8567
DB04842,Fluspirilene,8568
DB04843,Mepenzolate,8569
DB04844,Tetrabenazine,8570
DB04845,Ixabepilone,8571
DB04846,Celiprolol,8572
DB04847,Roxadustat,8573
DB04849,Cediranib,8574
DB04850,Posizolid,8575
DB04851,Biricodar,8576
DB04852,Implitapide,8577
DB04853,Binodenoson,8578
DB04854,Febuxostat,8579
DB04855,Dronedarone,8580
DB04856,Dexloxiglumide,8581
DB04857,Brasofensine,8582
DB04858,Tirapazamine,8583
DB04859,Zanapezil,8584
DB04860,Isatoribine,8585
DB04861,Nebivolol,8586
DB04863,Lefradafiban,8587
DB04864,Huperzine A,8588
DB04865,Omacetaxine mepesuccinate,8589
DB04866,Halofuginone,8590
DB04867,Lintitript,8591
DB04868,Nilotinib,8592
DB04869,Olcegepant,8593
DB04871,Lorcaserin,8594
DB04872,Osanetant,8595
DB04873,Piboserod,8596
DB04875,Pralnacasan,8597
DB04876,Vildagliptin,8598
DB04877,Voacamine,8599
DB04878,Voglibose,8600
DB04879,Vatalanib,8601
DB04880,Enoximone,8602
DB04881,Elacridar,8603
DB04882,Edotecarin,8604
DB04883,Darusentan,8605
DB04884,Dapoxetine,8606
DB04885,Cilansetron,8607
DB04886,Calanolide A,8608
DB04888,Bifeprunox,8609
DB04889,Bicifadine,8610
DB04890,Bepotastine,8611
DB04891,Becocalcidiol,8612
DB04892,Phenserine,8613
DB04893,AZD3409,8614
DB04894,Vapreotide,8615
DB04895,Pegaptanib,8616
DB04896,Milnacipran,8617
DB04898,Ximelagatran,8618
DB04899,Nesiritide,8619
DB04901,Galiximab,8620
DB04903,Pagoclone,8621
DB04905,Tesmilifene,8622
DB04908,Flibanserin,8623
DB04910,Oxibendazole,8624
DB04911,Oritavancin,8625
DB04912,Stannsoporfin,8626
DB04915,Idronoxil,8627
DB04917,Renzapride,8628
DB04919,Alfimeprase,8629
DB04920,Clevidipine,8630
DB04924,Itopride,8631
DB04925,Desmoteplase,8632
DB04926,Neramexane,8633
DB04929,DG031,8634
DB04930,Permethrin,8635
DB04931,Afamelanotide,8636
DB04932,Defibrotide,8637
DB04933,Eritoran,8638
DB04934,Rifalazil,8639
DB04938,Ospemifene,8640
DB04941,Crofelemer,8641
DB04942,Tamibarotene,8642
DB04946,Iloperidone,8643
DB04947,Altropane,8644
DB04948,Lofexidine,8645
DB04951,Pirfenidone,8646
DB04953,Ezogabine,8647
DB04954,Tecadenoson,8648
DB04956,Afelimomab,8649
DB04957,Azimilide,8650
DB04958,Epratuzumab,8651
DB04959,Verpasep caltespen,8652
DB04960,Tipifarnib,8653
DB04961,Troxacitabine,8654
DB04964,Oregovomab,8655
DB04967,Lucanthone,8656
DB04970,Lesopitron,8657
DB04971,Reglitazar,8658
DB04972,Canfosfamide,8659
DB04973,LErafAON,8660
DB04974,Rimiducid,8661
DB04975,Banoxantrone,8662
DB04977,Plitidepsin,8663
DB04978,SP1049C,8664
DB04982,Talampanel,8665
DB04983,Denufosol,8666
DB04985,Tigapotide,8667
DB04988,IGN311,8668
DB04991,XL784,8669
DB04997,ATL1102,8670
DB04998,AGRO100,8671
DB05001,PSN9301,8672
DB05003,Imexon,8673
DB05004,Peptide YY (3-36),8674
DB05009,Apadenoson,8675
DB05010,SGS-742,8676
DB05012,XEN2174,8677
DB05013,Ingenol mebutate,8678
DB05014,XL999,8679
DB05015,Belinostat,8680
DB05016,Ataluren,8681
DB05017,YSIL6,8682
DB05018,Migalastat,8683
DB05022,Amonafide,8684
DB05023,ATL1101,8685
DB05024,CTA018,8686
DB05025,Arimoclomol,8687
DB05029,Lancovutide,8688
DB05032,REV131,8689
DB05033,INCB7839,8690
DB05034,Ularitide,8691
DB05035,Eprotirome,8692
DB05036,Grn163l,8693
DB05038,Anatibant,8694
DB05039,Indacaterol,8695
DB05042,SGS518,8696
DB05045,Obinepitide,8697
DB05046,V1003,8698
DB05047,CX717,8699
DB05049,DDP733,8700
DB05050,ADL5859,8701
DB05052,MF101,8702
DB05053,MB-07803,8703
DB05057,Erdosteine,8704
DB05064,INCB13739,8705
DB05069,ATG003,8706
DB05070,ADX10059,8707
DB05072,AV608,8708
DB05075,TG-100801,8709
DB05076,Fenretinide,8710
DB05077,SLV319,8711
DB05078,AER001,8712
DB05079,HY10275,8713
DB05080,OBE101,8714
DB05084,Abaloparatide,8715
DB05085,TM30339,8716
DB05087,Ganaxolone,8717
DB05088,Tetrathiomolybdate,8718
DB05091,M0002,8719
DB05092,CDP323,8720
DB05095,Cimicoxib,8721
DB05096,LY2140023,8722
DB05097,Labetuzumab,8723
DB05098,Leptin,8724
DB05099,Ancrod,8725
DB05101,Matuzumab,8726
DB05104,Asimadoline,8727
DB05107,16-Bromoepiandrosterone,8728
DB05109,Trabectedin,8729
DB05110,VIR201,8730
DB05111,Fontolizumab,8731
DB05115,NN344,8732
DB05116,Thymectacin,8733
DB05119,Rilapladib,8734
DB05120,AT1391,8735
DB05121,1D09C3,8736
DB05122,R1295,8737
DB05125,SC12267,8738
DB05127,ANA971,8739
DB05129,Elsamitrucin,8740
DB05130,INCB3284,8741
DB05131,TTP889,8742
DB05133,VP025,8743
DB05134,Tanespimycin,8744
DB05137,Lobeline,8745
DB05139,CR002,8746
DB05141,LY2181308,8747
DB05142,ND7001,8748
DB05146,XL820,8749
DB05147,CYT997,8750
DB05149,XL844,8751
DB05150,CAD106,8752
DB05152,NGX267,8753
DB05154,Pretomanid,8754
DB05155,CR665,8755
DB05157,KC706,8756
DB05159,CCX915,8757
DB05161,Elafin,8758
DB05165,LY2275796,8759
DB05166,APD668,8760
DB05168,Vintafolide,8761
DB05169,AT9283,8762
DB05171,E-2012,8763
DB05177,DG051,8764
DB05183,MLN0415,8765
DB05184,XL228,8766
DB05187,Elafibranor,8767
DB05188,KD3010,8768
DB05190,XL281,8769
DB05191,Atl146e,8770
DB05192,MB07811,8771
DB05194,KB002,8772
DB05197,Sofalcone,8773
DB05198,CYC116,8774
DB05199,LX1031,8775
DB05200,AT2220,8776
DB05201,V24343,8777
DB05202,Egaptivon pegol,8778
DB05203,SPP1148,8779
DB05204,XL418,8780
DB05205,CX157,8781
DB05207,SD118,8782
DB05210,SF1126,8783
DB05212,HE3286,8784
DB05214,KD7040,8785
DB05217,GMX1777,8786
DB05218,PN0621,8787
DB05219,Crisaborole,8788
DB05220,Alisertib,8789
DB05223,Pracinostat,8790
DB05225,AM103,8791
DB05227,APD791,8792
DB05229,Beraprost,8793
DB05232,Tetrodotoxin,8794
DB05233,AP1081,8795
DB05234,LGD2941,8796
DB05235,NRP409,8797
DB05239,Cobimetinib,8798
DB05241,XL765,8799
DB05243,XL019,8800
DB05246,Methsuximide,8801
DB05249,FavId,8802
DB05252,Fenoxaprop-ethyl,8803
DB05253,Telapristone acetate,8804
DB05254,Fibrinolysin,8805
DB05255,Ronacaleret,8806
DB05258,Interferon alfa,8807
DB05259,Glatiramer,8808
DB05260,Gallium nitrate,8809
DB05262,Oxypurinol,8810
DB05264,NPI 32101,8811
DB05265,Ecabet,8812
DB05266,Ibudilast,8813
DB05268,iCo-007,8814
DB05271,Rotigotine,8815
DB05282,MCC,8816
DB05284,CA4P,8817
DB05289,Tarenflurbil,8818
DB05290,SPP 301,8819
DB05294,Vandetanib,8820
DB05295,Eldecalcitol,8821
DB05297,Paclitaxel docosahexaenoic acid,8822
DB05298,Tetomilast,8823
DB05299,keyhole limpet hemocyanin,8824
DB05301,LAX-101,8825
DB05303,OMS-103HP,8826
DB05304,Girentuximab,8827
DB05305,Cintredekin Besudotox,8828
DB05308,ANX-510,8829
DB05309,TP-508,8830
DB05311,Ecallantide,8831
DB05316,Pimavanserin,8832
DB05317,TAK-475,8833
DB05319,Oportuzumab monatox,8834
DB05327,Ranirestat,8835
DB05332,Romiplostim,8836
DB05337,SOT-107,8837
DB05339,MN-305,8838
DB05343,Arundic acid,8839
DB05345,SO-101,8840
DB05351,Dexlansoprazole,8841
DB05352,Fx-1006A,8842
DB05361,SR-123781A,8843
DB05362,SSR-126517E,8844
DB05364,ROX-888,8845
DB05367,Actelion-1,8846
DB05369,HZT-501,8847
DB05374,Rindopepimut,8848
DB05381,Histamine,8849
DB05382,Iodine,8850
DB05383,Pimagedine,8851
DB05386,Regramostim,8852
DB05387,AE-941,8853
DB05389,Tetrachlorodecaoxide,8854
DB05390,INS 316,8855
DB05391,liposomal prostaglandin E1,8856
DB05394,Corticorelin,8857
DB05395,Amibegron,8858
DB05396,Albinterferon Alfa-2B,8859
DB05398,C31G,8860
DB05399,Succinobucol,8861
DB05403,CEP-1347,8862
DB05404,AZD 3355,8863
DB05407,TBC-3711,8864
DB05408,Emricasan,8865
DB05412,Talmapimod,8866
DB05413,Tifuvirtide,8867
DB05415,OSI-461,8868
DB05416,Cardarine,8869
DB05417,GW 468816,8870
DB05418,GW 597599,8871
DB05419,ADX-10061,8872
DB05420,Gallium maltolate,8873
DB05421,CP-122721,8874
DB05422,OPC-14523,8875
DB05423,ORG-34517,8876
DB05424,Canertinib,8877
DB05428,Motexafin gadolinium,8878
DB05429,CAT-213,8879
DB05431,MLN-977,8880
DB05432,DAS-431 IV,8881
DB05434,ABT-510,8882
DB05442,Etiprednol dicloacetate,8883
DB05443,ADL 10-0101,8884
DB05446,LJP 1082,8885
DB05447,AVI-4557,8886
DB05448,PX-12,8887
DB05449,FM-VP4,8888
DB05451,P54,8889
DB05452,PH-284,8890
DB05455,SR 121463,8891
DB05457,OSI-7904L,8892
DB05458,Pozanicline,8893
DB05459,Briakinumab,8894
DB05460,Ezatiostat,8895
DB05461,OPC-28326,8896
DB05463,ISS-1018,8897
DB05464,NOX-700,8898
DB05465,Tandutinib,8899
DB05466,R673,8900
DB05467,R667,8901
DB05468,R411,8902
DB05469,R450,8903
DB05470,VX-702,8904
DB05471,SGN-30,8905
DB05472,omega interferon,8906
DB05475,Golotimod,8907
DB05476,WX-UK1,8908
DB05478,Pradefovir mesylate,8909
DB05479,CZEN 002,8910
DB05481,Recombinant alpha 1-antitrypsin,8911
DB05482,7-ethyl-10-hydroxycamptothecin,8912
DB05483,PCL-016,8913
DB05484,MDX-018,8914
DB05487,Custirsen,8915
DB05488,Technetium Tc-99m ciprofloxacin,8916
DB05490,AMG-131,8917
DB05492,Epicept NP-1,8918
DB05494,Elacytarabine,8919
DB05495,PG-530742,8920
DB05501,AMD-070,8921
DB05505,NM-702,8922
DB05506,ISIS 113715,8923
DB05507,VX-765,8924
DB05509,LI-301,8925
DB05511,Piclidenoson,8926
DB05513,Atiprimod,8927
DB05514,Cobiprostone,8928
DB05518,Managlinat dialanetil,8929
DB05521,Telaprevir,8930
DB05524,Pelitinib,8931
DB05530,CPG 10101,8932
DB05532,BMS-488043,8933
DB05533,QR-333,8934
DB05540,Alanosine,8935
DB05541,Brivaracetam,8936
DB05542,Naronapride,8937
DB05552,TG100-115,8938
DB05553,Regrelor,8939
DB05559,NF-kappaB Decoy,8940
DB05562,Naluzotan,8941
DB05578,Ramucirumab,8942
DB05590,Bedoradrine,8943
DB05595,Farletuzumab,8944
DB05607,PRX-08066,8945
DB05624,Teverelix,8946
DB05630,Sodium stibogluconate,8947
DB05642,DDP-225,8948
DB05662,NP-50301,8949
DB05667,Levoketoconazole,8950
DB05668,Palifosfamide,8951
DB05675,EP-2104R,8952
DB05676,Apremilast,8953
DB05678,SLx-4090,8954
DB05679,Ustekinumab,8955
DB05685,FX06,8956
DB05687,BL-1020,8957
DB05688,CRx-119,8958
DB05695,NPS-2143,8959
DB05706,13-deoxydoxorubicin,8960
DB05708,GTS-21,8961
DB05710,Gantacurium,8962
DB05712,AZD-9684,8963
DB05713,LY-517717,8964
DB05714,Flovagatran,8965
DB05736,MIV-701,8966
DB05737,Varespladib methyl,8967
DB05739,CYT006-AngQb,8968
DB05740,RPI-78M,8969
DB05744,CRx-139,8970
DB05749,MPI-674,8971
DB05750,AVE-1625,8972
DB05752,ALKS 27,8973
DB05758,CYT007-TNFQb,8974
DB05766,ACP-104,8975
DB05767,Andrographolide,8976
DB05771,LLL-3348,8977
DB05773,Trastuzumab emtansine,8978
DB05777,Thrombomodulin Alfa,8979
DB05785,LGD-1550,8980
DB05786,Irofulven,8981
DB05787,LM-609,8982
DB05790,SR 140333,8983
DB05793,PRO-542,8984
DB05796,Daglutril,8985
DB05797,TNX-901,8986
DB05798,GEM-231,8987
DB05801,GTI 2040,8988
DB05804,Prasterone sulfate,8989
DB05806,Cositecan,8990
DB05812,Abiraterone,8991
DB05814,GPI-1485,8992
DB05824,CNS-5161,8993
DB05829,Parathyroid hormone,8994
DB05831,ING-1,8995
DB05838,OPC-51803,8996
DB05846,Mito-4509,8997
DB05848,humanized SMART Anti-IL-12 Antibody,8998
DB05849,NCX 950,8999
DB05854,CLX-0921,9000
DB05855,Rivanicline,9001
DB05864,PPI-2458,9002
DB05867,99mTc-14 F7 Mab,9003
DB05869,Ethyl pyruvate,9004
DB05875,"Sar9, Met (O2)11-Substance P",9005
DB05879,AME-527,9006
DB05882,CHF 4227,9007
DB05883,ABX-PTH,9008
DB05885,Seletracetam,9009
DB05889,Inotuzumab ozogamicin,9010
DB05890,Veglin,9011
DB05892,RI 624,9012
DB05895,HGS-TR2J,9013
DB05897,rhIGFBP-3,9014
DB05903,KOS-1584,9015
DB05905,TD-2749,9016
DB05906,CCR5 mAb,9017
DB05913,OSI-930,9018
DB05915,MYO-029,9019
DB05916,CT-011,9020
DB05920,RTA 744,9021
DB05928,Dovitinib,9022
DB05930,SB-559448,9023
DB05931,Pegdinetanib,9024
DB05932,Denibulin,9025
DB05934,CTCE-0214,9026
DB05936,CVT-6883,9027
DB05938,Edonerpic,9028
DB05939,MK-0354,9029
DB05941,Leronlimab,9030
DB05943,Resatorvid,9031
DB05944,Varlitinib,9032
DB05945,MDX-1303,9033
DB05950,Contulakin-G,9034
DB05956,EVT-101,9035
DB05959,ENMD-1198,9036
DB05961,PPL-100,9037
DB05964,Amitifadine,9038
DB05966,TAS-108,9039
DB05967,ANZ-100,9040
DB05968,PR-104,9041
DB05969,SNS-032,9042
DB05971,Archexin,9043
DB05983,Bardoxolone methyl,9044
DB05984,RAF-265,9045
DB05990,Obeticholic acid,9046
DB05992,Plinabulin,9047
DB05993,PRX-07034,9048
DB05996,Glembatumumab vedotin,9049
DB06011,AMG-222,9050
DB06013,Aldoxorubicin,9051
DB06016,Cariprazine,9052
DB06021,AV-412,9053
DB06040,Filanesib,9054
DB06042,ZEN-012,9055
DB06043,Olaratumab,9056
DB06050,TB-402,9057
DB06061,AZD-8330,9058
DB06064,KAI-1455,9059
DB06069,XMT-1001,9060
DB06070,SNX-5422,9061
DB06073,CTS-21166,9062
DB06075,Linsitinib,9063
DB06077,Lumateperone,9064
DB06080,ABT-869,9065
DB06081,Caplacizumab,9066
DB06082,PX-478,9067
DB06083,Tapinarof,9068
DB06089,ICA-105665,9069
DB06094,Apatorsen,9070
DB06096,NXN-188,9071
DB06097,GSK-923295,9072
DB06098,PRLX 93936,9073
DB06101,IMC-1C11,9074
DB06103,VX-148,9075
DB06109,YKP-1358,9076
DB06111,AB192,9077
DB06116,Eldelumab,9078
DB06119,Cenobamate,9079
DB06124,L-aminocarnityl-succinyl-leucyl-argininal-diethylacetal,9080
DB06127,Bisegliptin,9081
DB06133,Dimethylcurcumin,9082
DB06134,SNS-314,9083
DB06137,KX-01,9084
DB06138,IRL-1620,9085
DB06140,SUVN-502,9086
DB06144,Sertindole,9087
DB06147,Sulfathiazole,9088
DB06148,Mianserin,9089
DB06150,Sulfadimethoxine,9090
DB06151,Acetylcysteine,9091
DB06152,Nylidrin,9092
DB06153,Pizotifen,9093
DB06154,Pentaerythritol tetranitrate,9094
DB06155,Rimonabant,9095
DB06156,Tesofensine,9096
DB06157,Istaroxime,9097
DB06159,Rubitecan,9098
DB06160,Garenoxacin,9099
DB06162,Lumiliximab,9100
DB06168,Canakinumab,9101
DB06174,Noscapine,9102
DB06176,Romidepsin,9103
DB06184,AEG35156,9104
DB06185,Forodesine,9105
DB06186,Ipilimumab,9106
DB06190,Solabegron,9107
DB06191,Zosuquidar,9108
DB06194,Elocalcitol,9109
DB06195,Seliciclib,9110
DB06196,Icatibant,9111
DB06199,Atrasentan,9112
DB06201,Rufinamide,9113
DB06202,Lasofoxifene,9114
DB06203,Alogliptin,9115
DB06204,Tapentadol,9116
DB06205,Hyaluronidase (human recombinant),9117
DB06207,Silodosin,9118
DB06209,Prasugrel,9119
DB06210,Eltrombopag,9120
DB06211,Doripenem,9121
DB06212,Tolvaptan,9122
DB06213,Regadenoson,9123
DB06215,Ferumoxytol,9124
DB06216,Asenapine,9125
DB06217,Vernakalant,9126
DB06218,Lacosamide,9127
DB06226,Nelipepimut-S,9128
DB06228,Rivaroxaban,9129
DB06229,Ocaperidone,9130
DB06230,Nalmefene,9131
DB06231,Caldaret,9132
DB06233,Ridaforolimus,9133
DB06235,Vadimezan,9134
DB06237,Avanafil,9135
DB06240,Tariquidar,9136
DB06241,Clenoliximab,9137
DB06243,Eflornithine,9138
DB06245,Lanoteplase,9139
DB06246,Exisulind,9140
DB06247,CX516,9141
DB06248,Amelubant,9142
DB06249,Arzoxifene,9143
DB06255,Incadronic acid,9144
DB06258,Bimoclomol,9145
DB06262,Droxidopa,9146
DB06263,Amrubicin,9147
DB06264,Tolperisone,9148
DB06266,Lonidamine,9149
DB06267,Udenafil,9150
DB06268,Sitaxentan,9151
DB06271,Sulodexide,9152
DB06273,Tocilizumab,9153
DB06274,Alvimopan,9154
DB06281,Torcetrapib,9155
DB06282,Levocetirizine,9156
DB06283,Ziconotide,9157
DB06285,Teriparatide,9158
DB06287,Temsirolimus,9159
DB06288,Amisulpride,9160
DB06290,Simeprevir,9161
DB06292,Dapagliflozin,9162
DB06307,Apoptone,9163
DB06311,Darapladib,9164
DB06314,SGX-523,9165
DB06317,Elotuzumab,9166
DB06318,AVE9633,9167
DB06321,R-348,9168
DB06322,Carotuximab,9169
DB06324,XmAb 2513,9170
DB06325,Pegpleranib,9171
DB06333,Trodusquemine,9172
DB06335,Saxagliptin,9173
DB06342,Coltuximab ravtansine,9174
DB06343,Teprotumumab,9175
DB06345,AR-9281,9176
DB06346,Fiboflapon,9177
DB06347,Cenisertib,9178
DB06350,Elinogrel,9179
DB06354,Tezampanel,9180
DB06356,TRC093,9181
DB06358,Iclaprim,9182
DB06360,Lucatumumab,9183
DB06362,Becatecarin,9184
DB06366,Pertuzumab,9185
DB06367,Relacatib,9186
DB06370,Indisulam,9187
DB06371,Siplizumab,9188
DB06372,Rilonacept,9189
DB06374,Elacestrant,9190
DB06376,CHGN111,9191
DB06393,Xaliproden,9192
DB06401,Bazedoxifene,9193
DB06403,Ambrisentan,9194
DB06404,Human C1-esterase inhibitor,9195
DB06406,Idraparinux,9196
DB06408,Taribavirin,9197
DB06409,Morphine glucuronide,9198
DB06410,Doxercalciferol,9199
DB06412,Oxymetholone,9200
DB06413,Armodafinil,9201
DB06414,Etravirine,9202
DB06419,Cethromycin,9203
DB06420,Annamycin,9204
DB06421,Declopramide,9205
DB06422,Ticalopride,9206
DB06423,Endostatin,9207
DB06429,Talnetant,9208
DB06433,Tezacitabine,9209
DB06436,Semaxanib,9210
DB06439,Tyloxapol,9211
DB06441,Cangrelor,9212
DB06442,Avasimibe,9213
DB06444,Dexanabinol,9214
DB06446,Dotarizine,9215
DB06447,E5531,9216
DB06448,Lonafarnib,9217
DB06451,Aprinocarsen,9218
DB06454,Sarizotan,9219
DB06457,Tecastemizole,9220
DB06458,Remacemide,9221
DB06460,Enrasentan,9222
DB06468,Cariporide,9223
DB06469,Lestaurtinib,9224
DB06470,Clomethiazole,9225
DB06471,Naxifylline,9226
DB06472,Fradafiban,9227
DB06474,Sibrotuzumab,9228
DB06475,Ruplizumab,9229
DB06477,Sumanirole,9230
DB06478,Porfiromycin,9231
DB06479,Propentofylline,9232
DB06480,Prucalopride,9233
DB06481,Manitimus,9234
DB06486,Enzastaurin,9235
DB06492,Mirococept,9236
DB06494,Sufugolix,9237
DB06495,Onercept,9238
DB06497,Aplaviroc,9239
DB06503,MLN2222,9240
DB06506,Repinotan,9241
DB06510,Muraglitazar,9242
DB06511,AMGN-0007,9243
DB06512,Deramciclane,9244
DB06515,Resiniferatoxin,9245
DB06518,R-1487,9246
DB06521,Ertiprotafib,9247
DB06525,Ganstigmine,9248
DB06530,Resiquimod,9249
DB06533,Ragaglitazar,9250
DB06534,Thrombopoietin,9251
DB06536,Tesaglitazar,9252
DB06538,Robalzotan,9253
DB06543,Astaxanthin,9254
DB06548,Minodronic acid,9255
DB06549,Labradimil,9256
DB06550,Bivatuzumab,9257
DB06552,rNAPc2,9258
DB06554,Gaboxadol,9259
DB06558,Tezosentan,9260
DB06560,Pascolizumab,9261
DB06579,Adipiplon,9262
DB06584,TG4010,9263
DB06586,Cetilistat,9264
DB06587,Mitemcinal,9265
DB06589,Pazopanib,9266
DB06594,Agomelatine,9267
DB06595,Midostaurin,9268
DB06599,Lexatumumab,9269
DB06600,Nemonoxacin,9270
DB06602,Reslizumab,9271
DB06603,Panobinostat,9272
DB06605,Apixaban,9273
DB06607,Catumaxomab,9274
DB06608,Tafenoquine,9275
DB06612,Mepolizumab,9276
DB06616,Bosutinib,9277
DB06623,Flupirtine,9278
DB06626,Axitinib,9279
DB06634,Casopitant,9280
DB06635,Otamixaban,9281
DB06636,Isavuconazonium,9282
DB06637,Dalfampridine,9283
DB06641,Perifosine,9284
DB06642,Bevasiranib,9285
DB06643,Denosumab,9286
DB06650,Ofatumumab,9287
DB06652,Vicriviroc,9288
DB06654,Safinamide,9289
DB06655,Liraglutide,9290
DB06660,Saredutant,9291
DB06663,Pasireotide,9292
DB06670,Odanacatib,9293
DB06674,Golimumab,9294
DB06677,Clazosentan,9295
DB06678,Esmirtazapine,9296
DB06680,Asoprisnil,9297
DB06681,Belatacept,9298
DB06684,Vilazodone,9299
DB06685,Laquinimod,9300
DB06688,Sipuleucel-T,9301
DB06689,Ethanolamine oleate,9302
DB06691,Mepyramine,9303
DB06692,Aprotinin,9304
DB06693,Mevastatin,9305
DB06694,Xylometazoline,9306
DB06695,Dabigatran etexilate,9307
DB06697,Artemether,9308
DB06698,Betahistine,9309
DB06699,Degarelix,9310
DB06700,Desvenlafaxine,9311
DB06701,Dexmethylphenidate,9312
DB06702,Fesoterodine,9313
DB06704,Iobenguane,9314
DB06705,Gadofosveset trisodium,9315
DB06706,Isometheptene,9316
DB06707,Levonordefrin,9317
DB06708,Lumefantrine,9318
DB06709,Methacholine,9319
DB06710,Methyltestosterone,9320
DB06711,Naphazoline,9321
DB06712,Nilvadipine,9322
DB06713,Norelgestromin,9323
DB06714,Propylhexedrine,9324
DB06716,Fospropofol,9325
DB06717,Fosaprepitant,9326
DB06718,Stanozolol,9327
DB06719,Buserelin,9328
DB06720,Velaglucerase alfa,9329
DB06721,Gimatecan,9330
DB06725,Lornoxicam,9331
DB06726,Bufuralol,9332
DB06727,Sparteine,9333
DB06728,Aniline,9334
DB06729,Sulfaphenazole,9335
DB06730,Gestodene,9336
DB06731,Seproxetine,9337
DB06732,beta-Naphthoflavone,9338
DB06733,Bafilomycin A1,9339
DB06734,Bafilomycin B1,9340
DB06735,Enclomiphene,9341
DB06736,Aceclofenac,9342
DB06737,Zaltoprofen,9343
DB06738,Ketobemidone,9344
DB06739,Seratrodast,9345
DB06741,Gavestinel,9346
DB06742,Ambroxol,9347
DB06749,Ginsenoside Rb1,9348
DB06750,Ginsenoside Rg1,9349
DB06751,Drotaverine,9350
DB06752,Chymopapain,9351
DB06754,Danaparoid,9352
DB06755,Beta carotene,9353
DB06756,Glycine betaine,9354
DB06757,Manganese,9355
DB06762,Pinacidil,9356
DB06764,Tetryzoline,9357
DB06766,Alcaftadine,9358
DB06769,Bendamustine,9359
DB06770,Benzyl alcohol,9360
DB06771,Besifloxacin,9361
DB06772,Cabazitaxel,9362
DB06773,Human calcitonin,9363
DB06774,Capsaicin,9364
DB06775,Carglumic acid,9365
DB06777,Chenodeoxycholic acid,9366
DB06778,Cupric sulfate,9367
DB06779,Dalteparin,9368
DB06780,Desoxycorticosterone acetate,9369
DB06781,Difluprednate,9370
DB06782,Dimercaprol,9371
DB06784,Gallium citrate Ga-67,9372
DB06785,Ganirelix,9373
DB06786,Halcinonide,9374
DB06787,Hexocyclium,9375
DB06788,Histrelin,9376
DB06789,Hydroxyprogesterone caproate,9377
DB06791,Lanreotide,9378
DB06795,Mafenide,9379
DB06796,Mangafodipir,9380
DB06800,Methylnaltrexone,9381
DB06802,Nepafenac,9382
DB06803,Niclosamide,9383
DB06804,Nonoxynol-9,9384
DB06809,Plerixafor,9385
DB06813,Pralatrexate,9386
DB06814,Protokylol,9387
DB06817,Raltegravir,9388
DB06819,Phenylbutyric acid,9389
DB06820,Sulconazole,9390
DB06822,Tinzaparin,9391
DB06823,Tiopronin,9392
DB06825,Triptorelin,9393
DB06828,5-[2-(1H-pyrrol-1-yl)ethoxy]-1H-indole,9394
DB06829,4-BROMO-3-(CARBOXYMETHOXY)-5-[3-(CYCLOHEXYLAMINO)PHENYL]THIOPHENE-2-CARBOXYLIC ACID,9395
DB06830,"(1-HYDROXYHEPTANE-1,1-DIYL)BIS(PHOSPHONIC ACID)",9396
DB06831,2-((9H-PURIN-6-YLTHIO)METHYL)-5-CHLORO-3-(2-METHOXYPHENYL)QUINAZOLIN-4(3H)-ONE,9397
DB06832,Prinaberel,9398
DB06833,1-CYCLOHEXYL-N-{[1-(4-METHYLPHENYL)-1H-INDOL-3-YL]METHYL}METHANAMINE,9399
DB06834,"N-(2-hydroxy-1,1-dimethylethyl)-1-methyl-3-(1H-pyrrolo[2,3-b]pyridin-2-yl)-1H-indole-5-carboxamide",9400
DB06835,(2S)-2-[3-(AMINOMETHYL)PHENYL]-3-{(S)-HYDROXY[(1R)-2-METHYL-1-{[(2-PHENYLETHYL)SULFONYL]AMINO}PROPYL]PHOSPHORYL}PROPANOIC ACID,9401
DB06836,"N-(5-{4-Chloro-3-[(2-hydroxyethyl)sulfamoyl]phenyl}-4-methyl-1,3-thiazol-2-yl)acetamide",9402
DB06837,"(2R)-N~4~-hydroxy-2-(3-hydroxybenzyl)-N~1~-[(1S,2R)-2-hydroxy-2,3-dihydro-1H-inden-1-yl]butanediamide",9403
DB06838,methyl L-phenylalaninate,9404
DB06840,"diethyl [(1R)-1,5-diaminopentyl]boronate",9405
DB06841,"[(2R)-1-[(2S)-2-[[(2S,3S)-1-Chloro-6-(diaminomethylideneamino)-2-hydroxyhexan-3-yl]carbamoyl]pyrrolidin-1-yl]-1-oxo-3-phenylpropan-2-yl]azanium",9406
DB06842,(4R)-4-(3-butoxy-4-methoxybenzyl)imidazolidin-2-one,9407
DB06843,"2',5'-DIDEOXY-ADENOSINE 3'-MONOPHOSPHATE",9408
DB06844,"4-[(7-OXO-7H-THIAZOLO[5,4-E]INDOL-8-YLMETHYL)-AMINO]-N-PYRIDIN-2-YL-BENZENESULFONAMIDE",9409
DB06845,(S)-N-(4-carbamimidoylbenzyl)-1-(2-(cyclopentylamino)ethanoyl)pyrrolidine-2-carboxamide,9410
DB06848,"1-(1'-{[3-(methylsulfanyl)-2-benzothiophen-1-yl]carbonyl}spiro[1-benzofuran-3,4'-piperidin]-5-yl)methanamine",9411
DB06849,"1-[1'-(3-phenylacryloyl)spiro[1-benzofuran-3,4'-piperidin]-5-yl]methanamine",9412
DB06850,(S)-N-(4-carbamimidoylbenzyl)-1-(2-(cyclohexylamino)ethanoyl)pyrrolidine-2-carboxamide,9413
DB06851,N-(pyridin-3-ylmethyl)aniline,9414
DB06852,CHIR-124,9415
DB06853,N-cycloheptylglycyl-N-(4-carbamimidoylbenzyl)-L-prolinamide,9416
DB06855,6-fluoro-2-(2-hydroxy-3-isobutoxy-phenyl)-1H-benzoimidazole-5-carboxamidine,9417
DB06856,6-FLUORO-2-[2-HYDROXY-3-(2-METHYL-CYCLOHEXYLOXY)-PHENYL]-1H-INDOLE-5-CARBOXAMIDINE,9418
DB06857,N-(4-CARBAMIMIDOYL-3-CHORO-PHENYL)-2-HYDROXY-3-IODO-5-METHYL-BENZAMIDE,9419
DB06858,N-cyclooctylglycyl-N-(4-carbamimidoylbenzyl)-L-prolinamide,9420
DB06859,N-ALLYL-5-AMIDINOAMINOOXY-PROPYLOXY-3-CHLORO-N-CYCLOPENTYLBENZAMIDE,9421
DB06861,6-(2-HYDROXY-CYCLOPENTYL)-7-OXO-HEPTANAMIDINE,9422
DB06862,2-HYDROXY-5-(2-MERCAPTO-ETHYLSULFAMOYL)-BENZOIC ACID,9423
DB06865,6-CARBAMIMIDOYL-2-[2-HYDROXY-6-(4-HYDROXY-PHENYL)-INDAN-1-YL]-HEXANOIC ACID,9424
DB06866,6-CARBAMIMIDOYL-2-[2-HYDROXY-5-(3-METHOXY-PHENYL)-INDAN-1-YL]-HEXANOIC ACID,9425
DB06867,"3,6,9,12,15,18-HEXAOXAICOSANE",9426
DB06868,N-(3-chlorobenzyl)-1-(4-methylpentanoyl)-L-prolinamide,9427
DB06869,1-[2-AMINO-2-CYCLOHEXYL-ACETYL]-PYRROLIDINE-3-CARBOXYLIC ACID 5-CHLORO-2-(2-ETHYLCARBAMOYL-ETHOXY)-BENZYLAMIDE,9428
DB06870,Tetrahydrogestrinone,9429
DB06871,17-METHYL-17-ALPHA-DIHYDROEQUILENIN,9430
DB06875,ERB-196,9431
DB06876,"N-{5-[4-(4-METHYLPIPERAZIN-1-YL)PHENYL]-1H-PYRROLO[2,3-B]PYRIDIN-3-YL}NICOTINAMIDE",9432
DB06877,"N,N-DIMETHYL-4-(4-PHENYL-1H-PYRAZOL-3-YL)-1H-PYRROLE-2-CARBOXAMIDE",9433
DB06878,1-[(2R)-2-aminobutanoyl]-N-(3-chlorobenzyl)-L-prolinamide,9434
DB06879,"5-(4'-AMINO-1'-ETHYL-5',8'-DIFLUORO-1'H-SPIRO[PIPERIDINE-4,2'-QUINAZOLINE]-1-YLCARBONYL)PICOLINONITRILE",9435
DB06880,"(1S)-2-[(2S,5R)-2-(AMINOMETHYL)-5-PROP-1-YN-1-YLPYRROLIDIN-1-YL]-1-CYCLOPENTYL-2-OXOETHANAMINE",9436
DB06882,1-[1-(3-aminophenyl)-3-tert-butyl-1H-pyrazol-5-yl]-3-naphthalen-1-ylurea,9437
DB06883,1-[1-(3-aminophenyl)-3-tert-butyl-1H-pyrazol-5-yl]-3-phenylurea,9438
DB06884,4-HYDROXY-N'-(4-ISOPROPYLBENZYL)BENZOHYDRAZIDE,9439
DB06885,3-[({(1E)-[2-(trifluoromethyl)phenyl]methylidene}amino)oxy]propanoic acid,9440
DB06887,"[(3S)-3-(Methylcarbamoyl)-2-{[(2-methyl-2-propanyl)oxy]carbonyl}-1,2,3,4-tetrahydro-7-isoquinolinyl]sulfamic acid",9441
DB06888,"(13R,15S)-13-METHYL-16-OXA-8,9,12,22,24-PENTAAZAHEXACYCLO[15.6.2.16,9.1,12,15.0,2,7.0,21,25]HEPTACOSA-1(24),2,4,6,17(25),18,20-HEPTAENE-23,26-DIONE",9442
DB06891,"5-{[(4-AMINO-3-CHLORO-5-FLUOROPHENYL)SULFONYL]AMINO}-1,3,4-THIADIAZOLE-2-SULFONAMIDE",9443
DB06892,"(5S)-4,5-difluoro-6-[(2-fluoro-4-iodophenyl)imino]-N-(2-hydroxyethoxy)cyclohexa-1,3-diene-1-carboxamide",9444
DB06894,1-Dodecanol,9445
DB06896,"1-(4-fluorophenyl)-N-[3-fluoro-4-(1H-pyrrolo[2,3-b]pyridin-4-yloxy)phenyl]-2-oxo-1,2-dihydropyridine-3-carboxamide",9446
DB06897,"3-[3-chloro-5-(5-{[(1S)-1-phenylethyl]amino}isoxazolo[5,4-c]pyridin-3-yl)phenyl]propan-1-ol",9447
DB06898,"4-(2-amino-1-methyl-1H-imidazo[4,5-b]pyridin-6-yl)phenol",9448
DB06899,"N-{2-[6-(2,4-DIAMINO-6-ETHYLPYRIMIDIN-5-YL)-2,2-DIMETHYL-3-OXO-2,3-DIHYDRO-4H-1,4-BENZOTHIAZIN-4-YL]ETHYL}ACETAMIDE",9449
DB06900,1-[4-(hydroxymethyl)phenyl]guanidine,9450
DB06901,2-(2-HYDROXY-CYCLOPENTYL)-PENT-4-ENAL,9451
DB06902,p-Cumylphenol,9452
DB06905,"(2S,3S,4E,6E,8S,9S)-3-amino-9-methoxy-2,6,8-trimethyl-10-phenyldeca-4,6-dienoic acid",9453
DB06907,"2-(2,6-DICHLOROPHENYL)-1,3-BENZOXAZOLE-6-CARBOXYLIC ACID",9454
DB06908,"(2S)-3-(1-{[2-(2-CHLOROPHENYL)-5-METHYL-1,3-OXAZOL-4-YL]METHYL}-1H-INDOL-5-YL)-2-ETHOXYPROPANOIC ACID",9455
DB06909,"1-ethyl-N-(phenylmethyl)-4-(tetrahydro-2H-pyran-4-ylamino)-1H-pyrazolo[3,4-b]pyridine-5-carboxamide",9456
DB06911,D-leucyl-N-(3-chlorobenzyl)-L-prolinamide,9457
DB06912,"UNDECA-3,7-DIENE-1,3,7,11-TETRACARBALDEHYDE",9458
DB06914,"1-({2-[2-(4-CHLOROPHENYL)ETHYL]-1,3-DIOXOLAN-2-YL}METHYL)-1H-IMIDAZOLE",9459
DB06916,"N-[2-(1,3-BENZODIOXOL-5-YL)ETHYL]-1-[2-(1H-IMIDAZOL-1-YL)-6-METHYLPYRIMIDIN-4-YL]-D-PROLINAMIDE",9460
DB06917,(4-fluorophenyl)(pyridin-4-yl)methanone,9461
DB06918,2-(2-METHYLPHENYL)-1H-INDOLE-6-CARBOXIMIDAMIDE,9462
DB06919,D-phenylalanyl-N-(3-chlorobenzyl)-L-prolinamide,9463
DB06920,Eribaxaban,9464
DB06921,(2S)-2-[3-(AMINOMETHYL)PHENYL]-3-[(R)-HYDROXY{(1R)-2-METHYL-1-[(PHENYLSULFONYL)AMINO]PROPYL}PHOSPHORYL]PROPANOIC ACID,9465
DB06923,2-(3-METHYLPHENYL)-1H-INDOLE-5-CARBOXIMIDAMIDE,9466
DB06924,(2R)-2-benzyl-3-nitropropanoic acid,9467
DB06925,3-(2-AMINOQUINAZOLIN-6-YL)-4-METHYL-N-[3-(TRIFLUOROMETHYL)PHENYL]BENZAMIDE,9468
DB06926,"(9Z,11E,13S)-13-hydroxyoctadeca-9,11-dienoic acid",9469
DB06927,[5-HYDROXY-2-(4-HYDROXYPHENYL)-1-BENZOFURAN-7-YL]ACETONITRILE,9470
DB06928,(2S)-2-{[HYDROXY(4-IODOBENZYL)PHOSPHORYL]METHYL}PENTANEDIOIC ACID,9471
DB06929,1-butanoyl-N-(4-carbamimidoylbenzyl)-L-prolinamide,9472
DB06930,"N-[amino(imino)methyl]-2-(2,5-diphenyl-1H-pyrrol-1-yl)acetamide",9473
DB06931,"(1-HYDROXYNONANE-1,1-DIYL)BIS(PHOSPHONIC ACID)",9474
DB06932,"10,11-dimethoxy-4-methyldibenzo[c,f]-2,7-naphthyridine-3,6-diamine",9475
DB06933,N-(tert-butyl)-4-[5-(pyridin-2-ylamino)quinolin-3-yl]benzenesulfonamide,9476
DB06935,"2',6'-DIFLUOROBIPHENYL-4-CARBOXYLIC ACID",9477
DB06936,N-(4-carbamimidoylbenzyl)-1-(4-methylpentanoyl)-L-prolinamide,9478
DB06937,"4-(6-HYDROXY-BENZO[D]ISOXAZOL-3-YL)BENZENE-1,3-DIOL",9479
DB06938,4-[[2-[[4-chloro-3-(trifluoromethyl)phenyl]amino]-3H-benzimidazol-5-yl]oxy]-N-methyl-pyridine-2-carboxamide,9480
DB06939,"N-(TRANS-4-{(1S,2S)-2-AMINO-3-[(3S)-3-FLUOROPYRROLIDIN-1-YL]-1-METHYL-3-OXOPROPYL}CYCLOHEXYL)-N-METHYLACETAMIDE",9481
DB06940,"N-ethyl-4-{[5-(methoxycarbamoyl)-2-methylphenyl]amino}-5-methylpyrrolo[2,1-f][1,2,4]triazine-6-carboxamide",9482
DB06941,(Z)-2-[2-(4-methylpiperazin-1-yl)benzyl]diazenecarbothioamide,9483
DB06942,N-(4-carbamimidoylbenzyl)-1-(3-phenylpropanoyl)-L-prolinamide,9484
DB06943,(3S)-1-{[4-(but-2-yn-1-yloxy)phenyl]sulfonyl}pyrrolidine-3-thiol,9485
DB06944,N-(3-cyclopropyl-1H-pyrazol-5-yl)-2-(2-naphthyl)acetamide,9486
DB06945,N-hydroxy-4-({4-[4-(trifluoromethyl)phenoxy]phenyl}sulfonyl)tetrahydro-2H-pyran-4-carboxamide,9487
DB06947,1-[(2R)-2-aminobutanoyl]-N-(4-carbamimidoylbenzyl)-L-prolinamide,9488
DB06948,2-ANILINO-6-CYCLOHEXYLMETHOXYPURINE,9489
DB06951,(3R)-3-ethyl-N-[(4-methylphenyl)sulfonyl]-L-aspartic acid,9490
DB06953,2-CHLORO-5-(3-CHLORO-PHENYL)-6-[(4-CYANO-PHENYL)-(3-METHYL-3H-IMIDAZOL-4-YL)- METHOXYMETHYL]-NICOTINONITRILE,9491
DB06954,"2-(cycloheptylmethyl)-1,1-dioxido-1-benzothiophen-6-yl sulfamate",9492
DB06956,"N-(4-ACETYLPHENYL)-5-(5-CHLORO-2,4-DIHYDROXYPHENYL)-1H-PYRAZOLE-4-CARBOXAMIDE",9493
DB06957,"4-CHLORO-6-(4-{4-[4-(METHYLSULFONYL)BENZYL]PIPERAZIN-1-YL}-1H-PYRAZOL-5-YL)BENZENE-1,3-DIOL",9494
DB06958,"5-(5-CHLORO-2,4-DIHYDROXYPHENYL)-N-ETHYL-4-PIPERAZIN-1-YL-1H-PYRAZOLE-3-CARBOXAMIDE",9495
DB06959,(2S)-1-(3H-Indol-3-yl)-3-{[5-(6-isoquinolinyl)-3-pyridinyl]oxy}-2-propanamine,9496
DB06961,"5-(5-chloro-2,4-dihydroxyphenyl)-N-ethyl-4-[4-(morpholin-4-ylmethyl)phenyl]isoxazole-3-carboxamide",9497
DB06962,JNJ-27390467,9498
DB06963,"3-[3-(3-methyl-6-{[(1S)-1-phenylethyl]amino}-1H-pyrazolo[4,3-c]pyridin-1-yl)phenyl]propanamide",9499
DB06964,"5-(5-CHLORO-2,4-DIHYDROXYPHENYL)-N-ETHYL-4-(4-METHOXYPHENYL)ISOXAZOLE-3-CARBOXAMIDE",9500
DB06967,"6-ETHYL-5-[9-(3-METHOXYPROPYL)-9H-CARBAZOL-2-YL]PYRIMIDINE-2,4-DIAMINE",9501
DB06969,"2-amino-4-[2,4-dichloro-5-(2-pyrrolidin-1-ylethoxy)phenyl]-N-ethylthieno[2,3-d]pyrimidine-6-carboxamide",9502
DB06971,"N-{2-[(4'-CYANO-1,1'-BIPHENYL-4-YL)OXY]ETHYL}-N'-HYDROXY-N-METHYLUREA",9503
DB06972,"7A-[(4-cyanophenyl)methyl]-6-(3,5-dichlorophenyl)-5-oxo-2,3,5,7A-tetrahydro-1H-pyrrolo[1,2-A]pyrrole-7-carbonitrile",9504
DB06973,Bisphenol A,9505
DB06976,"1-(5-OXO-2,3,5,9B-TETRAHYDRO-1H-PYRROLO[2,1-A]ISOINDOL-9-YL)-3-(5-PYRROLIDIN-2-YL-1H-PYRAZOL-3-YL)-UREA",9506
DB06977,(2S)-1-{[5-(1H-Indazol-5-yl)-3-pyridinyl]oxy}-3-(7aH-indol-3-yl)-2-propanamine,9507
DB06979,"5-(dodecylthio)-1H-1,2,3-triazole-4-carboxylic acid",9508
DB06980,(2S)-2-(1H-indol-3-yl)hexanoic acid,9509
DB06981,(2S)-2-(1H-indol-3-yl)pentanoic acid,9510
DB06982,(2S)-8-[(tert-butoxycarbonyl)amino]-2-(1H-indol-3-yl)octanoic acid,9511
DB06983,"(5-phenyl-7-(pyridin-3-ylmethylamino)pyrazolo[1,5-a]pyrimidin-3-yl)methanol",9512
DB06984,"(1R,2R,3R,4S,5R)-4-(BENZYLAMINO)-5-(METHYLTHIO)CYCLOPENTANE-1,2,3-TRIOL",9513
DB06985,2-[({4-[2-(trifluoromethyl)phenyl]piperidin-1-yl}carbonyl)amino]benzoic acid,9514
DB06986,"2-CHLORO-N-[(1R,2R)-1-HYDROXY-2,3-DIHYDRO-1H-INDEN-2-YL]-6H-THIENO[2,3-B]PYRROLE-5-CARBOXAMIDE",9515
DB06987,(R)-Atenolol,9516
DB06989,{4-[2-BENZYL-3-METHOXY-2-(METHOXYCARBONYL)-3-OXOPROPYL]PHENYL}SULFAMIC ACID,9517
DB06990,"4-[(1E,7E)-8-(2,6-DIOXO-1,2,3,6-TETRAHYDROPYRIMIDIN-4-YL)-3,6-DIOXA-2,7-DIAZAOCTA-1,7-DIEN-1-YL]BENZOIC ACID",9518
DB06991,"N-[2-methyl-5-(methylcarbamoyl)phenyl]-2-{[(1R)-1-methylpropyl]amino}-1,3-thiazole-5-carboxamide",9519
DB06992,"(3,3-dimethylpiperidin-1-yl)(6-(3-fluoro-4-methylphenyl)pyridin-2-yl)methanone",9520
DB06993,"(2S,3S)-4-cyclopropyl-3-{(3R,5R)-3-[2-fluoro-4-(methylsulfonyl)phenyl]-1,2,4-oxadiazolidin-5-yl}-1-[(3S)-3-fluoropyrrolidin-1-yl]-1-oxobutan-2-amine",9521
DB06994,"(2S,3S)-3-{3-[2-chloro-4-(methylsulfonyl)phenyl]-1,2,4-oxadiazol-5-yl}-1-cyclopentylidene-4-cyclopropyl-1-fluorobutan-2-amine",9522
DB06995,N-({4-[(2-aminopyridin-4-yl)oxy]-3-fluorophenyl}carbamoyl)-2-(4-fluorophenyl)acetamide,9523
DB06996,D-leucyl-N-(4-carbamimidoylbenzyl)-L-prolinamide,9524
DB06997,"2-(4-fluorophenyl)-N-{[3-fluoro-4-(1H-pyrrolo[2,3-b]pyridin-4-yloxy)phenyl]carbamoyl}acetamide",9525
DB06999,PLX-4720,9526
DB07000,"N-{2,4-difluoro-3-[(5-pyridin-3-yl-1H-pyrrolo[2,3-b]pyridin-3-yl)carbonyl]phenyl}ethanesulfonamide",9527
DB07001,"(3S,5E)-3-propyl-3,4-dihydrothieno[2,3-f][1,4]oxazepin-5(2H)-imine",9528
DB07002,4-({4-[(4-methoxypyridin-2-yl)amino]piperidin-1-yl}carbonyl)benzonitrile,9529
DB07003,"(2S)-2-methyl-2,3-dihydrothieno[2,3-f][1,4]oxazepin-5-amine",9530
DB07004,2-[(5-hex-1-yn-1-ylfuran-2-yl)carbonyl]-N-methylhydrazinecarbothioamide,9531
DB07005,D-phenylalanyl-N-{4-[amino(iminio)methyl]benzyl}-L-prolinamide,9532
DB07006,"9-HYDROXY-6-(3-HYDROXYPROPYL)-4-(2-METHOXYPHENYL)PYRROLO[3,4-C]CARBAZOLE-1,3(2H,6H)-DIONE",9533
DB07007,"(3R)-3-[(1,2,3,4-tetrahydroisoquinolin-7-yloxy)methyl]-2,3-dihydrothieno[2,3-f][1,4]oxazepin-5-amine",9534
DB07008,"4-(1,3-BENZODIOXOL-5-YLOXY)-2-[4-(1H-IMIDAZOL-1-YL)PHENOXY]PYRIMIDINE",9535
DB07009,"2-(5-HYDROXY-NAPHTHALEN-1-YL)-1,3-BENZOOXAZOL-6-OL",9536
DB07010,N-BENZYL-4-[4-(3-CHLOROPHENYL)-1H-PYRAZOL-3-YL]-1H-PYRROLE-2-CARBOXAMIDE,9537
DB07011,"(3S)-1-(1,3-BENZODIOXOL-5-YLMETHYL)-3-[4-(1H-IMIDAZOL-1-YL)PHENOXY]PIPERIDINE",9538
DB07013,TERT-BUTYL 4-({[4-(BUT-2-YN-1-YLAMINO)PHENYL]SULFONYL}METHYL)-4-[(HYDROXYAMINO)CARBONYL]PIPERIDINE-1-CARBOXYLATE,9539
DB07014,"2-(1,3-benzodioxol-5-yl)-5-[(3-fluoro-4-methoxybenzyl)sulfanyl]-1,3,4-oxadiazole",9540
DB07015,"(3R,4R)-4-(pyrrolidin-1-ylcarbonyl)-1-(quinoxalin-2-ylcarbonyl)pyrrolidin-3-amine",9541
DB07016,"(3R)-8-(dioxidosulfanyl)-3-methyl-1,2,3,4-tetrahydroquinoline",9542
DB07017,"(5S)-2-{[(1S)-1-(4-Fluorophenyl)ethyl]amino}-5-(2-hydroxy-2-propanyl)-5-methyl-1,3-thiazol-4(5H)-one",9543
DB07019,"N-[(5R,14R)-5-AMINO-5,14-DIMETHYL-4-OXO-3-OXA-18-AZATRICYCLO[15.3.1.1~7,11~]DOCOSA-1(21),7(22),8,10,17,19-HEXAEN-19-YL]-N-METHYLMETHANESULFONAMIDE",9544
DB07020,"N-{3-[5-(1H-1,2,4-triazol-3-yl)-1H-indazol-3-yl]phenyl}furan-2-carboxamide",9545
DB07021,"(7R,8R)-8-(2,4,5-trifluorophenyl)-6,7,8,9-tetrahydroimidazo[1,2-a:4,5-c']dipyridin-7-amine",9546
DB07022,3-Hydroxypropyl 3-[(7-carbamimidoyl-1-naphthyl)carbamoyl]benzenesulfonate,9547
DB07023,"(1R)-2-[(Diaminomethylene)amino]-1-{4-[(4R)-4-(hydroxymethyl)-1,3,2-dioxaborolan-2-yl]phenyl}ethyl nicotinate",9548
DB07024,"2-(3,4-DIHYDROXYPHENYL)-8-(1,1-DIOXIDOISOTHIAZOLIDIN-2-YL)-3-HYDROXY-6-METHYL-4H-CHROMEN-4-ONE",9549
DB07025,3-(5-{[4-(AMINOMETHYL)PIPERIDIN-1-YL]METHYL}-1H-INDOL-2-YL)QUINOLIN-2(1H)-ONE,9550
DB07026,"(1S,5S,7R)-N~7~-(BIPHENYL-4-YLMETHYL)-N~3~-HYDROXY-6,8-DIOXA-3-AZABICYCLO[3.2.1]OCTANE-3,7-DICARBOXAMIDE",9551
DB07027,D-phenylalanyl-N-(3-fluorobenzyl)-L-prolinamide,9552
DB07028,(2-{[(4-BROMO-2-FLUOROBENZYL)AMINO]CARBONYL}-5-CHLOROPHENOXY)ACETIC ACID,9553
DB07029,"4-(1,3-BENZODIOXOL-5-YLOXY)-2-[4-(1H-IMIDAZOL-1-YL)PHENOXY]-6-METHYLPYRIMIDINE",9554
DB07030,(5-CHLORO-2-{[(3-NITROBENZYL)AMINO]CARBONYL}PHENOXY)ACETIC ACID,9555
DB07031,"3-Fluoro-4-{[(2R)-2-hydroxy-2-(5,5,8,8-tetramethyl-5,6,7,8-tetrahydro-2-naphthalenyl)acetyl]amino}benzoic acid",9556
DB07032,2-(4-HYDROXY-PHENYL)BENZOFURAN-5-OL,9557
DB07033,5-HYDROXY-3-[(1R)-1-(1H-PYRROL-2-YL)ETHYL]-2H-INDOL-2-ONE,9558
DB07034,"2,2'-{[9-(HYDROXYIMINO)-9H-FLUORENE-2,7-DIYL]BIS(OXY)}DIACETIC ACID",9559
DB07036,"(3aS,4R,9bR)-2,2-difluoro-4-(4-hydroxyphenyl)-6-(methoxymethyl)-1,2,3,3a,4,9b-hexahydrocyclopenta[c]chromen-8-ol",9560
DB07037,(2S)-1-AMINO-3-[(5-NITROQUINOLIN-8-YL)AMINO]PROPAN-2-OL,9561
DB07038,2-(cyclohexylamino)benzoic acid,9562
DB07039,(2S)-N-(4-cyano-3-iodophenyl)-3-(4-cyanophenoxy)-2-hydroxy-2-methylpropanamide,9563
DB07045,"(2R,3R,4S,5R)-2-[6-amino-8-[(3,4-dichlorophenyl)methylamino]purin-9-yl]-5-(hydroxymethyl)oxolane-3,4-diol",9564
DB07046,"2-[(2-chloro-4-iodophenyl)amino]-N-{[(2R)-2,3-dihydroxypropyl]oxy}-3,4-difluorobenzamide",9565
DB07047,"2',4'-DICHLORO-4-HYDROXY-1,1'-BIPHENYL-3-CARBOXYLIC ACID",9566
DB07048,"N-[(2R)-5-(aminosulfonyl)-2,3-dihydro-1H-inden-2-yl]-2-propylpentanamide",9567
DB07049,(2R)-1-[(4-tert-butylphenyl)sulfonyl]-2-methyl-4-(4-nitrophenyl)piperazine,9568
DB07050,"5-[(phenylsulfonyl)amino]-1,3,4-thiadiazole-2-sulfonamide",9569
DB07051,"3,5-DIMETHYL-1-PHENYL-1H-PYRAZOLE-4-CARBOXYLIC ACID ETHYL ESTER",9570
DB07053,2-{5-[3-(7-PROPYL-3-TRIFLUOROMETHYLBENZO[D]ISOXAZOL-6-YLOXY)PROPOXY]INDOL-1-YL}ETHANOIC ACID,9571
DB07054,(2R)-1-(DIMETHYLAMINO)-3-{4-[(6-{[2-FLUORO-5-(TRIFLUOROMETHYL)PHENYL]AMINO}PYRIMIDIN-4-YL)AMINO]PHENOXY}PROPAN-2-OL,9572
DB07056,"2-(6-{[(3-chloro-2-methylphenyl)sulfonyl]amino}pyridin-2-yl)-N,N-diethylacetamide",9573
DB07058,"5-[1-(4-methoxyphenyl)-1H-benzimidazol-6-yl]-1,3,4-oxadiazole-2(3H)-thione",9574
DB07059,"N-{2-[6-(2,4-DIAMINO-6-ETHYLPYRIMIDIN-5-YL)-2,2-DIMETHYL-3-OXO-2,3-DIHYDRO-4H-1,4-BENZOXAZIN-4-YL]ETHYL}ACETAMIDE",9575
DB07060,3-(INDOL-3-YL) LACTATE,9576
DB07061,"1-(CYCLOHEXYLAMINO)-3-(6-METHYL-3,4-DIHYDRO-1H-CARBAZOL-9(2H)-YL)PROPAN-2-OL",9577
DB07063,Lidorestat,9578
DB07064,"(4R)-4-(3-HYDROXYPHENYL)-N,N,7,8-TETRAMETHYL-3,4-DIHYDROISOQUINOLINE-2(1H)-CARBOXAMIDE",9579
DB07065,"5-(2,3-dichlorophenyl)-N-(pyridin-4-ylmethyl)-3-thiocyanatopyrazolo[1,5-a]pyrimidin-7-amine",9580
DB07066,"2-CHLORO-N-[(3R)-2-OXO-1,2,3,4-TETRAHYDROQUINOLIN-3-YL]-6H-THIENO[2,3-B]PYRROLE-5-CARBOXAMIDE",9581
DB07067,"(2S,3S)-3-{3-[4-(METHYLSULFONYL)PHENYL]-1,2,4-OXADIAZOL-5-YL}-1-OXO-1-PYRROLIDIN-1-YLBUTAN-2-AMINE",9582
DB07068,"(4-{4-[(TERT-BUTOXYCARBONYL)AMINO]-2,2-BIS(ETHOXYCARBONYL)BUTYL}PHENYL)SULFAMIC ACID",9583
DB07069,m-Hydroxyhippuric acid,9584
DB07070,(2S)-2-{3-[({[2-fluoro-4-(trifluoromethyl)phenyl]carbonyl}amino)methyl]-4-methoxybenzyl}butanoic acid,9585
DB07071,"(R)-1-(4-(4-(Hydroxymethyl)-1,3,2-dioxaborolan-2-YL)phenethyl)guanidine",9586
DB07072,"(1S,2R,5S)-5-[3-(TRIFLUOROMETHYL)-5,6-DIHYDRO[1,2,4]TRIAZOLO[4,3-A]PYRAZIN-7(8H)-YL]-2-(2,4,5-TRIFLUOROPHENYL)CYCLOHEXANAMINE",9587
DB07073,"5,5-dimethyl-2-morpholin-4-yl-5,6-dihydro-1,3-benzothiazol-7(4H)-one",9588
DB07074,6-CARBAMIMIDOYL-4-(3-HYDROXY-2-METHYL-BENZOYLAMINO)-NAPHTHALENE-2-CARBOXYLIC ACID METHYL ESTER,9589
DB07075,3-(5-{[4-(AMINOMETHYL)PIPERIDIN-1-YL]METHYL}-1H-INDOL-2-YL)-1H-INDAZOLE-6-CARBONITRILE,9590
DB07076,6-[(Z)-AMINO(IMINO)METHYL]-N-[3-(CYCLOPENTYLOXY)PHENYL]-2-NAPHTHAMIDE,9591
DB07077,"(R)-1-(4-(4-(Hydroxymethyl)-1,3,2-dioxaborolan-2-YL)phenyl)guanidine",9592
DB07078,"(3Z)-6-(4-HYDROXY-3-METHOXYPHENYL)-3-(1H-PYRROL-2-YLMETHYLENE)-1,3-DIHYDRO-2H-INDOL-2-ONE",9593
DB07079,3-{[4-(but-2-yn-1-yloxy)phenyl]sulfonyl}propane-1-thiol,9594
DB07080,TO-901317,9595
DB07081,"(2R)-4-[(8R)-8-METHYL-2-(TRIFLUOROMETHYL)-5,6-DIHYDRO[1,2,4]TRIAZOLO[1,5-A]PYRAZIN-7(8H)-YL]-4-OXO-1-(2,4,5-TRIFLUOROPHENYL)BUTAN-2-AMINE",9596
DB07082,"1,1,1,3,3,3-HEXAFLUORO-2-{4-[(2,2,2-TRIFLUOROETHYL)AMINO]PHENYL}PROPAN-2-OL",9597
DB07083,beta-phenyl-D-phenylalanyl-N-propyl-L-prolinamide,9598
DB07086,"4-[(1S,2S,5S)-5-(HYDROXYMETHYL)-8-METHYL-3-OXABICYCLO[3.3.1]NON-7-EN-2-YL]PHENOL",9599
DB07087,"4-[(1S,2S,5S,9R)-5-(HYDROXYMETHYL)-8,9-DIMETHYL-3-OXABICYCLO[3.3.1]NON-7-EN-2-YL]PHENOL",9600
DB07088,(S)-N-(4-carbamimidoylbenzyl)-1-(2-(cyclopentyloxy)ethanoyl)pyrrolidine-2-carboxamide,9601
DB07089,N-[amino(imino)methyl]-2-[2-(2-chlorophenyl)-4-(4-propoxyphenyl)-3-thienyl]acetamide,9602
DB07091,(S)-N-(4-carbamimidoylbenzyl)-1-(2-(cyclohexyloxy)ethanoyl)pyrrolidine-2-carboxamide,9603
DB07092,"(2S,3S)-3-AMINO-4-(3,3-DIFLUOROPYRROLIDIN-1-YL)-N,N-DIMETHYL-4-OXO-2-(TRANS-4-[1,2,4]TRIAZOLO[1,5-A]PYRIDIN-6-YLCYCLOHEXYL)BUTANAMIDE",9604
DB07093,"{3-[(5-CHLORO-1,3-BENZOTHIAZOL-2-YL)METHYL]-2,4-DIOXO-3,4-DIHYDROPYRIMIDIN-1(2H)-YL}ACETIC ACID",9605
DB07094,"1-(2,2'-bithiophen-5-yl)methanamine",9606
DB07095,(S)-N-(4-carbamimidoylbenzyl)-1-(3-cyclopentylpropanoyl)pyrrolidine-2-carboxamide,9607
DB07096,"6-AMINO-BENZO[DE]ISOQUINOLINE-1,3-DIONE",9608
DB07099,N-[4-(benzyloxy)phenyl]glycinamide,9609
DB07100,"4-CHLORO-6-(4-PIPERAZIN-1-YL-1H-PYRAZOL-5-YL)BENZENE-1,3-DIOL",9610
DB07101,PD-0325901,9611
DB07102,(2S)-2-amino-5-oxo-5-[(4-phenylmethoxyphenyl)amino]pentanoic acid,9612
DB07104,4-amino-N-[4-(benzyloxy)phenyl]butanamide,9613
DB07105,2-[2-(4-Chloro-Phenylsulfanyl)-Acetylamino]-3-(4-Guanidino-Phenyl)-Propionamide,9614
DB07106,SKF-91488,9615
DB07107,(1S)-2-(1H-INDOL-3-YL)-1-[({5-[(E)-2-PYRIDIN-4-YLVINYL]PYRIDIN-3-YL}OXY)METHYL]ETHYLAMINE,9616
DB07108,"4'-FLUORO-1,1'-BIPHENYL-4-CARBOXYLIC ACID",9617
DB07110,4-(4-FLUOROBENZYL)PIPERIDINE,9618
DB07111,"(4S,5E,7Z,10Z,13Z,16Z,19Z)-4-hydroxydocosa-5,7,10,13,16,19-hexaenoic acid",9619
DB07112,N-[(4-HYDROXY-8-IODOISOQUINOLIN-3-YL)CARBONYL]GLYCINE,9620
DB07113,"(2S)-6-(2,4-DIAMINO-6-ETHYLPYRIMIDIN-5-YL)-2-(3,5-DIFLUOROPHENYL)-4-(3-METHOXYPROPYL)-2H-1,4-BENZOXAZIN-3(4H)-ONE",9621
DB07115,"N-(4-chlorobenzyl)-N-methylbenzene-1,4-disulfonamide",9622
DB07116,1-(2-DEOXY-5-O-PHOSPHONO-BETA-D-ERYTHRO-PENTOFURANOSYL)-4-METHYL-1H-INDOLE,9623
DB07117,"5-(4-PHENOXYPHENYL)-5-(4-PYRIMIDIN-2-YLPIPERAZIN-1-YL)PYRIMIDINE-2,4,6(2H,3H)-TRIONE",9624
DB07119,1-CHLORO-6-(4-HYDROXYPHENYL)-2-NAPHTHOL,9625
DB07120,"3-Carbamimidamido-1,1-diphenylurea",9626
DB07121,"4-({4-[(4-AMINOBUT-2-YNYL)OXY]PHENYL}SULFONYL)-N-HYDROXY-2,2-DIMETHYLTHIOMORPHOLINE-3-CARBOXAMIDE",9627
DB07122,1-[4-(2-oxo-2-phenylethyl)phenyl]guanidine,9628
DB07124,"(2S)-1-(6H-INDOL-3-YL)-3-{[5-(7H-PYRAZOLO[3,4-C]PYRIDIN-5-YL)PYRIDIN-3-YL]OXY}PROPAN-2-AMINE",9629
DB07125,"4-(6-{[(1R)-1-(hydroxymethyl)propyl]amino}imidazo[1,2-b]pyridazin-3-yl)benzoic acid",9630
DB07126,O6-CYCLOHEXYLMETHOXY-2-(4'-SULPHAMOYLANILINO) PURINE,9631
DB07127,"{4-[2,2-BIS(5-METHYL-1,2,4-OXADIAZOL-3-YL)-3-PHENYLPROPYL]PHENYL}SULFAMIC ACID",9632
DB07128,"N7-BUTYL-N2-(5-CHLORO-2-METHYLPHENYL)-5-METHYL[1,2,4]TRIAZOLO[1,5-A]PYRIMIDINE-2,7-DIAMINE",9633
DB07129,"(2R)-1-(2,6-dimethylphenoxy)propan-2-amine",9634
DB07130,4-BROMO-3-(CARBOXYMETHOXY)-5-PHENYLTHIOPHENE-2-CARBOXYLIC ACID,9635
DB07131,(S)-N-(4-carbamimidoylbenzyl)-1-(3-cyclohexylpropanoyl)pyrrolidine-2-carboxamide,9636
DB07132,1-{2-OXO-3-[(1R)-1-(1H-PYRROL-2-YL)ETHYL]-2H-INDOL-5-YL}UREA,9637
DB07133,D-phenylalanyl-N-(3-methylbenzyl)-L-prolinamide,9638
DB07134,"5-(4-CHLORO-5-PHENYL-3-THIENYL)-1,2,5-THIADIAZOLIDIN-3-ONE 1,1-DIOXIDE",9639
DB07135,"(2S,3S)-3-AMINO-4-[(3S)-3-FLUOROPYRROLIDIN-1-YL]-N,N-DIMETHYL-4-OXO-2-(TRANS-4-[1,2,4]TRIAZOLO[1,5-A]PYRIDIN-5-YLCYCLOHEXYL)BUTANAMIDE",9640
DB07136,BX-528,9641
DB07137,(2S)-N-[(3E)-5-Cyclopropyl-3H-pyrazol-3-ylidene]-2-[4-(2-oxo-1-imidazolidinyl)phenyl]propanamide,9642
DB07138,Neflamapimod,9643
DB07139,3-[5-(3-nitrophenyl)thiophen-2-yl]propanoic acid,9644
DB07140,"5-[(3R)-3-(5-methoxybiphenyl-3-yl)but-1-yn-1-yl]-6-methylpyrimidine-2,4-diamine",9645
DB07141,"5-[(3R)-3-(5-methoxy-4'-methylbiphenyl-3-yl)but-1-yn-1-yl]-6-methylpyrimidine-2,4-diamine",9646
DB07142,"5-[(3R)-3-(5-methoxy-3',5'-dimethylbiphenyl-3-yl)but-1-yn-1-yl]-6-methylpyrimidine-2,4-diamine",9647
DB07143,D-phenylalanyl-N-benzyl-L-prolinamide,9648
DB07144,"5-[(3R)-3-(5-methoxy-2',6'-dimethylbiphenyl-3-yl)but-1-yn-1-yl]-6-methylpyrimidine-2,4-diamine",9649
DB07145,(2R)-N-HYDROXY-2-[(3S)-3-METHYL-3-{4-[(2-METHYLQUINOLIN-4-YL)METHOXY]PHENYL}-2-OXOPYRROLIDIN-1-YL]PROPANAMIDE,9650
DB07146,"2,3-DIPHENYL-N-(2-PIPERAZIN-1-YLETHYL)FURO[2,3-B]PYRIDIN-4-AMINE",9651
DB07147,"methyl (1R,2S)-2-(hydroxycarbamoyl)-1-{4-[(2-methylquinolin-4-yl)methoxy]benzyl}cyclopropanecarboxylate",9652
DB07148,"(6S)-1-chloro-3-[(4-fluorobenzyl)oxy]-6-(pyrrolidin-1-ylcarbonyl)pyrrolo[1,2-a]pyrazin-4(6H)-one",9653
DB07149,"(7S)-2-(2-aminopyrimidin-4-yl)-7-(2-fluoroethyl)-1,5,6,7-tetrahydro-4H-pyrrolo[3,2-c]pyridin-4-one",9654
DB07150,4-(4-HYDROXYPHENYL)-1-NAPHTHALDEHYDE OXIME,9655
DB07151,4-(4-hydroxy-3-methylphenyl)-6-phenylpyrimidin-2(5H)-one,9656
DB07152,N-[4-(5-fluoro-6-methylpyridin-2-yl)-5-quinoxalin-6-yl-1H-imidazol-2-yl]acetamide,9657
DB07154,"(3R)-4-[(3R)-3-AMINO-4-(2,4,5-TRIFLUOROPHENYL)BUTANOYL]-3-METHYL-1,4-DIAZEPAN-2-ONE",9658
DB07156,"(4Z)-6-bromo-4-({[4-(pyrrolidin-1-ylmethyl)phenyl]amino}methylidene)isoquinoline-1,3(2H,4H)-dione",9659
DB07157,"(5R,6S,8S)-8-[3-(AMINOMETHYL)PHENYL]-6-HYDROXY-5-ISOPROPYL-3-OXO-1-PHENYL-2,7-DIOXA-4-AZA-6-PHOSPHANONAN-9-OIC ACID 6-OXIDE",9660
DB07158,"5-ETHYL-3-METHYL-1,5-DIHYDRO-4H-PYRAZOLO[4,3-C]QUINOLIN-4-ONE",9661
DB07159,Tamatinib,9662
DB07160,"N-{[(2S,3S)-3-(ETHOXYCARBONYL)OXIRAN-2-YL]CARBONYL}-L-ISOLEUCINE",9663
DB07161,5-phenyl-1H-indazol-3-amine,9664
DB07162,4-(3-amino-1H-indazol-5-yl)-N-tert-butylbenzenesulfonamide,9665
DB07163,5-[(2-AMINOETHYL)AMINO]-6-FLUORO-3-(1H-PYRROL-2-YL)BENZO[CD]INDOL-2(1H)-ONE,9666
DB07164,"N-cyclopropyl-4-pyrazolo[1,5-b]pyridazin-3-ylpyrimidin-2-amine",9667
DB07165,N-(5-CHLORO-BENZO[B]THIOPHEN-3-YLMETHYL)-2-[6-CHLORO-OXO-3-(2-PYRIDIN-2-YL-ETHYLAMINO)-2H-PYRAZIN-1-YL]-ACETAMIDE,9668
DB07167,5-CYANO-FURAN-2-CARBOXYLIC ACID [5-HYDROXYMETHYL-2-(4-METHYL-PIPERIDIN-1-YL)-PHENYL]-AMIDE,9669
DB07168,[4-({4-[(5-cyclopropyl-1H-pyrazol-3-yl)amino]-6-(methylamino)pyrimidin-2-yl}amino)phenyl]acetonitrile,9670
DB07171,"5-(2-hydroxyethyl)nonane-1,9-diol",9671
DB07172,"(5R,6E,8Z,11Z,14Z,17Z)-5-hydroxyicosa-6,8,11,14,17-pentaenoic acid",9672
DB07173,"7-(5-DEOXY-BETA-D-RIBOFURANOSYL)-5-IODO-7H-PYRROLO[2,3-D]PYRIMIDIN-4-AMINE",9673
DB07174,"6-(2,4-DIAMINO-6-ETHYLPYRIMIDIN-5-YL)-4-(3-METHOXYPROPYL)-2,2-DIMETHYL-2H-1,4-BENZOXAZIN-3(4H)-ONE",9674
DB07175,N-{2-methyl-5-[(6-phenylpyrimidin-4-yl)amino]phenyl}methanesulfonamide,9675
DB07176,1-Naphthylamine-5-sulfonic acid,9676
DB07177,"(5E,13E)-11-HYDROXY-9,15-DIOXOPROSTA-5,13-DIEN-1-OIC ACID",9677
DB07179,"3-((3-bromo-5-o-tolylpyrazolo[1,5-a]pyrimidin-7-ylamino)methyl)pyridine 1-oxide",9678
DB07180,"5-[(Z)-(5-Chloro-2-oxo-1,2-dihydro-3H-indol-3-ylidene)methyl]-N,2,4-trimethyl-1H-pyrrole-3-carboxamide",9679
DB07181,"4'-[(1R)-1-amino-2-(2,5-difluorophenyl)ethyl]biphenyl-3-carboxamide",9680
DB07182,(2S)-2-(3-Carbamimidamidophenyl)-3-[hydroxy(3-phenylpropyl)phosphoryl]propanoic acid,9681
DB07183,N-(4-phenoxyphenyl)-2-[(pyridin-4-ylmethyl)amino]nicotinamide,9682
DB07186,"4-(4-METHYLPIPERAZIN-1-YL)-N-[5-(2-THIENYLACETYL)-1,5-DIHYDROPYRROLO[3,4-C]PYRAZOL-3-YL]BENZAMIDE",9683
DB07187,CP-744809,9684
DB07189,"(1S,3R,6S)-4-oxo-6-{4-[(2-phenylquinolin-4-yl)methoxy]phenyl}-5-azaspiro[2.4]heptane-1-carboxylic acid",9685
DB07190,3-cyclohexyl-D-alanyl-N-(3-chlorobenzyl)-L-prolinamide,9686
DB07193,"(2R,3R)-7-(methylsulfonyl)-3-(2,4,5-trifluorophenyl)-1,2,3,4-tetrahydropyrido[1,2-a]benzimidazol-2-amine",9687
DB07194,"2-{2-[(3,5-dimethylphenyl)amino]pyrimidin-4-yl}-N-[(1S)-2-hydroxy-1-methylethyl]-4-methyl-1,3-thiazole-5-carboxamide",9688
DB07195,"4-[(1S,2S,5S)-5-(HYDROXYMETHYL)-6,8,9-TRIMETHYL-3-OXABICYCLO[3.3.1]NON-7-EN-2-YL]PHENOL",9689
DB07196,N-methyl-1-(2-thiophen-2-ylphenyl)methanamine,9690
DB07197,4-BROMO-3-(CARBOXYMETHOXY)-5-(4-HYDROXYPHENYL)THIOPHENE-2-CARBOXYLIC ACID,9691
DB07198,5-HYDROXY-2-(4-HYDROXYPHENYL)-1-BENZOFURAN-7-CARBONITRILE,9692
DB07201,(2S)-3-[(9H-fluoren-9-ylideneamino)oxy]-2-methylpropanoic acid,9693
DB07202,6-CHLORO-3-(3-METHYLISOXAZOL-5-YL)-4-PHENYLQUINOLIN-2(1H)-ONE,9694
DB07203,6-CYCLOHEXYLMETHOXY-2-(3'-CHLOROANILINO) PURINE,9695
DB07204,"(1S)-1-(1H-INDOL-3-YLMETHYL)-2-(2-PYRIDIN-4-YL-[1,7]NAPHTYRIDIN-5-YLOXY)-EHYLAMINE",9696
DB07205,N6-ISOPENTENYL-ADENOSINE-5'-MONOPHOSPHATE,9697
DB07206,6-[2-(1H-INDOL-6-YL)ETHYL]PYRIDIN-2-AMINE,9698
DB07207,2-(4-HYDROXY-5-PHENYL-1H-PYRAZOL-3-YL)-1H-BENZOIMIDAZOLE-5-CARBOXAMIDINE,9699
DB07208,"(8E,10S,12Z)-10-hydroxy-6-oxooctadeca-8,12-dienoic acid",9700
DB07209,"(8R,9Z,12Z)-8-hydroxy-6-oxooctadeca-9,12-dienoic acid",9701
DB07210,"3-bromo-5-phenyl-N-(pyridin-4-ylmethyl)pyrazolo[1,5-a]pyrimidin-7-amine",9702
DB07211,(2R)-2-(5-CHLORO-2-THIENYL)-N-{(3S)-1-[(1S)-1-METHYL-2-MORPHOLIN-4-YL-2-OXOETHYL]-2-OXOPYRROLIDIN-3-YL}PROPENE-1-SULFONAMIDE,9703
DB07212,N-(7-CARBAMIMIDOYL-NAPHTHALEN-1-YL)-3-HYDROXY-2-METHYL-BENZAMIDE,9704
DB07213,"(5-{3-[5-(PIPERIDIN-1-YLMETHYL)-1H-INDOL-2-YL]-1H-INDAZOL-6-YL}-2H-1,2,3-TRIAZOL-4-YL)METHANOL",9705
DB07215,GW-590735,9706
DB07216,"(11S)-8-CHLORO-11-[1-(METHYLSULFONYL)PIPERIDIN-4-YL]-6-PIPERAZIN-1-YL-11H-BENZO[5,6]CYCLOHEPTA[1,2-B]PYRIDINE",9707
DB07217,"N-(3-cyano-4,5,6,7-tetrahydro-1-benzothien-2-yl)-2-fluorobenzamide",9708
DB07218,"6-CHLORO-9-HYDROXY-1,3-DIMETHYL-1,9-DIHYDRO-4H-PYRAZOLO[3,4-B]QUINOLIN-4-ONE",9709
DB07219,"BENZYL N-({(2S,3S)-3-[(PROPYLAMINO)CARBONYL]OXIRAN-2-YL}CARBONYL)-L-ISOLEUCYL-L-PROLINATE",9710
DB07220,"N-[5-(1,1-DIOXIDOISOTHIAZOLIDIN-2-YL)-1H-INDAZOL-3-YL]-2-(4-PIPERIDIN-1-YLPHENYL)ACETAMIDE",9711
DB07221,"(2,2-DIPHOSPHONOETHYL)(DODECYL)DIMETHYLPHOSPHONIUM",9712
DB07223,"METHYL N-({(2S,3S)-3-[(PROPYLAMINO)CARBONYL]OXIRAN-2-YL}CARBONYL)-L-ISOLEUCYL-L-PROLINATE",9713
DB07224,"N-{[(2S,3S)-3-(ETHOXYCARBONYL)OXIRAN-2-YL]CARBONYL}-L-ISOLEUCYL-L-ALANINE",9714
DB07225,"N-{[(2S,3S)-3-(ETHOXYCARBONYL)OXIRAN-2-YL]CARBONYL}-L-ISOLEUCYL-L-ISOLEUCINE",9715
DB07226,"N-[4-(2-CHLOROPHENYL)-1,3-DIOXO-1,2,3,6-TETRAHYDROPYRROLO[3,4-C]CARBAZOL-9-YL]FORMAMIDE",9716
DB07227,L-778123,9717
DB07228,1-(5-CHLORO-2-METHOXYPHENYL)-3-{6-[2-(DIMETHYLAMINO)-1-METHYLETHOXY]PYRAZIN-2-YL}UREA,9718
DB07229,"3-{5-[AMINO(IMINIO)METHYL]-1H-INDOL-2-YL}-5-METHOXY-1,1'-BIPHENYL-2-OLATE",9719
DB07230,3-BROMO-6-HYDROXY-2-(4-HYDROXYPHENYL)-1H-INDEN-1-ONE,9720
DB07231,"N-({(2S,3S)-3-[(BENZYLAMINO)CARBONYL]OXIRAN-2-YL}CARBONYL)-L-ISOLEUCYL-L-PROLINE",9721
DB07232,Veliparib,9722
DB07233,N-{[4-(but-2-yn-1-yloxy)phenyl]sulfonyl}-5-methyl-D-tryptophan,9723
DB07234,"3-{[(1R)-1-phenylethyl]amino}-4-(pyridin-4-ylamino)cyclobut-3-ene-1,2-dione",9724
DB07235,"N-[(1S)-2-AMINO-1-(2,4-DICHLOROBENZYL)ETHYL]-5-[2-(METHYLAMINO)PYRIMIDIN-4-YL]THIOPHENE-2-CARBOXAMIDE",9725
DB07236,3-(6-HYDROXY-NAPHTHALEN-2-YL)-BENZO[D]ISOOXAZOL-6-OL,9726
DB07237,{4-[(2R)-pyrrolidin-2-ylmethoxy]phenyl}(4-thiophen-3-ylphenyl)methanone,9727
DB07239,7-(aminomethyl)-6-(2-chlorophenyl)-1-methyl-1H-benzimidazole-5-carbonitrile,9728
DB07240,3-[(9H-fluoren-9-ylideneamino)oxy]propanoic acid,9729
DB07242,"(4R)-7,8-dichloro-1',9-dimethyl-1-oxo-1,2,4,9-tetrahydrospiro[beta-carboline-3,4'-piperidine]-4-carbonitrile",9730
DB07243,"(3-ENDO)-8-METHYL-8-AZABICYCLO[3.2.1]OCT-3-YL 1H-PYRROLO[2,3-B]PYRIDINE-3-CARBOXYLATE",9731
DB07244,"5-{4-[(3,5-DIFLUOROBENZYL)AMINO]PHENYL}-6-ETHYLPYRIMIDINE-2,4-DIAMINE",9732
DB07245,6-[2-(3'-METHOXYBIPHENYL-3-YL)ETHYL]PYRIDIN-2-AMINE,9733
DB07246,"(2R)-2-AMINO-3,3,3-TRIFLUORO-N-HYDROXY-2-{[(4-PHENOXYPHENYL)SULFONYL]METHYL}PROPANAMIDE",9734
DB07247,"[2'-HYDROXY-3'-(1H-PYRROLO[3,2-C]PYRIDIN-2-YL)-BIPHENYL-3-YLMETHYL]-UREA",9735
DB07248,"7-PYRIDIN-2-YL-N-(3,4,5-TRIMETHOXYPHENYL)-7H-PYRROLO[2,3-D]PYRIMIDIN-2-AMINE",9736
DB07249,"N-(5-chloro-1,3-benzodioxol-4-yl)-6-methoxy-7-(3-piperidin-1-ylpropoxy)quinazolin-4-amine",9737
DB07250,"N'-(5-CHLORO-1,3-BENZODIOXOL-4-YL)-N-(3,4,5- TRIMETHOXYPHENYL)PYRIMIDINE-2,4-DIAMINE",9738
DB07251,"N'-(3-CHLORO-4-METHOXY-PHENYL)-N-(3,4,5-TRIMETHOXYPHENYL)-1,3,5-TRIAZINE-2,4-DIAMINE",9739
DB07252,"3-({4-[(5-chloro-1,3-benzodioxol-4-yl)amino]pyrimidin-2-yl}amino)benzenesulfonamide",9740
DB07253,"N'-(5-chloro-1,3-benzodioxol-4-yl)-N-(3-methylsulfonylphenyl)pyrimidine-2,4-diamine",9741
DB07254,"N-[3-[[4-[(5-CHLORO-1,3-BENZODIOXOL-4-YL)AMINO]PYRIMIDIN-2-YL]AMINO]PHENYL]METHANESULFONAMIDE",9742
DB07255,"N'-(5-CHLORO-1,3-BENZODIOXOL-4-YL)-N-(3-MORPHOLIN-4-YLPHENYL)PYRIMIDINE-2,4-DIAMINE",9743
DB07256,"3-({4-[(5-CHLORO-1,3-BENZODIOXOL-4-YL)AMINO]PYRIMIDIN-2-YL}AMINO)BENZAMIDE",9744
DB07257,"4-(2-chlorophenyl)-8-(2-hydroxyethyl)-6-methylpyrrolo[3,4-e]indole-1,3(2H,6H)-dione",9745
DB07258,(R)-pyridin-4-yl[4-(2-pyrrolidin-1-ylethoxy)phenyl]methanol,9746
DB07259,1-(4-thiophen-2-ylphenyl)methanamine,9747
DB07260,N-benzyl-4-[(2R)-pyrrolidin-2-ylmethoxy]aniline,9748
DB07261,"THIENO[3,2-B]PYRIDINE-2-SULFONIC ACID [1-(1-AMINO-ISOQUINOLIN-7-YLMETHYL)-2-OXO-PYRROLDIN-3-YL]-AMIDE",9749
DB07263,"[{2-bromo-4-[(2R)-3-oxo-2,3-diphenylpropyl]phenyl}(difluoro)methyl]phosphonic acid",9750
DB07264,(S)-N-(1-(3-CHLORO-4-FLUOROPHENYL)-2-HYDROXYETHYL)-4-(4-(3-CHLOROPHENYL)-1H-PYRAZOL-3-YL)-1H-PYRROLE-2-CARBOXAMIDE,9751
DB07265,"3-(9-HYDROXY-1,3-DIOXO-4-PHENYL-2,3-DIHYDROPYRROLO[3,4-C]CARBAZOL-6(1H)-YL)PROPANOIC ACID",9752
DB07266,AKI-001,9753
DB07267,2-(6-methylpyridin-2-yl)-N-pyridin-4-ylquinazolin-4-amine,9754
DB07268,2-({2-[(3-HYDROXYPHENYL)AMINO]PYRIMIDIN-4-YL}AMINO)BENZAMIDE,9755
DB07269,(2S)-2-[3-(AMINOMETHYL)PHENYL]-3-[(R)-[(1R)-1-{[(BENZYLOXY)CARBONYL]AMINO}-2-METHYLPROPYL](HYDROXY)PHOSPHORYL]PROPANOIC ACID,9756
DB07270,"N-[7-(3-AMINOPHENYL)-5-METHOXY-1,3-BENZOXAZOL-2-YL]-2,5-DICHLOROBENZENESULFONAMIDE",9757
DB07271,"4-[(3R)-3-Amino-4-(2,4,5-trifluorophenyl)butanoyl]-3-(2,2,2-trifluoroethyl)-1,4-diazepan-2-one",9758
DB07272,"N-(4-AMINO-5-CYANO-6-ETHOXYPYRIDIN-2-YL)-2-(4-BROMO-2,5-DIMETHOXYPHENYL)ACETAMIDE",9759
DB07274,"N-cyclopropyl-6-[(6,7-dimethoxyquinolin-4-yl)oxy]naphthalene-1-carboxamide",9760
DB07276,"5-CYANO-N-(2,5-DIMETHOXYBENZYL)-6-ETHOXYPYRIDINE-2-CARBOXAMIDE",9761
DB07277,2-(5-CHLORO-2-THIENYL)-N-{(3S)-1-[(1S)-1-METHYL-2-MORPHOLIN-4-YL-2-OXOETHYL]-2-OXOPYRROLIDIN-3-YL}ETHANESULFONAMIDE,9762
DB07278,GW-813893,9763
DB07279,N-ETHYL-N-ISOPROPYL-3-METHYL-5-{[(2S)-2-(PYRIDIN-4-YLAMINO)PROPYL]OXY}BENZAMIDE,9764
DB07280,5-[4-(DIMETHYLAMINO)PHENYL]-6-[(6-MORPHOLIN-4-YLPYRIDIN-3-YL)ETHYNYL]PYRIMIDIN-4-AMINE,9765
DB07281,"N~3~-BENZYLPYRIDINE-2,3-DIAMINE",9766
DB07282,3-({[(1Z)-(2-methoxyphenyl)methylidene]amino}oxy)propanoic acid,9767
DB07283,"9-benzyl-2,3,4,9-tetrahydro-1H-carbazole-8-carboxylic acid",9768
DB07284,"N~3~-(3-PYRIDIN-3-YLBENZYL)PYRIDINE-2,3-DIAMINE",9769
DB07285,"(3R)-4,4-DIFLUORO-3-[(4-METHOXYPHENYL)SULFONYL]BUTANOIC ACID",9770
DB07286,BMS-564929,9771
DB07288,N-(4-chlorophenyl)-2-[(pyridin-4-ylmethyl)amino]benzamide,9772
DB07289,5-[3-(BENZYLAMINO)PHENYL]-4-BROMO-3-(CARBOXYMETHOXY)THIOPHENE-2-CARBOXYLIC ACID,9773
DB07292,"4-(2-amino-1,3-thiazol-4-yl)phenol",9774
DB07294,"3-fluoro-4-[2-hydroxy-2-(5,5,8,8-tetramethyl-5,6,7,8,-tetrahydro-naphtalen-2-yl)-acetylamino]-benzoic acid",9775
DB07295,2-[(7-HYDROXY-NAPHTHALEN-1-YL)-OXALYL-AMINO]-BENZOIC ACID,9776
DB07297,"5,6-DIPHENYL-N-(2-PIPERAZIN-1-YLETHYL)FURO[2,3-D]PYRIMIDIN-4-AMINE",9777
DB07298,"3-(CARBOXYMETHOXY)THIENO[2,3-B]PYRIDINE-2-CARBOXYLIC ACID",9778
DB07299,4-METHYL-PENTANOIC ACID {1-[4-GUANIDINO-1-(THIAZOLE-2-CARBONYL)-BUTYLCARBAMOYL]-2-METHYL-PROPYL}-AMIDE,9779
DB07300,"2-(1H-imidazol-1-yl)-9-methoxy-8-(2-methoxyethoxy)benzo[c][2,7]naphthyridin-4-amine",9780
DB07302,9(S)-HODE,9781
DB07303,"N~3~-[3-(5-METHOXYPYRIDIN-3-YL)BENZYL]PYRIDINE-2,3-DIAMINE",9782
DB07306,ETHYL 4-[(4-CHLOROPYRIDIN-2-YL)AMINO]PIPERIDINE-1-CARBOXYLATE,9783
DB07307,N-cyclopropyl-4-methyl-3-[1-(2-methylphenyl)phthalazin-6-yl]benzamide,9784
DB07309,5-BROMO-2-{[(4-CHLOROPHENYL)SULFONYL]AMINO}BENZOIC ACID,9785
DB07310,"(5S)-2-{[(1S)-1-(2-fluorophenyl)ethyl]amino}-5-methyl-5-(trifluoromethyl)-1,3-thiazol-4(5H)-one",9786
DB07311,"18-CHLORO-11,12,13,14-TETRAHYDRO-1H,10H-8,4-(AZENO)-9,15,1,3,6-BENZODIOXATRIAZACYCLOHEPTADECIN-2-ONE",9787
DB07312,"2,5-DICHLORO-N-(5-CHLORO-1,3-BENZOXAZOL-2-YL)BENZENESULFONAMIDE",9788
DB07313,5-METHYL-2-[(PHENYLSULFONYL)AMINO]BENZOIC ACID,9789
DB07314,"1-(5-CHLORO-2,4-DIMETHOXYPHENYL)-3-(5-CYANOPYRAZIN-2-YL)UREA",9790
DB07316,"N-{1-[(1-carbamoylcyclopropyl)methyl]piperidin-4-yl}-N-cyclopropyl-4-[(1S)-2,2,2-trifluoro-1-hydroxy-1-methylethyl]benzamide",9791
DB07317,(3E)-3-[(phenylamino)methylidene]dihydrofuran-2(3H)-one,9792
DB07318,"N-[2-(4-AMINO-5,8-DIFLUORO-1,2-DIHYDROQUINAZOLIN-2-YL)ETHYL]-3-FURAMIDE",9793
DB07319,"6-(3-BROMO-2-NAPHTHYL)-1,3,5-TRIAZINE-2,4-DIAMINE",9794
DB07320,"4-(6-{[(4-METHYLCYCLOHEXYL)AMINO]METHYL}-1,4-DIHYDROINDENO[1,2-C]PYRAZOL-3-YL)BENZOIC ACID",9795
DB07321,"2,5-DICHLORO-N-[5-METHOXY-7-(6-METHOXYPYRIDIN-3-YL)-1,3-BENZOXAZOL-2-YL]BENZENESULFONAMIDE",9796
DB07322,"2-[(PHENYLSULFONYL)AMINO]-5,6,7,8-TETRAHYDRONAPHTHALENE-1-CARBOXYLIC ACID",9797
DB07323,"2-[({2-[(1Z)-3-(DIMETHYLAMINO)PROP-1-ENYL]-4-FLUOROPHENYL}SULFONYL)AMINO]-5,6,7,8-TETRAHYDRONAPHTHALENE-1-CARBOXYLIC ACID",9798
DB07324,"3-({2-[(2-AMINO-6-METHYLPYRIMIDIN-4-YL)ETHYNYL]BENZYL}AMINO)-1,3-OXAZOL-2(3H)-ONE",9799
DB07325,N-[(2-AMINO-6-METHYLPYRIMIDIN-4-YL)METHYL]-3-{[(E)-(2-OXODIHYDROFURAN-3(2H)-YLIDENE)METHYL]AMINO}BENZENESULFONAMIDE,9800
DB07326,"6-chloro-N-pyrimidin-5-yl-3-{[3-(trifluoromethyl)phenyl]amino}-1,2-benzisoxazole-7-carboxamide",9801
DB07328,"METHYL 4-{[({[(2R,5S)-5-{[(2S)-2-(AMINOMETHYL)PYRROLIDIN-1-YL]CARBONYL}PYRROLIDIN-2-YL]METHYL}AMINO)CARBONYL]AMINO}BENZOATE",9802
DB07329,1-[N-4'-NITROBENZYL-N-4'-CARBOXYBUTYLAMINO]METHYLPHOSPHONIC ACID,9803
DB07330,A-620223,9804
DB07333,"N-(CYCLOPROPYLMETHYL)-4-(METHYLOXY)-3-({5-[3-(3-PYRIDINYL)PHENYL]-1,3-OXAZOL-2-YL}AMINO)BENZENESULFONAMIDE",9805
DB07334,"N-[5-(ETHYLSULFONYL)-2-METHOXYPHENYL]-5-[3-(2-PYRIDINYL)PHENYL]-1,3-OXAZOL-2-AMINE",9806
DB07335,"3-[4-AMINO-1-(1-METHYLETHYL)-1H-PYRAZOLO[3,4-D]PYRIMIDIN-3-YL]PHENOL",9807
DB07336,4-[3-(1H-BENZIMIDAZOL-2-YL)-1H-INDAZOL-6-YL]-2-METHOXYPHENOL,9808
DB07339,"(3S)-3-hydroxy-1-methyl-2,3-dihydro-1H-indole-5,6-dione",9809
DB07340,Reversine,9810
DB07341,"octyl 3-amino-3-deoxy-2-O-(2,6-dideoxy-alpha-L-lyxo-hexopyranosyl)-beta-D-galactopyranoside",9811
DB07342,1-(adamantan-1-yl)-2-(1H-imidazol-1-yl)ethanone,9812
DB07344,"3,6,9,12,15-PENTAOXAHEPTADECAN-1-OL",9813
DB07345,4-(2-aminoethyl)-2-cyclohexylphenol,9814
DB07346,4-(2-aminoethyl)-2-ethylphenol,9815
DB07347,4-(2-Aminoethyl)Benzenesulfonyl Fluoride,9816
DB07348,Brefeldin A,9817
DB07350,(2E)-N-hydroxy-3-[1-methyl-4-(phenylacetyl)-1H-pyrrol-2-yl]prop-2-enamide,9818
DB07351,O-(((1R)-((N-(PHENYL-METHOXY-CARBONYL)-ALANYL)-AMINO)METHYL)HYDROXYPHOSPHINYL)3-L-PHENYLLACTATE,9819
DB07353,"4-(2,5-DIAMINO-5-HYDROXY-PENTYL)-PHENOL",9820
DB07354,"2,3-DIMETHOXY-12H-[1,3]DIOXOLO[5,6]INDENO[1,2-C]ISOQUINOLIN-6-IUM",9821
DB07356,"(1S)-2-[(2S,5R)-2-(AMINOMETHYL)-5-ETHYNYLPYRROLIDIN-1-YL]-1-CYCLOPENTYL-2-OXOETHANAMINE",9822
DB07357,"4-AMINO-2-HEXYLOXY-6-HYDROXYMETHYL-TETRAHYDRO-PYRAN-3,5-DIOL",9823
DB07358,"2-amino-N-(4-methyl-1,3-thiazol-2-yl)-5-[(4-methyl-4H-1,2,4-triazol-3-yl)sulfanyl]benzamide",9824
DB07359,"3-[(4-fluorophenyl)sulfanyl]-N-(4-methyl-1,3-thiazol-2-yl)-6-[(4-methyl-4H-1,2,4-triazol-3-yl)sulfanyl]pyridine-2-carboxamide",9825
DB07360,"1-{5-[2-(thieno[3,2-d]pyrimidin-4-ylamino)ethyl]-1,3-thiazol-2-yl}-3-[3-(trifluoromethyl)phenyl]urea",9826
DB07362,"1-(5-{2-[(1-methyl-1H-pyrazolo[4,3-d]pyrimidin-7-yl)amino]ethyl}-1,3-thiazol-2-yl)-3-[3-(trifluoromethyl)phenyl]urea",9827
DB07363,"THIOPHENE-2,5-DISULFONIC ACID 2-AMIDE-5-(4-METHYL-BENZYLAMIDE)",9828
DB07364,"6-PHENYL[5H]PYRROLO[2,3-B]PYRAZINE",9829
DB07366,2-[N'-(4-AMINO-BUTYL)-HYDRAZINOCARBONYL]-PYRROLIDINE-1-CARBOXYLIC ACID BENZYL ESTER,9830
DB07368,4-(METHYLSULFONYL)BENZENECARBOXIMIDAMIDE,9831
DB07369,"N-(3-chlorophenyl)-N-methyl-2-oxo-3-[(3,4,5-trimethyl-1H-pyrrol-2-yl)methyl]-2H-indole-5-sulfonamide",9832
DB07371,3-(10-methyl-9-anthryl)propanoic acid,9833
DB07374,Anisomycin,9834
DB07375,Etiocholanedione,9835
DB07376,5-(DIMETHYLAMINO)-1-NAPHTHALENESULFONIC ACID(DANSYL ACID),9836
DB07377,"N'-((2S,3R)-3-AMINO-2-HYDROXY-5-(ISOPROPYLSULFANYL)PENTANOYL)-N-3-CHLOROBENZOYL HYDRAZIDE",9837
DB07378,"4-AMINO-2-OCTYLOXY-6-HYDROXYMETHYL-TETRAHYDRO-PYRAN-3,5-DIOL",9838
DB07379,(2S)-2-({6-[(3-Amino-5-chlorophenyl)amino]-9-isopropyl-9H-purin-2-yl}amino)-3-methyl-1-butanol,9839
DB07380,"1,1,1-TRIFLUORO-3-ACETAMIDO-4-PHENYL BUTAN-2-ONE(N-ACETYL-L-PHENYLALANYL TRIFLUOROMETHYL KETONE)",9840
DB07382,"N~2~-1H-benzimidazol-5-yl-N~4~-(3-cyclopropyl-1H-pyrazol-5-yl)pyrimidine-2,4-diamine",9841
DB07383,"N-(1-BENZYL-3,3,3-TRIFLUORO-2,2-DIHYDROXY-PROPYL)-ACETAMIDE",9842
DB07384,1-ACETYL-2-CARBOXYPIPERIDINE,9843
DB07385,"3-(HYDROXYMETHYL)-1-METHYL-5-(2-METHYLAZIRIDIN-1-YL)-2-PHENYL-1H-INDOLE-4,7-DIONE",9844
DB07387,3-(BUTYLSULPHONYL)-PROPANOIC ACID,9845
DB07388,ETHYL 4-[(4-METHYLPYRIDIN-2-YL)AMINO]PIPERIDINE-1-CARBOXYLATE,9846
DB07389,N-[2-(6-AMINO-4-METHYLPYRIDIN-2-YL)ETHYL]-4-CYANOBENZAMIDE,9847
DB07390,"2-[3-(5-Mercapto-[1,3,4]thiadiazol-2-yl)-ureido]-N-methyl-3-phenyl-propionamide",9848
DB07393,"2-(2-PHENYL-3-PYRIDIN-2-YL-4,5,6,7-TETRAHYDRO-2H-ISOPHOSPHINDOL-1-YL)PYRIDINE",9849
DB07394,AUROVERTIN B,9850
DB07397,"(5S)-5-(2-amino-2-oxoethyl)-4-oxo-N-[(3-oxo-3,4-dihydro-2H-1,4-benzoxazin-6-yl)methyl]-3,4,5,6,7,8-hexahydro[1]benzothieno[2,3-d]pyrimidine-2-carboxamide",9851
DB07400,1-ETHOXYCARBONYL-D-PHE-PRO-2(4-AMINOBUTYL)HYDRAZINE,9852
DB07401,Azoxystrobin,9853
DB07402,Azapropazone,9854
DB07403,"4-[(3-CHLORO-4-{[(2R)-3,3,3-TRIFLUORO-2-HYDROXY-2-METHYLPROPANOYL]AMINO}PHENYL)SULFONYL]-N,N-DIMETHYLBENZAMIDE",9855
DB07405,"1-(6-CYANO-3-PYRIDYLCARBONYL)-5',8'-DIFLUOROSPIRO[PIPERIDINE-4,2'(1'H)-QUINAZOLINE]-4'-AMINE",9856
DB07406,"(4R)-N-[4-({[2-(DIMETHYLAMINO)ETHYL]AMINO}CARBONYL)-1,3-THIAZOL-2-YL]-4-METHYL-1-OXO-2,3,4,9-TETRAHYDRO-1H-BETA-CARBOLINE-6-CARBOXAMIDE",9857
DB07410,[2-(3-DIBENZOFURAN-4-YL-PHENYL)-1-HYDROXY-1-PHOSPHONO-ETHYL]-PHOSPHONIC ACID,9858
DB07412,1-biphenyl-2-ylmethanamine,9859
DB07415,4-[(1S)-1-(3-fluoro-4-methoxyphenyl)-2-(2-methoxy-5-nitrophenyl)ethyl]-1H-imidazol-2-amine,9860
DB07416,(2S)-2-(BUTYRYLOXY)-3-HYDROXYPROPYL NONANOATE,9861
DB07419,S-23,9862
DB07421,"4-{[(1R,2S)-1,2-dihydroxy-2-methyl-3-(4-nitrophenoxy)propyl]amino}-2-(trifluoromethyl)benzonitrile",9863
DB07422,(2S)-2-hydroxy-2-methyl-N-[4-nitro-3-(trifluoromethyl)phenyl]-3-(pentafluorophenoxy)propanamide,9864
DB07423,Andarine,9865
DB07425,Sobetirome,9866
DB07427,2-[(2-methoxy-5-methylphenoxy)methyl]pyridine,9867
DB07428,4-[(5-methoxy-2-methylphenoxy)methyl]pyridine,9868
DB07430,"(10R)-10-methyl-3-(6-methylpyridin-3-yl)-9,10,11,12-tetrahydro-8H-[1,4]diazepino[5',6':4,5]thieno[3,2-f]quinolin-8-one",9869
DB07431,"(3R)-3-(aminomethyl)-9-methoxy-1,2,3,4-tetrahydro-5H-[1]benzothieno[3,2-e][1,4]diazepin-5-one",9870
DB07433,(TERT-BUTYLOXYCARBONYL)-ALANYL-AMINO ETHYL-FORMAMIDE,9871
DB07435,"1,2,3-TRIHYDROXY-1,2,3,4-TETRAHYDROBENZO[A]PYRENE",9872
DB07437,5-Benzylacyclouridine,9873
DB07440,4-TERT-BUTYLBENZENESULFONIC ACID,9874
DB07441,"3-{[(9-CYANO-9,10-DIHYDRO-10-METHYLACRIDIN-9-YL)CARBONYL]AMINO}PROPANOIC ACID",9875
DB07443,(2Z)-N-biphenyl-4-yl-2-cyano-3-hydroxybut-2-enamide,9876
DB07444,"6-(3-AMINOPROPYL)-4,9-DIMETHYLPYRROLO[3,4-C]CARBAZOLE-1,3(2H,6H)-DIONE",9877
DB07446,N-(biphenyl-4-ylsulfonyl)-D-leucine,9878
DB07447,5beta-dihydrotestosterone,9879
DB07448,(2S)-3-[(R)-[(1S)-1-amino-3-phenylpropyl](hydroxy)phosphoryl]-2-benzylpropanoic acid,9880
DB07449,N-[(1S)-1-(aminocarbonyl)-4-(ethanimidoylamino)butyl]benzamide,9881
DB07450,(R)-minalrestat,9882
DB07453,alpha-Naphthoflavone,9883
DB07454,(R)-3-BROMO-2-HYDROXY-2-METHYL-N-[4-NITRO-3-(TRIFLUOROMETHYL)PHENYL]PROPANAMIDE,9884
DB07455,"N,N'-[biphenyl-4,4'-diyldi(2R)propane-2,1-diyl]dimethanesulfonamide",9885
DB07456,"3-(1H-indol-3-yl)-4-(1-{2-[(2S)-1-methylpyrrolidinyl]ethyl}-1H-indol-3-yl)-1H-pyrrole-2,5-dione",9886
DB07457,"3-[1-(3-AMINOPROPYL)-1H-INDOL-3-YL]-4-(1H-INDOL-3-YL)-1H-PYRROLE-2,5-DIONE",9887
DB07458,"3-(1H-indol-3-yl)-4-{1-[2-(1-methylpyrrolidin-2-yl)ethyl]-1H-indol-3-yl}-1H-pyrrole-2,5-dione",9888
DB07459,4-PHENOXY-N-(PYRIDIN-2-YLMETHYL)BENZAMIDE,9889
DB07460,2-({5-CHLORO-2-[(2-METHOXY-4-MORPHOLIN-4-YLPHENYL)AMINO]PYRIMIDIN-4-YL}AMINO)-N-METHYLBENZAMIDE,9890
DB07461,"3-AMINO-3-BENZYL-9-CARBOXAMIDE[4.3.0]BICYCLO-1,6-DIAZANONAN-2-ONE",9891
DB07462,"(3,4-DIHYDROXY-2-NITROPHENYL)(PHENYL)METHANONE",9892
DB07465,"(1S,3S,5S)-2-{(2S)-2-amino-2-[(1R,3S,5R,7S)-3-hydroxytricyclo[3.3.1.1~3,7~]dec-1-yl]acetyl}-2-azabicyclo[3.1.0]hexane-3-carbonitrile",9893
DB07467,(S)-Indapamide,9894
DB07468,"(3aS)-3a-hydroxy-5-methyl-1-phenyl-1,2,3,3a-tetrahydro-4H-pyrrolo[2,3-b]quinolin-4-one",9895
DB07469,"(3aS)-3a-hydroxy-7-methyl-1-phenyl-1,2,3,3a-tetrahydro-4H-pyrrolo[2,3-b]quinolin-4-one",9896
DB07470,"(3aS)-3a-hydroxy-1-phenyl-1,2,3,3a-tetrahydro-4H-pyrrolo[2,3-b]quinolin-4-one",9897
DB07471,"5-[5,6-BIS(METHYLOXY)-1H-BENZIMIDAZOL-1-YL]-3-{[1-(2-CHLOROPHENYL)ETHYL]OXY}-2-THIOPHENECARBOXAMIDE",9898
DB07474,3-[5-(1H-IMIDAZOL-1-YL)-7-METHYL-1H-BENZIMIDAZOL-2-YL]-4-[(PYRIDIN-2-YLMETHYL)AMINO]PYRIDIN-2(1H)-ONE,9899
DB07476,N-[4-(AMINOSULFONYL)PHENYL]-2-MERCAPTOBENZAMIDE,9900
DB07477,Felbinac,9901
DB07479,"(1S)-1,2,3,4-TETRAHYDRO-BENZO[C]PHENANTHRENE-2,3,4-TRIOL",9902
DB07480,4-PHOSPHONOOXY-PHENYL-METHYL-[4-PHOSPHONOOXY]BENZEN,9903
DB07482,(2R)-N-[(2R)-2-(DIHYDROXYBORYL)-1-L-PROLYLPYRROLIDIN-2-YL]-N-[(5R)-5-(DIHYDROXYBORYL)-1-L-PROLYLPYRROLIDIN-2-YL]-L-PROLINAMIDE,9904
DB07484,"(2R)-4,4-dihydroxy-5-nitro-2-(phenylmethyl)pentanoic acid",9905
DB07485,Bisphenol Z,9906
DB07486,"3-({4-[(1E)-3-morpholin-4-yl-3-oxoprop-1-en-1-yl]-2,3-bis(trifluoromethyl)phenyl}sulfanyl)aniline",9907
DB07488,"{4-Amino-2-[(4-methoxyphenyl)amino]-1,3-thiazol-5-yl}(4-methoxyphenyl)methanone",9908
DB07489,"4-Amino-2-[(3-chlorophenyl)amino]-5-(4-fluorobenzoyl)-1,3-thiazol-3-ium",9909
DB07491,"5-amino-2,4,6-tribromobenzene-1,3-dicarboxylic acid",9910
DB07493,5-Bromoindirubin,9911
DB07494,"(3-EXO)-3-(10,11-DIHYDRO-5H-DIBENZO[A,D][7]ANNULEN-5-YLOXY)-8,8-DIMETHYL-8-AZONIABICYCLO[3.2.1]OCTANE",9912
DB07495,"5-(5-CHLORO-2,4-DIHYDROXYPHENYL)-N-ETHYL-4-(4-METHOXYPHENYL)-1H-PYRAZOLE-3-CARBOXAMIDE",9913
DB07497,"5-(HEXAHYDRO-2-OXO-1H-THIENO[3,4-D]IMIDAZOL-6-YL)PENTANAL",9914
DB07498,"4-[3-(3-NITROPHENYL)-1,2,4-OXADIAZOL-5-YL]BUTANOIC ACID",9915
DB07500,(2E)-1-[2-hydroxy-4-methoxy-5-(3-methylbut-2-en-1-yl)phenyl]-3-(4-hydroxyphenyl)prop-2-en-1-one,9916
DB07501,(2S)-1-{4-[(4-Anilino-5-bromo-2-pyrimidinyl)amino]phenoxy}-3-(dimethylamino)-2-propanol,9917
DB07502,"4-bromo-6-(6-hydroxy-1,2-benzisoxazol-3-yl)benzene-1,3-diol",9918
DB07503,"(5E)-5-[(2,2-DIFLUORO-1,3-BENZODIOXOL-5-YL)METHYLENE]-1,3-THIAZOLIDINE-2,4-DIONE",9919
DB07504,(2R)-1-{4-[(4-Anilino-5-bromo-2-pyrimidinyl)amino]phenoxy}-3-(dimethylamino)-2-propanol,9920
DB07506,L-BENZYLSUCCINIC ACID,9921
DB07508,4-(5-BENZENESULFONYLAMINO-1-METHYL-1H-BENZOIMIDAZOL-2-YLMETHYL)-BENZAMIDINE,9922
DB07509,difluoro(5-{2-[(5-octyl-1H-pyrrol-2-yl-kappaN)methylidene]-2H-pyrrol-5-yl-kappaN}pentanoato)boron,9923
DB07512,7-[(3-CHLOROBENZYL)OXY]-2-OXO-2H-CHROMENE-4-CARBALDEHYDE,9924
DB07513,7-[(3-CHLOROBENZYL)OXY]-4-[(METHYLAMINO)METHYL]-2H-CHROMEN-2-ONE,9925
DB07514,"3-(2-aminoquinazolin-6-yl)-1-(3,3-dimethylindolin-6-yl)-4-methylpyridin-2(1H)-one",9926
DB07515,"1-(2-{[(6-amino-2-methylpyridin-3-yl)methyl]amino}ethyl)-6-chloro-3-[(2,2-difluoro-2-pyridin-2-ylethyl)amino]-1,4-dihydropyrazin-2-ol",9927
DB07517,3-CARBOXY-4-METHYL-5-PROPYL-2-FURANPROPIONIC,9928
DB07519,"(6R)-2-amino-6-[2-(3'-methoxybiphenyl-3-yl)ethyl]-3,6-dimethyl-5,6-dihydropyrimidin-4(3H)-one",9929
DB07520,"N-[1-(AMINOMETHYL)CYCLOPROPYL]-3-(MORPHOLIN-4-YLSULFONYL)-N~2~-[(1S)-2,2,2-TRIFLUORO-1-(4-FLUOROPHENYL)ETHYL]-L-ALANINAMIDE",9930
DB07521,"(3Z,6S)-6-Chloro-1-(2-{[(5-chloro-1-benzothiophen-3-yl)methyl]amino}ethyl)-3-({2-[(2R)-2-piperidinyl]ethyl}imino)-2-piperazinol",9931
DB07522,"N-[(2R,3S)-3-AMINO-2-HYDROXY-4-PHENYLBUTYL]NAPHTHALENE-2-SULFONAMIDE",9932
DB07524,"N-phenyl-1H-pyrrolo[2,3-b]pyridin-3-amine",9933
DB07525,"3-(3-methoxybenzyl)-1H-pyrrolo[2,3-b]pyridine",9934
DB07527,"N-[(2R,3S)-3-AMINO-2-HYDROXY-4-PHENYLBUTYL]-4-METHOXY-2,3,6-TRIMETHYLBENZENESULFONAMIDE",9935
DB07528,3-(2-aminoquinazolin-6-yl)-4-methyl-1-[3-(trifluoromethyl)phenyl]pyridin-2(1H)-one,9936
DB07529,"(5E)-2-Amino-5-(2-pyridinylmethylene)-1,3-thiazol-4(5H)-one",9937
DB07530,"(1R,3R)-5-[(2E)-3-{(1S,3R)-2,2,3-trimethyl-3-[6,6,6-trifluoro-5-hydroxy-5-(trifluoromethyl)hex-3-yn-1-yl]cyclopentyl}prop-2-en-1-ylidene]cyclohexane-1,3-diol",9938
DB07531,"4-{5-[(Z)-(2,4-DIOXO-1,3-THIAZOLIDIN-5-YLIDENE)METHYL]FURAN-2-YL}BENZENESULFONAMIDE",9939
DB07533,"4-{5-[(Z)-(2-IMINO-4-OXO-1,3-THIAZOLIDIN-5-YLIDENE)METHYL]-2-FURYL}-N-METHYLBENZENESULFONAMIDE",9940
DB07534,"4-{5-[(Z)-(2-IMINO-4-OXO-1,3-THIAZOLIDIN-5-YLIDENE)METHYL]FURAN-2-YL}BENZENESULFONAMIDE",9941
DB07535,2-amino-6-[2-(1H-indol-6-yl)ethyl]pyrimidin-4(3H)-one,9942
DB07537,"N'-(6-aminopyridin-3-yl)-N-(2-cyclopentylethyl)-4-methyl-benzene-1,3-dicarboxamide",9943
DB07538,"4-{5-[(Z)-(2-IMINO-4-OXO-1,3-THIAZOLIDIN-5-YLIDENE)METHYL]FURAN-2-YL}-2-(TRIFLUOROMETHYL)BENZENESULFONAMIDE",9944
DB07539,"4-{5-[(Z)-(2-IMINO-4-OXO-1,3-THIAZOLIDIN-5-YLIDENE)METHYL]FURAN-2-YL}BENZOIC ACID",9945
DB07540,"4-{5-[(1Z)-1-(2-IMINO-4-OXO-1,3-THIAZOLIDIN-5-YLIDENE)ETHYL]-2-FURYL}BENZENESULFONAMIDE",9946
DB07542,5-AMINO-6-CYCLOHEXYL-4-HYDROXY-2-ISOBUTYL-HEXANOIC ACID,9947
DB07543,(S)-carazolol,9948
DB07544,N'-(5-CHLOROBENZOFURAN-2-CARBONYL)-2-(TRIFLUOROMETHYL)BENZENESULFONOHYDRAZIDE,9949
DB07545,N-{3-[(4-{[3-(TRIFLUOROMETHYL)PHENYL]AMINO}PYRIMIDIN-2-YL)AMINO]PHENYL}CYCLOPROPANECARBOXAMIDE,9950
DB07546,[1-(6-{6-[(1-methylethyl)amino]-1H-indazol-1-yl}pyrazin-2-yl)-1H-pyrrol-3-yl]acetic acid,9951
DB07548,"2-(6-CHLORO-3-{[2,2-DIFLUORO-2-(2-PYRIDINYL)ETHYL]AMINO}-2-OXO-1(2H)-PYRAZINYL)-N-[(2-FLUORO-6-PYRIDINYL)METHYL]ACETAMIDE",9952
DB07549,"2-(6-CHLORO-3-{[2,2-DIFLUORO-2-(2-PYRIDINYL)ETHYL]AMINO}-2-OXO-1(2H)-PYRAZINYL)-N-[(2-FLUORO-3-METHYL-6-PYRIDINYL)METHYL]ACETAMIDE",9953
DB07550,"2-(6-CHLORO-3-{[2,2-DIFLUORO-2-(1-OXIDO-2-PYRIDINYL)ETHYL]AMINO}-2-OXO-1(2H)-PYRAZINYL)-N-[(2-FLUOROPHENYL)METHYL]ACETAMIDE",9954
DB07555,"Hydroxy(oxo)(2-{(1S)-2,2,2-trifluoro-1-[2-(trimethylarsonio)ethoxy]ethyl}phenyl)ammonium",9955
DB07556,CGS-27023,9956
DB07557,"3,20-Pregnanedione",9957
DB07558,acetylleucyl-leucyl-norleucinal,9958
DB07559,"(2Z)-2-cyano-N-(2,2'-dichlorobiphenyl-4-yl)-3-hydroxybut-2-enamide",9959
DB07561,(2Z)-2-cyano-N-(3'-ethoxybiphenyl-4-yl)-3-hydroxybut-2-enamide,9960
DB07562,"N-[4-(2,4-DIMETHYL-THIAZOL-5-YL)-PYRIMIDIN-2-YL]-N',N'-DIMETHYL-BENZENE-1,4-DIAMINE",9961
DB07563,"1-{7-cyclohexyl-6-[4-(4-methylpiperazin-1-yl)benzyl]-7H-pyrrolo[2,3-d]pyrimidin-2-yl}methanamine",9962
DB07565,Chloramphenicol succinate,9963
DB07567,"(2R,3R,4S)-3-(4-HYDROXYPHENYL)-4-METHYL-2-[4-(2-PYRROLIDIN-1-YLETHOXY)PHENYL]CHROMAN-6-OL",9964
DB07573,"(2S)-1-(2,5-dimethylphenoxy)-3-morpholin-4-ylpropan-2-ol",9965
DB07574,"2-MERCAPTO-N-[1,2,3,10-TETRAMETHOXY-9-OXO-5,6,7,9-TETRAHYDRO-BENZO[A]HEPTALEN-7-YL]ACETAMIDE",9966
DB07577,"2,4-Diamino-5-phenyl-6-ethylpyrimidine",9967
DB07579,"Bis-1,2-{[(Z)-2-carboxy-2-methyl-1,3-dioxane]-5-yloxycarbamoyl}-ethane",9968
DB07580,"BIS-1,2-{[(Z)-2CARBOXY-2-METHYL-1,3-DIOXANE]-5-YLOXYCARBONYL}-PIPERAZINE",9969
DB07583,"(4R,2S)-5'-(4-(4-CHLOROBENZYLOXY)PYRROLIDIN-2-YLMETHANESULFONYL)ISOQUINOLINE",9970
DB07584,"N-[2-(5-methyl-4H-1,2,4-triazol-3-yl)phenyl]-7H-pyrrolo[2,3-d]pyrimidin-4-amine",9971
DB07585,"5-(5-chloro-7H-pyrrolo[2,3-d]pyrimidin-4-yl)-4,5,6,7-tetrahydro-1H-imidazo[4,5-c]pyridine",9972
DB07586,"5-(4-METHYL-BENZOYLAMINO)-BIPHENYL-3,4'-DICARBOXYLIC ACID 3-DIMETHYLAMIDE-4'-HYDROXYAMIDE",9973
DB07587,"N-(1-CYANOCYCLOPROPYL)-3-({[(2S)-5-OXOPYRROLIDIN-2-YL]METHYL}SULFONYL)-N~2~-[(1S)-2,2,2-TRIFLUORO-1-(4-FLUOROPHENYL)ETHYL]-L-ALANINAMIDE",9974
DB07589,"N-[1-(AMINOMETHYL)CYCLOPROPYL]-3-(BENZYLSULFONYL)-N~2~-[(1S)-2,2,2-TRIFLUORO-1-(4-HYDROXYPHENYL)ETHYL]-L-ALANINAMIDE",9975
DB07592,(2R)-3-Methyl-1-phenyl-2-butanyl [(2S)-1-oxo-2-hexanyl]carbamate,9976
DB07593,1-(PHENYLMETHYL)CYCLOPENTYL[(1S)-1-FORMYLPENTYL]CARBAMATE,9977
DB07594,CCT-018159,9978
DB07595,"(5Z)-5-(3-BROMOCYCLOHEXA-2,5-DIEN-1-YLIDENE)-N-(PYRIDIN-4-YLMETHYL)-1,5-DIHYDROPYRAZOLO[1,5-A]PYRIMIDIN-7-AMINE",9979
DB07596,"(17beta)-17-(cyanomethyl)-2-methoxyestra-1(10),2,4-trien-3-yl sulfamate",9980
DB07597,"CIS-(1R,2S)-2-AMINO-1,2,3,4-TETRAHYDRONAPHTHALEN-1-OL",9981
DB07598,"2,3,6A,7,8,9-HEXAHYDRO-11H-[1,4]DIOXINO[2,3-G]PYRROLO[2,1-B][1,3]BENZOXAZIN-11-ONE",9982
DB07601,"4-chloro-6-{5-[(2-morpholin-4-ylethyl)amino]-1,2-benzisoxazol-3-yl}benzene-1,3-diol",9983
DB07602,S-{3-[(4-ANILINOQUINAZOLIN-6-YL)AMINO]-3-OXOPROPYL}-L-CYSTEINE,9984
DB07604,"(6AR,11AS,11BR)-10-ACETYL-9-HYDROXY-7,7-DIMETHYL-2,6,6A,7,11A,11B-HEXAHYDRO-11H-PYRROLO[1',2':2,3]ISOINDOLO[4,5,6-CD]INDOL-11-ONE",9985
DB07605,"2-({4-[(5-CHLORO-1H-INDOL-2-YL)SULFONYL]PIPERAZIN-1-YL}CARBONYL)THIENO[3,2-B]PYRIDINE 4-OXIDE",9986
DB07606,"6-(3,4-DIHYDROXYBENZYL)-3-ETHYL-1-(2,4,6-TRICHLOROPHENYL)-1H-PYRAZOLO[3,4-D]PYRIMIDIN-4(5H)-ONE",9987
DB07607,4-[5-(3-IODO-PHENYL)-2-(4-METHANESULFINYL-PHENYL)-1H-IMIDAZOL-4-YL]-PYRIDINE,9988
DB07608,N-(5-{[(2S)-4-amino-2-(3-chlorophenyl)butanoyl]amino}-1H-indazol-3-yl)benzamide,9989
DB07609,"N,N-DIMETHYL(5-(PYRIDIN-3-YL)FURAN-2-YL)METHANAMINE",9990
DB07612,6-(3-AMINOPHENYL)-N-(TERT-BUTYL)-2-(TRIFLUOROMETHYL)QUINAZOLIN-4-AMINE,9991
DB07613,3-phenyl-5-(1H-pyrazol-3-yl)isoxazole,9992
DB07614,"PHENYL-5-(1H-PYRAZOL-3-YL)-1,3-THIAZOLE",9993
DB07615,Tranilast,9994
DB07616,"4-{[4-(4-fluoro-3-methylphenyl)-1,3-thiazol-2-yl]amino}-2-hydroxybenzoic acid",9995
DB07617,N-METHYL(5-(PYRIDIN-3-YL)FURAN-2-YL)METHANAMINE,9996
DB07618,"2-(4-(AMINOMETHYL)PIPERIDIN-1-YL)-N-(3_CYCLOHEXYL-4-OXO-2,4-DIHYDROINDENO[1,2-C]PYRAZOL-5-YL)ACETAMIDE",9997
DB07619,"N-cyclopropyl-N-(trans-4-pyridin-3-ylcyclohexyl)-4-[(1S)-2,2,2-trifluoro-1-hydroxy-1-methylethyl]benzamide",9998
DB07621,(5-(PYRIDIN-3-YL)FURAN-2-YL)METHANAMINE,9999
DB07622,"1-(3-(2,4-DIMETHYLTHIAZOL-5-YL)-4-OXO-2,4-DIHYDROINDENO[1,2-C]PYRAZOL-5-YL)-3-(4-METHYLPIPERAZIN-1-YL)UREA",10000
DB07623,"4,4'-DIPYRIDYL DISULFIDE",10001
DB07624,"1-{[(3R)-3-methyl-4-({4-[(1S)-2,2,2-trifluoro-1-hydroxy-1-methylethyl]phenyl}sulfonyl)piperazin-1-yl]methyl}cyclopropanecarboxamide",10002
DB07625,"4-(2-aminoethoxy)-N-(2,5-diethoxyphenyl)-3,5-dimethylbenzamide",10003
DB07626,"4-(2-aminoethoxy)-N-(3-chloro-2-ethoxy-5-piperidin-1-ylphenyl)-3,5-dimethylbenzamide",10004
DB07627,(2S)-4-METHYL-2-(3-PHENYLTHIOUREIDO)-N-((3S)-TETRAHYDRO-2-HYDROXY-3-FURANYL)PENTANAMIDE,10005
DB07628,"6-(2-fluorobenzyl)-2,4-dimethyl-4,6-dihydro-5H-thieno[2',3':4,5]pyrrolo[2,3-d]pyridazin-5-one",10006
DB07629,"N-((1R,2S)-2-(5-CHLORO-1H-INDOLE-2-CARBOXAMIDO)CYCLOHEXYL)-5-METHYL-4,5,6,7-TETRAHYDROTHIAZOLO[5,4-C]PYRIDINE-2-CARBOXAMIDE",10007
DB07630,"N-((1R,2R)-2-(5-CHLORO-1H-INDOLE-2-CARBOXAMIDO)CYCLOHEXYL)-5-METHYL-4,5,6,7-TETRAHYDROTHIAZOLO[5,4-C]PYRIDINE-2-CARBOXAMIDE",10008
DB07632,"5-(2-chlorophenyl)-1,3,4-thiadiazole-2-sulfonamide",10009
DB07633,octyl 3-deoxy-2-O-(6-deoxy-alpha-L-galactopyranosyl)-beta-D-xylo-hexopyranoside,10010
DB07636,"5-Heptyl-6-hydroxy-1,3-benzothiazole-4,7-dione",10011
DB07637,Dibromotyrosine,10012
DB07638,"(3AS,4R,9BR)-2,2-DIFLUORO-4-(4-HYDROXYPHENYL)-1,2,3,3A,4,9B-HEXAHYDROCYCLOPENTA[C]CHROMEN-8-OL",10013
DB07639,3-(7-DIAMINOMETHYL-NAPHTHALEN-2-YL)-PROPIONIC ACID ETHYL ESTER,10014
DB07641,Decyl(dimethyl)phosphine oxide,10015
DB07642,"5-{[1-(2-fluorobenzyl)piperidin-4-yl]methoxy}quinazoline-2,4-diamine",10016
DB07643,"5-{[1-(2,3-dichlorobenzyl)piperidin-4-yl]methoxy}quinazoline-2,4-diamine",10017
DB07644,"5-[(1S)-1-(3-chlorophenyl)ethoxy]quinazoline-2,4-diamine",10018
DB07645,Sebacic acid,10019
DB07646,"UNDECYLAMINE-N,N-DIMETHYL-N-OXIDE",10020
DB07647,"(2R)-1-[(5,6-DIPHENYL-7H-PYRROLO[2,3-D]PYRIMIDIN-4-YL)AMINO]PROPAN-2-OL",10021
DB07648,"(2R)-3-{[(4Z)-5,6-DIPHENYL-6,7-DIHYDRO-4H-PYRROLO[2,3-D]PYRIMIDIN-4-YLIDENE]AMINO}PROPANE-1,2-DIOL",10022
DB07651,N-ACETYL-L-PHENYLALANYL-4-[DIFLUORO(PHOSPHONO)METHYL]-L-PHENYLALANINAMIDE,10023
DB07652,"1-[2-DEOXYRIBOFURANOSYL]-2,4-DIFLUORO-5-METHYL-BENZENE-5'MONOPHOSPHATE",10024
DB07653,"N-(5,6-DIPHENYLFURO[2,3-D]PYRIMIDIN-4-YL)GLYCINE",10025
DB07654,"(5,6-DIPHENYL-FURO[2,3-D]PYRIMIDIN-4-YLAMINO)-ACETIC",10026
DB07655,"3-AMINO-3-BENZYL-[4.3.0]BICYCLO-1,6-DIAZANONAN-2-ONE",10027
DB07657,PHOSPHONIC ACID 2-DODECANOYLAMINO-HEXYL ESTER PROPYL ESTER,10028
DB07658,AC-(D)Phe-pro-borolys-OH,10029
DB07659,AC-(D)PHE-PRO-BOROHOMOLYS-OH,10030
DB07660,AC-(D)PHE-PRO-BOROHOMOORNITHINE-OH,10031
DB07662,PD-168393,10032
DB07664,K-00546,10033
DB07665,"N-[2-(carbamimidamidooxy)ethyl]-2-{6-cyano-3-[(2,2-difluoro-2-pyridin-2-ylethyl)amino]-2-fluorophenyl}acetamide",10034
DB07666,"(3R,4S)-1-{6-[3-(METHYLSULFONYL)PHENYL]PYRIMIDIN-4-YL}-4-(2,4,5-TRIFLUOROPHENYL)PYRROLIDIN-3-AMINE",10035
DB07668,3-(4-DIETHYLAMINO-2-HYDROXY-PHENYL)-2-METHYL-PROPIONIC ACID,10036
DB07670,"N,4-Dimethyl-N-(1-phenyl-1H-pyrazol-5-yl)benzenesulfonamide",10037
DB07672,TRANS-2-(DIMETHYLPHENYLSILYL)-PIPERIDINE-N-OXIDE,10038
DB07675,(2S)-2-ETHOXY-3-{4-[2-(10H-PHENOXAZIN-10-YL)ETHOXY]PHENYL}PROPANOIC ACID,10039
DB07676,"3-({[(3S)-3,4-dihydroxybutyl]oxy}amino)-1H,2'H-2,3'-biindol-2'-one",10040
DB07677,"2-methyl-3,5,7,8-tetrahydro-4H-thiopyrano[4,3-d]pyrimidin-4-one",10041
DB07678,"(9ALPHA,13BETA,17BETA)-2-[(1Z)-BUT-1-EN-1-YL]ESTRA-1,3,5(10)-TRIENE-3,17-DIOL",10042
DB07680,[(1S)-1-(5-CHLORO-1-BENZOTHIEN-3-YL)-2-(2-NAPHTHYLAMINO)-2-OXOETHYL]PHOSPHONIC ACID,10043
DB07681,DODECANESULFONATE ION,10044
DB07683,"N-(dibenzo[b,d]thiophen-3-ylsulfonyl)-L-valine",10045
DB07684,5-(DIMETHYLAMINO)-2-NAPHTHALENESULFONIC ACID,10046
DB07685,"4-{[5-(CYCLOHEXYLMETHOXY)[1,2,4]TRIAZOLO[1,5-A]PYRIMIDIN-7-YL]AMINO}BENZENESULFONAMIDE",10047
DB07686,"4-{[5-(CYCLOHEXYLAMINO)[1,2,4]TRIAZOLO[1,5-A]PYRIMIDIN-7-YL]AMINO}BENZENESULFONAMIDE",10048
DB07687,"4-({5-[(4-AMINOCYCLOHEXYL)AMINO][1,2,4]TRIAZOLO[1,5-A]PYRIMIDIN-7-YL}AMINO)BENZENESULFONAMIDE",10049
DB07688,"4-{[5-(CYCLOHEXYLOXY)[1,2,4]TRIAZOLO[1,5-A]PYRIMIDIN-7-YL]AMINO}BENZENESULFONAMIDE",10050
DB07689,"METHYL 1-(4-{[(2,4-DIAMINOPTERIDIN-6-YL)METHYL]AMINO}BENZOYL)PIPERIDINE-4-CARBOXYLATE",10051
DB07691,"2-({[3-(3,4-dihydroisoquinolin-2(1H)-ylsulfonyl)phenyl]carbonyl}amino)benzoic acid",10052
DB07692,"1-[(2,6-difluorophenyl)sulfonyl]-4-(2,3-dihydro-1,4-benzodioxin-6-ylsulfonyl)piperazine",10053
DB07693,"N-(3,5-dibromo-4-hydroxyphenyl)-2,6-dimethylbenzamide",10054
DB07694,"2,5-dichloro-N-(3,5-dibromo-4-hydroxyphenyl)benzamide",10055
DB07695,"N-(3,5-dibromo-4-hydroxyphenyl)-4-hydroxy-3,5-dimethylbenzamide",10056
DB07696,methyl (3S)-3-[(tert-butoxycarbonyl)amino]-4-oxopentanoate,10057
DB07697,"1-(2,3-dihydro-1,4-benzodioxin-6-ylsulfonyl)-4-[(4-methoxyphenyl)sulfonyl]piperazine",10058
DB07698,"3-(3-aminophenyl)-N-(3-chlorophenyl)pyrazolo[1,5-a]pyrimidin-5-amine",10059
DB07700,"3-carboxamido-1,3,5(10)-estratrien-17(R)-spiro-2'(5',5'-dimethyl-6'oxo)tetrahydropyran",10060
DB07701,"1-BENZYL-4-[(5,6-DIMETHOXY-1-INDANON-2-YL)METHYL]PIPERIDINE",10061
DB07702,17alpha-Estriol,10062
DB07705,(S)-econazole,10063
DB07707,"(9BETA,11ALPHA,13ALPHA,14BETA,17ALPHA)-11-(METHOXYMETHYL)ESTRA-1(10),2,4-TRIENE-3,17-DIOL",10064
DB07708,3-CHLORO-2-(4-HYDROXYPHENYL)-2H-INDAZOL-5-OL,10065
DB07710,PHENYLALANYLAMINODI(ETHYLOXY)ETHYL BENZENESULFONAMIDEAMINOCARBONYLBENZENESULFONAMIDE,10066
DB07711,"(2S,3R)-3-(6-amino-9H-purin-9-yl)nonan-2-ol",10067
DB07712,3-ETHYL-2-(4-HYDROXYPHENYL)-2H-INDAZOL-5-OL,10068
DB07713,"(1S)-1-{[(4'-methoxy-1,1'-biphenyl-4-yl)sulfonyl]amino}-2-methylpropylphosphonic acid",10069
DB07714,"6-(3-METHYL-1,4-DIOXO-1,4-DIHYDRONAPHTHALEN-2-YL)HEXANOIC ACID",10070
DB07715,Emodin,10071
DB07716,"(4Z)-2,8:7,12:11,15:14,18:17,22-PENTAANHYDRO-4,5,6,9,10,13,19,20,21-NONADEOXY-D-ARABINO-D-ALLO-D-ALLO-DOCOSA-4,9,20-TRIENITOL",10072
DB07717,"(5S,8R,9S,10S,13R,14S,17S)-13-{2-[(3,5-DIFLUOROBENZYL)OXY]ETHYL}-17-HYDROXY-10-METHYLHEXADECAHYDRO-3H-CYCLOPENTA[A]PHENANTHREN-3-ONE",10073
DB07718,4-Hydroxyphenylpyruvic acid,10074
DB07719,"[(3R)-3-(Methylcarbamoyl)-2-{[(2-methyl-2-propanyl)oxy]carbonyl}-1,2,3,4-tetrahydro-7-isoquinolinyl]sulfamic acid",10075
DB07720,Epibatidine,10076
DB07723,3-(5-methoxy-1H-indol-3-yl)propanoic acid,10077
DB07724,Indeglitazar,10078
DB07728,"2-[2-(2-FLUOROPHENYL)PYRIDIN-4-YL]-1,5,6,7-TETRAHYDRO-4H-PYRROLO[3,2-C]PYRIDIN-4-ONE",10079
DB07730,"5-(3-HYDROXYPHENYL)ISOTHIAZOL-3(2H)-ONE 1,1-DIOXIDE",10080
DB07731,CAN-508,10081
DB07733,"1-METHYL-3-TRIFLUOROMETHYL-1H-THIENO[2,3-C]PYRAZOLE-5-CARBOXYLIC ACID (2-MERCAPTO-ETHYL)-AMIDE",10082
DB07734,N-(1-benzylpiperidin-4-yl)-4-sulfanylbutanamide,10083
DB07735,"N-[1-(2,6-dimethoxybenzyl)piperidin-4-yl]-4-sulfanylbutanamide",10084
DB07736,(2S)-4-(4-fluorobenzyl)-N-(2-sulfanylethyl)piperazine-2-carboxamide,10085
DB07737,(2S)-4-(4-fluorobenzyl)-N-(3-sulfanylpropyl)piperazine-2-carboxamide,10086
DB07738,"N-[1-(5-bromo-2,3-dimethoxybenzyl)piperidin-4-yl]-4-sulfanylbutanamide",10087
DB07739,"(3R)-3-(FLUOROMETHYL)-7-(THIOMORPHOLIN-4-YLSULFONYL)-1,2,3,4-TETRAHYDROISOQUINOLINE",10088
DB07740,"(7R,12R,13R)-13-formyl-12,14-dihydroxy-3,5,7-trimethyltetradeca-2,4-dienoic acid",10089
DB07741,"4-(1R,3AS,4R,8AS,8BR)-[1-DIFLUOROMETHYL-2-(4-FLUOROBENZYL)-3-OXODECAHYDROPYRROLO[3,4-A]PYRROLIZIN-4-YL]BENZAMIDINE",10090
DB07742,"N-(2,3-DIFLUORO-BENZYL)-4-SULFAMOYL-BENZAMIDE",10091
DB07744,Z-Val-Ala-Asp fluoromethyl ketone,10092
DB07746,3-ETHYL-6-{[(4-FLUOROPHENYL)SULFONYL]AMINO}-2-METHYLBENZOIC ACID,10093
DB07747,"(3R)-N-(4-CHLOROPHENYL)-3-(HYDROXYMETHYL)-1,2,3,4-TETRAHYDROISOQUINOLINE-7-SULFONAMIDE",10094
DB07749,2-ACETYLAMINO-4-METHYL-PENTANOIC ACID (1-FORMYL-2-PHENYL-ETHYL)-AMIDE,10095
DB07750,"(2R)-1-[4-({4-[(2,5-Dichlorophenyl)amino]-2-pyrimidinyl}amino)phenoxy]-3-(dimethylamino)-2-propanol",10096
DB07751,"(2S)-1-[4-({6-[(2,6-Difluorophenyl)amino]-4-pyrimidinyl}amino)phenoxy]-3-(dimethylamino)-2-propanol",10097
DB07753,"3',5'-DIFLUOROBIPHENYL-4-CARBOXYLIC ACID",10098
DB07754,DCFBC,10099
DB07755,"(2S)-1-[4-({4-[(2,5-Dichlorophenyl)amino]-2-pyrimidinyl}amino)phenoxy]-3-(dimethylamino)-2-propanol",10100
DB07756,"1-[3-({[(4-AMINO-5-FLUORO-2-METHYLQUINOLIN-3-YL)METHYL]THIO}METHYL)PHENYL]-2,2,2-TRIFLUOROETHANE-1,1-DIOL",10101
DB07757,"(9aS)-4-bromo-9a-butyl-7-hydroxy-1,2,9,9a-tetrahydro-3H-fluoren-3-one",10102
DB07760,"3-[(1E,7E)-8-(2,6-dioxo-1,2,3,6-tetrahydropyrimidin-4-yl)-3,6-dioxa-2,7-diazaocta-1,7-dien-1-yl]benzoic acid",10103
DB07761,"(2R)-1-[4-({6-[(2,6-Difluorophenyl)amino]-4-pyrimidinyl}amino)phenoxy]-3-(dimethylamino)-2-propanol",10104
DB07763,"(5S)-3-ANILINO-5-(2,4-DIFLUOROPHENYL)-5-METHYL-1,3-OXAZOLIDINE-2,4-DIONE",10105
DB07764,Fluorescin,10106
DB07765,"METHYL 1-(4-{[(2,4-DIAMINOPTERIDIN-6-YL)METHYL](METHYL)AMINO}BENZOYL)PIPERIDINE-4-CARBOXYLATE",10107
DB07766,"(2Z,3E)-2,3'-biindole-2',3(1H,1'H)-dione 3-{O-[(3R)-3,4-dihydroxybutyl]oxime}",10108
DB07768,Epitestosterone,10109
DB07769,S-3-(4-FLUOROPHENOXY)-2-HYDROXY-2-METHYL-N-[4-NITRO-3-(TRIFLUOROMETHYL)PHENYL]PROPANAMIDE,10110
DB07771,"[(3,7,11-TRIMETHYL-DODECA-2,6,10-TRIENYLOXYCARBAMOYL)-METHYL]-PHOSPHONIC ACID",10111
DB07772,"(1R)-1-{[(4'-methoxy-1,1'-biphenyl-4-yl)sulfonyl]amino}-2-methylpropylphosphonic acid",10112
DB07775,"3',5'-DIBROMO-2',4,4',6'-TETRAHYDROXY AURONE",10113
DB07776,Flavone,10114
DB07778,(S)-famoxadone,10115
DB07779,N-({(2S)-1-[(3R)-3-AMINO-4-(2-FLUOROPHENYL)BUTANOYL]PYRROLIDIN-2-YL}METHYL)BENZAMIDE,10116
DB07780,Farnesyl diphosphate,10117
DB07783,1-((1R)-1-(HYDROXYMETHYL)-3-{6-[(3-PHENYLPROPANOYL)AMINO]-1H-INDOL-1-YL}PROPYL)-1H-IMIDAZOLE-4-CARBOXAMIDE,10118
DB07784,"[4-(4-ACETYLAMINO-PHENYL)-3,5-DIOXO-4-AZA-TRICYCLO[5.2.2.0 2,6]UNDEC-1-YLCARBAMOYLOXY]-ACETIC ACID",10119
DB07785,"1-{(1R,2S)-2-HYDROXY-1-[2-(2-NAPHTHYLOXY)ETHYL]PROPYL}-1H-IMIDAZONE-4-CARBOXAMIDE",10120
DB07786,"1-((1R,2S)-1-{2-[2-(4-CHLOROPHENYL)-1,3-BENZOXAZOL-7-YL]ETHYL}-2-HYDROXYPROPYL)-1H-IMIDAZOLE-4-CARBOXAMIDE",10121
DB07787,"5-FLUORO-1-[4-(4-PHENYL-3,6-DIHYDROPYRIDIN-1(2H)-YL)BUTYL]QUINAZOLINE-2,4(1H,3H)-DIONE",10122
DB07788,"(3R,5Z,8S,9S,11E)-8,9,16-TRIHYDROXY-14-METHOXY-3-METHYL-3,4,9,10-TETRAHYDRO-1H-2-BENZOXACYCLOTETRADECINE-1,7(8H)-DIONE",10123
DB07789,"1-[5-Methyl-2-(trifluoromethyl)furan-3-yl]-3-[5-[2-[[6-(1H-1,2,4-triazol-5-ylamino)pyrimidin-4-yl]amino]ethyl]-1,3-thiazol-2-yl]urea",10124
DB07790,N-(2-METHOXYETHYL)-4-({4-[2-METHYL-1-(1-METHYLETHYL)-1H-IMIDAZOL-5-YL]PYRIMIDIN-2-YL}AMINO)BENZENESULFONAMIDE,10125
DB07791,4-{[4-(1-CYCLOPROPYL-2-METHYL-1H-IMIDAZOL-5-YL)PYRIMIDIN-2-YL]AMINO}-N-METHYLBENZENESULFONAMIDE,10126
DB07792,"(S)-2-CHLORO-N-(1-(2-(2-HYDROXYETHYLAMINO)-2-OXOETHYL)-2-OXO-1,2,3,4-TETRAHYDROQUINOLIN-3-YL)-6H-THIENO[2,3-B]PYRROLE-5-CARBOXAMIDE",10127
DB07793,"(2S)-N-[(3S)-1-(2-AMINO-2-OXOETHYL)-2-OXO-1,2,3,4-TETRAHYDROQUINOLIN-3-YL]-2-CHLORO-2H-THIENO[2,3-B]PYRROLE-5-CARBOXAMIDE",10128
DB07794,"5-(2-PHENYLPYRAZOLO[1,5-A]PYRIDIN-3-YL)-1H-PYRAZOLO[3,4-C]PYRIDAZIN-3-AMINE",10129
DB07795,Fisetin,10130
DB07796,"(3ASR,4RS,8ASR,8BRS)-4-(2-(4-FLUOROBENZYL)-1,3-DIOXODEACAHYDROPYRROLO[3,4-A] PYRROLIZIN-4-YL)BENZAMIDINE",10131
DB07798,"(3R)-3-(FLUOROMETHYL)-N-(3,3,3-TRIFLUOROPROPYL)-1,2,3,4-TETRAHYDROISOQUINOLINE-7-SULFONAMIDE",10132
DB07800,N-(2-(((5-CHLORO-2-PYRIDINYL)AMINO)SULFONYL)PHENYL)-4-(2-OXO-1(2H)-PYRIDINYL)BENZAMIDE,10133
DB07801,N-butyl-3-{[6-(9H-purin-6-ylamino)hexanoyl]amino}benzamide,10134
DB07802,"3,8-DIBROMO-7-HYDROXY-4-METHYL-2H-CHROMEN-2-ONE",10135
DB07804,"5-(5-CHLORO-2-THIENYL)-N-{(3S)-1-[(1S)-1-METHYL-2-MORPHOLIN-4-YL-2-OXOETHYL]-2-OXOPYRROLIDIN-3-YL}-1H-1,2,4-TRIAZOLE-3-SULFONAMIDE",10136
DB07807,"(3R,4R,5R)-5-(HYDROXYMETHYL)-1-(3-PHENYLPROPYL)PIPERIDINE-3,4-DIOL",10137
DB07809,4-({[4-(3-METHYLBENZOYL)PYRIDIN-2-YL]AMINO}METHYL)BENZENECARBOXIMIDAMIDE,10138
DB07811,"N-cyclopropyl-2',6-dimethyl-4'-(5-methyl-1,3,4-oxadiazol-2-yl)biphenyl-3-carboxamide",10139
DB07812,"N-[(1S)-2-amino-1-phenylethyl]-5-(1H-pyrrolo[2,3-b]pyridin-4-yl)thiophene-2-carboxamide",10140
DB07814,Gibberellic acid,10141
DB07815,Gibberellin A4,10142
DB07816,N-(P-CYANOPHENYL)-N'-DIPHENYLMETHYL-GUANIDINE-ACETIC ACID,10143
DB07821,"(1R)-1,2,2-trimethylpropyl (R)-methylphosphinate",10144
DB07827,"4-{[1-METHYL-2,4-DIOXO-6-(3-PHENYLPROP-1-YN-1-YL)-1,4-DIHYDROQUINAZOLIN-3(2H)-YL]METHYL}BENZOIC ACID",10145
DB07829,4-[3-(4-FLUOROPHENYL)-1H-PYRAZOL-4-YL]PYRIDINE,10146
DB07830,"(4R,5R)-5-AMINO-1-[2-(1,3-BENZODIOXOL-5-YL)ETHYL]-4-(2,4,5-TRIFLUOROPHENYL)PIPERIDIN-2-ONE",10147
DB07831,"2-{[(6-OXO-1,6-DIHYDROPYRIDIN-3-YL)METHYL]AMINO}-N-[4-PROPYL-3-(TRIFLUOROMETHYL)PHENYL]BENZAMIDE",10148
DB07832,"4-{4-[(5-hydroxy-2-methylphenyl)amino]quinolin-7-yl}-1,3-thiazole-2-carbaldehyde",10149
DB07833,"N-(3-cyanophenyl)-2'-methyl-5'-(5-methyl-1,3,4-oxadiazol-2-yl)-4-biphenylcarboxamide",10150
DB07834,"N-(cyclopropylmethyl)-2'-methyl-5'-(5-methyl-1,3,4-oxadiazol-2-yl)biphenyl-4-carboxamide",10151
DB07835,"N~3~-cyclopropyl-N~4~'-(cyclopropylmethyl)-6-methylbiphenyl-3,4'-dicarboxamide",10152
DB07836,1-DECYL-3-TRIFLUORO ETHYL-SN-GLYCERO-2-PHOSPHOMETHANOL,10153
DB07837,"[4-(5-naphthalen-2-yl-1H-pyrrolo[2,3-b]pyridin-3-yl)phenyl]acetic acid",10154
DB07838,(Z)-3-BENZYL-5-(2-HYDROXY-3-NITROBENZYLIDENE)-2-THIOXOTHIAZOLIDIN-4-ONE,10155
DB07839,"N~2~-1,3-BENZOXAZOL-2-YL-3-CYCLOHEXYL-N-{2-[(4-METHOXYPHENYL)AMINO]ETHYL}-L-ALANINAMIDE",10156
DB07840,"(E)-[4-(3,5-Difluorophenyl)-3H-pyrrolo[2,3-b]pyridin-3-ylidene](3-methoxyphenyl)methanol",10157
DB07841,Geranylgeranyl diphosphate,10158
DB07842,(2S)-2-(4-ethylphenoxy)-3-phenylpropanoic acid,10159
DB07843,5-CHLORO-N-{(3S)-1-[(1S)-1-METHYL-2-MORPHOLIN-4-YL-2-OXOETHYL]-2-OXOPYRROLIDIN-3-YL}-1-BENZOTHIOPHENE-2-SULFONAMIDE,10160
DB07844,6-CHLORO-N-{(3S)-1-[(1S)-1-METHYL-2-MORPHOLIN-4-YL-2-OXOETHYL]-2-OXOPYRROLIDIN-3-YL}-1-BENZOTHIOPHENE-2-SULFONAMIDE,10161
DB07845,"2-fluoro-6-{[2-({2-methoxy-4-[(methylsulfonyl)methyl]phenyl}amino)-7H-pyrrolo[2,3-d]pyrimidin-4-yl]amino}benzamide",10162
DB07846,"(3,4,8b-Trimethyl-3-oxido-2,3a-dihydro-1H-pyrrolo[2,3-b]indol-3-ium-7-yl) N-(2-ethylphenyl)carbamate",10163
DB07847,6-CHLORO-N-{(3S)-1-[(1S)-1-METHYL-2-(4-MORPHOLINYL)-2-OXO ETHYL]-2-OXO-3-PYRROLIDINYL}-2-NAPHTHALENESULFONAMIDE,10164
DB07848,5-Chloro-N-{(3S)-1-[(2S)-1-(4-morpholinyl)-1-oxo-2-propanyl]-2-oxo-3-pyrrolidinyl}-1H-indole-2-sulfonamide,10165
DB07849,S-NONYL-CYSTEINE,10166
DB07851,"(3R,4S)-1-(3,4-DIMETHOXYPHENYL)-3-(3-METHYLPHENYL)PIPERIDIN-4-AMINE",10167
DB07852,"1-(3,5-DICHLOROPHENYL)-5-METHYL-1H-1,2,4-TRIAZOLE-3-CARBOXYLIC ACID",10168
DB07853,"2-[4-[4-[(5-cyclopropyl-1H-pyrazol-3-yl)amino]quinazolin-2-yl]iminocyclohexa-2,5-dien-1-yl]acetonitrile",10169
DB07854,N-METHYL-1-[4-(9H-PURIN-6-YL)PHENYL]METHANAMINE,10170
DB07855,(S)-1-PHENYL-1-[4-(9H-PURIN-6-YL)PHENYL]METHANAMINE,10171
DB07856,6-{4-[4-(4-CHLOROPHENYL)PIPERIDIN-4-YL]PHENYL}-9H-PURINE,10172
DB07857,(2R)-2-(4-chlorophenyl)-2-[4-(1H-pyrazol-4-yl)phenyl]ethanamine,10173
DB07858,(2S)-2-(4-chlorophenyl)-2-[4-(1H-pyrazol-4-yl)phenyl]ethanamine,10174
DB07859,4-(4-CHLOROPHENYL)-4-[4-(1H-PYRAZOL-4-YL)PHENYL]PIPERIDINE,10175
DB07860,(2R)-2-(4-CHLOROPHENYL)-2-PHENYLETHANAMINE,10176
DB07862,"7-(1-ETHYL-PROPYL)-7H-PYRROLO-[3,2-F]QUINAZOLINE-1,3-DIAMINE",10177
DB07863,2-chloro-5-nitro-N-phenylbenzamide,10178
DB07866,"(5S)-2-(Cyclooctylamino)-5-methyl-5-propyl-1,3-thiazol-4(5H)-one",10179
DB07870,Haloxyfop-P,10180
DB07872,5-chloro-N-[(3R)-1-(2-{[2-fluoro-4-(2-oxopyridin-1(2H)-yl)phenyl]amino}-2-oxoethyl)pyrrolidin-3-yl]thiophene-2-carboxamide,10181
DB07873,Lauryl alcohol diphosphonic acid,10182
DB07874,"(6S)-2-amino-6-(3'-methoxybiphenyl-3-yl)-3,6-dimethyl-5,6-dihydropyrimidin-4(3H)-one",10183
DB07875,"5-Chloro-thiophene-2-carboxylic acid ((3S,4S)-1-{[2-fluoro-4-(2-oxo-2H-pyridin-1-yl)-phenylcarbamoyl]-methyl}-4-hydroxy-pyrrolidin-3-yl)-amide",10184
DB07876,(S)-2-METHYL-1-[(4-METHYL-5-ISOQUINOLINE)SULFONYL]-HOMOPIPERAZINE,10185
DB07877,"8-(6-BROMO-BENZO[1,3]DIOXOL-5-YLSULFANYL)-9-(3-ISOPROPYLAMINO-PROPYL)-ADENINE",10186
DB07878,"N-[(1S)-1-{1-[(1R,3E)-1-ACETYLPENT-3-EN-1-YL]-1H-1,2,3-TRIAZOL-4-YL}-1,2-DIMETHYLPROPYL]BENZAMIDE",10187
DB07879,"N-hydroxy-5-[(3-phenyl-5,6-dihydroimidazo[1,2-a]pyrazin-7(8H)-yl)carbonyl]thiophene-2-carboxamide",10188
DB07881,N-{[2-({[1-(4-CARBOXYBUTANOYL)AMINO]-2-PHENYLETHYL}-HYDROXYPHOSPHINYL)OXY]ACETYL}-2-PHENYLETHYLAMINE,10189
DB07882,"4-{4-[2-(1A,7A-DIMETHYL-4-OXY-OCTAHYDRO-1-OXA-4-AZA-CYCLOPROPA[A]NAPHTHALEN-4-YL) -ACETYLAMINO]-PHENYLCARBAMOYL}-BUTYRIC ACID",10190
DB07883,(2-AMINO-3-PHENYL-BICYCLO[2.2.1]HEPT-2-YL)-PHENYL-METHANONE,10191
DB07887,"(R)-1-(4-(4-(hydroxymethyl)-1,3,2-dioxaborolan-2-yl)benzyl)guanidine",10192
DB07888,"3-(4-HYDROXYPHENYL)-4,5-DIHYDRO-5-ISOXAZOLE-ACETIC ACID METHYL ESTER",10193
DB07889,"(2S)-1-(Dimethylamino)-3-(4-{[4-(2-methylimidazo[1,2-a]pyridin-3-yl)-2-pyrimidinyl]amino}phenoxy)-2-propanol",10194
DB07893,PHENYL[1-(N-SUCCINYLAMINO)PENTYL]PHOSPHONATE,10195
DB07895,ALPHA-HYDROXYFARNESYLPHOSPHONIC ACID,10196
DB07897,1-(HYDROXYMETHYLENEAMINO)-8-HYDROXY-OCTANE,10197
DB07899,(2S) N-acetyl-L-alanyl-αL-phenylalanyl-chloroethylketone,10198
DB07900,3-FORMYL-2-HYDROXY-5-METHYL-HEXANOIC ACID HYDROXYAMIDE,10199
DB07901,5-CHLORO-6-METHYL-N-(2-PHENYLETHYL)-2-PYRIDIN-2-YLPYRIMIDIN-4-AMINE,10200
DB07902,"TERT-BUTYL {2-[(1,3-THIAZOL-2-YLAMINO)CARBONYL]PYRIDIN-3-YL}CARBAMATE",10201
DB07903,"3-[(2,2-DIMETHYLPROPANOYL)AMINO]-N-1,3-THIAZOL-2-YLPYRIDINE-2-CARBOXAMIDE",10202
DB07905,"(1aR,8S,13S,14S,15aR)-5,13,14-trihydroxy-3-methoxy-8-methyl-8,9,13,14,15,15a-hexahydro-6H-oxireno[k][2]benzoxacyclotetradecine-6,12(1aH)-dione",10203
DB07906,"[(3R)-7-NITRO-1,2,3,4-TETRAHYDROISOQUINOLIN-3-YL]METHANOL",10204
DB07907,(2S)-2-HYDROXYOCTANOIC ACID,10205
DB07908,7-HYDROXY-4-METHYL-3-(2-HYDROXY-ETHYL)COUMARIN,10206
DB07909,"(1S,2S,5S)2-(4-GLUTARIDYLBENZYL)-5-PHENYL-1-CYCLOHEXANOL",10207
DB07912,2-OXOHEPTYLPHOSPHONIC ACID,10208
DB07913,HOMOPHENYLALANINYLMETHANE,10209
DB07916,3-{6-[(8-HYDROXY-QUINOLINE-2-CARBONYL)-AMINO]-2-THIOPHEN-2-YL-HEXANOYLAMINO}-4-OXO-BUTYRI ACID,10210
DB07917,4-(BENZHYDRYLOXY)-1-[3-(1H-TETRAAZOL-5-YL)PROPYL]PIPERIDINE,10211
DB07919,Harmine,10212
DB07920,N-oxo-2-[(4-phenylphenyl)sulfonylamino]ethanamide,10213
DB07921,2-[(4-fluorophenyl)sulfonylamino]-N-oxo-ethanamide,10214
DB07922,N-oxo-2-(phenylsulfonylamino)ethanamide,10215
DB07926,N-[3-(N'-HYDROXYCARBOXAMIDO)-2-(2-METHYLPROPYL)-PROPANOYL]-O-TYROSINE-N-METHYLAMIDE,10216
DB07929,"N-(TERT-BUTYL)-3,5-DIMETHYL-N'-[(5-METHYL-2,3-DIHYDRO-1,4-BENZODIOXIN-6-YL)CARBONYL]BENZOHYDRAZIDE",10217
DB07930,(3R)-3-HYDROXYDODECANOIC ACID,10218
DB07931,Hexestrol,10219
DB07932,"dimethyl (1R,4S)-5,6-bis(4-hydroxyphenyl)-7-oxabicyclo[2.2.1]hepta-2,5-diene-2,3-dicarboxylate",10220
DB07933,Erteberel,10221
DB07934,[[CYCLOHEXANESULFONYL-GLYCYL]-3[PYRIDIN-4-YL-AMINOMETHYL]ALANYL]PIPERIDINE,10222
DB07936,N-(4-{[(3S)-3-(dimethylamino)pyrrolidin-1-yl]carbonyl}phenyl)-5-fluoro-4-[2-methyl-1-(1-methylethyl)-1H-imidazol-5-yl]pyrimidin-2-amine,10223
DB07940,"9-(3-IODOBENZYLAMINO)-1,2,3,4-TETRAHYDROACRIDINE",10224
DB07941,PH-797804,10225
DB07942,2-fluoro-4-[4-(4-fluorophenyl)-1H-pyrazol-3-yl]pyridine,10226
DB07943,SD-0006,10227
DB07944,N-{3-METHYL-5-[2-(PYRIDIN-4-YLAMINO)-ETHOXY]-PHENYL}-BENZENESULFONAMIDE,10228
DB07945,"5-(3-carbamoylbenzyl)-5,6,7,8,9,10-hexahydrocyclohepta[b]indole-4-carboxylic acid",10229
DB07946,"N-[2-({[amino(imino)methyl]amino}oxy)ethyl]-2-{6-chloro-3-[(2,2-difluoro-2-phenylethyl)amino]-2-fluorophenyl}acetamide",10230
DB07947,ISOQUINOLINE-5-SULFONIC ACID (2-(2-(4-CHLOROBENZYLOXY)ETHYLAMINO)ETHYL)AMIDE,10231
DB07949,"({[(3E)-2'-Oxo-2',7'-dihydro-2,3'-biindol-3(7H)-ylidene]amino}oxy)acetic acid",10232
DB07950,Indoleacetic acid,10233
DB07954,3-isobutyl-1-methyl-7H-xanthine,10234
DB07955,(2-BROMOETHYL)(2-'FORMYL-4'-AMINOPHENYL) ACETATE,10235
DB07956,[1-(3-CHLORO-2-FORMYL-PHENYLCARBAMOYL)-2-METHYL-PROPYL]-CARBAMIC ACID TERT-BUTYL ESTER,10236
DB07957,METHYL(2-ACETOXY-2-(2-CARBOXY-4-AMINO-PHENYL))ACETATE,10237
DB07958,(2-CARBAMOYLMETHYL-5-PROPYL-OCTAHYDRO-INDOL-7-YL)ACETIC ACID,10238
DB07959,3-(1H-BENZIMIDAZOL-2-YL)-1H-INDAZOLE,10239
DB07960,"5-ACETAMIDO-5,6-DIHYDRO-4-HYDROXY-6-ISOBUTOXY-4H-PYRAN-2-CARBOXYLIC ACID",10240
DB07962,"METHYL N-[(2',4'-DIFLUORO-4-HYDROXY-5-IODOBIPHENYL-3-YL)CARBONYL]-BETA-ALANINATE",10241
DB07963,"N-[(2',4'-DIFLUORO-4-HYDROXY-5-IODOBIPHENYL-3-YL)CARBONYL]-BETA-ALANINE",10242
DB07964,"(3S)-4-{[4-(BUT-2-YNYLOXY)PHENYL]SULFONYL}-N-HYDROXY-2,2-DIMETHYLTHIOMORPHOLINE-3-CARBOXAMIDE",10243
DB07965,6-(cyclohexylamino)-9-[2-(4-methylpiperazin-1-yl)-ethyl]-9H-purine-2-carbonitrile,10244
DB07966,[4-({4-[(5-cyclopropyl-1H-pyrazol-3-yl)amino]quinazolin-2-yl}amino)phenyl]acetonitrile,10245
DB07967,9-CYCLOPENTYL-6-[2-(3-IMIDAZOL-1-YL-PROPOXY)-PHENYLAMINO]-9H-PURINE-2-CARBONITRILE,10246
DB07969,3-[3-(4-methylpiperazin-1-yl)-7-(trifluoromethyl)quinoxalin-5-yl]phenol,10247
DB07970,5-[(2-methyl-5-{[3-(trifluoromethyl)phenyl]carbamoyl}phenyl)amino]pyridine-3-carboxamide,10248
DB07973,N-(1-ISOPROPYLPIPERIDIN-4-YL)-1-(3-METHOXYBENZYL)-1H-INDOLE-2-CARBOXAMIDE,10249
DB07974,1-{2-[(4-CHLOROPHENYL)AMINO]-2-OXOETHYL}-N-(1-ISOPROPYLPIPERIDIN-4-YL)-1H-INDOLE-2-CARBOXAMIDE,10250
DB07975,"2-({[3,5-DIFLUORO-3'-(TRIFLUOROMETHOXY)BIPHENYL-4-YL]AMINO}CARBONYL)CYCLOPENT-1-ENE-1-CARBOXYLIC ACID",10251
DB07976,3-{[(3-FLUORO-3'-METHOXYBIPHENYL-4-YL)AMINO]CARBONYL}THIOPHENE-2-CARBOXYLIC ACID,10252
DB07977,"3-({[3,5-DIFLUORO-3'-(TRIFLUOROMETHOXY)BIPHENYL-4-YL]AMINO}CARBONYL)THIOPHENE-2-CARBOXYLIC ACID",10253
DB07978,"2-({[2,3,5,6-TETRAFLUORO-3'-(TRIFLUOROMETHOXY)BIPHENYL-4-YL]AMINO}CARBONYL)CYCLOPENTA-1,3-DIENE-1-CARBOXYLIC ACID",10254
DB07979,"(2E)-3-(3,4-DIHYDROXYPHENYL)-2-IMINOPROPANOIC ACID",10255
DB07981,2-[1-(4-chlorobenzoyl)-5-methoxy-2-methyl-1H-indol-3-yl]-n-[(1R)-1-(hydroxymethyl)propyl]acetamide,10256
DB07982,2-{4-[4-({4-[2-methyl-1-(1-methylethyl)-1H-imidazol-5-yl]pyrimidin-2-yl}amino)phenyl]piperazin-1-yl}-2-oxoethanol,10257
DB07983,1-(4-IODOBENZOYL)-5-METHOXY-2-METHYL INDOLE-3-ACETIC ACID,10258
DB07984,2-[1-(4-chlorobenzoyl)-5-methoxy-2-methyl-1H-indol-3-yl]-n-[(1S)-1-(hydroxymethyl)propyl]acetamide,10259
DB07985,+/-METHYL 4-(AMINOIMINOMETHYL)-BETA-[3- INH (AMINOIMINO)PHENYL]BENZENE PENTANOATE,10260
DB07986,[4-(4-PHENYL-PIPERIDIN-1-YL)-BENZENESULFONYLAMINO]-ACETIC ACID,10261
DB07987,"[2-(5-Mercapto-[1,3,4]thiadiazol-2-ylcarbamoyl)-1-phenyl-ethyl]-carbamic acid benzyl ester",10262
DB07988,"2-[3-(5-Mercapto-[1,3,4]thiadiazol-2yl)-ureido]-N-methyl-3-pentafluorophenyl-propionamide",10263
DB07991,N-[(1R)-3-(4-HYDROXYPHENYL)-1-METHYLPROPYL]-2-(2-PHENYL-1H-INDOL-3-YL)ACETAMIDE,10264
DB07992,Indoxyl sulfate,10265
DB07993,"N~3~-[3-(1H-INDOL-6-YL)BENZYL]PYRIDINE-2,3-DIAMINE",10266
DB07994,"N~3~-[5-(1H-INDOL-6-YL)-2-(PYRIDIN-2-YLMETHOXY)BENZYL]PYRIDINE-2,3-DIAMINE",10267
DB07995,H-89,10268
DB07996,5-(2-methylpiperazine-1-sulfonyl)isoquinoline,10269
DB07997,N-[2-(METHYLAMINO)ETHYL]-5-ISOQUINOLINESULFONAMIDE,10270
DB07999,"{4-[(CARBOXYMETHOXY)CARBONYL]-3,3-DIOXIDO-1-OXONAPHTHO[1,2-D]ISOTHIAZOL-2(1H)-YL}ACETIC ACID",10271
DB08000,"2-(CARBOXYMETHYL)-1-OXO-1,2-DIHYDRONAPHTHO[1,2-D]ISOTHIAZOLE-4-CARBOXYLIC ACID 3,3-DIOXIDE",10272
DB08001,5-(3-{3-[3-HYDROXY-2-(METHOXYCARBONYL)PHENOXY]PROPENYL}PHENYL)-4-(HYDROXYMETHYL)ISOXAZOLE-3-CARBOXYLIC ACID,10273
DB08003,ISOTHIAZOLIDINONE ANALOG,10274
DB08004,"(2S)-2-{[3-(3-aminophenyl)imidazo[1,2-b]pyridazin-6-yl]amino}-3-methylbutan-1-ol",10275
DB08005,4-{[5-chloro-4-(1H-indol-3-yl)pyrimidin-2-yl]amino}-N-ethylpiperidine-1-carboxamide,10276
DB08006,"N-anthracen-2-yl-5-methyl[1,2,4]triazolo[1,5-a]pyrimidin-7-amine",10277
DB08007,(2R)-3-{[(BENZYLAMINO)CARBONYL]AMINO}-2-HYDROXYPROPANOIC ACID,10278
DB08008,"5-methyl-N-[4-(trifluoromethyl)phenyl][1,2,4]triazolo[1,5-a]pyrimidin-7-amine",10279
DB08009,SU-11652,10280
DB08010,"(3Z)-1-[(6-fluoro-4H-1,3-benzodioxin-8-yl)methyl]-4-[(E)-2-phenylethenyl]-1H-indole-2,3-dione 3-oxime",10281
DB08011,"(3E)-5-fluoro-1-[(6-fluoro-4H-1,3-benzodioxin-8-yl)methyl]-1H-indole-2,3-dione 3-oxime",10282
DB08015,"(3Z)-1-[(6-fluoro-4H-1,3-benzodioxin-8-yl)methyl]-4-phenyl-1H-indole-2,3-dione 3-oxime",10283
DB08018,"N-{(3S,4S)-4-[(6-AMINO-4-METHYLPYRIDIN-2-YL)METHYL]PYRROLIDIN-3-YL}-N'-(4-CHLOROBENZYL)ETHANE-1,2-DIAMINE",10284
DB08019,"N-{(3R,4S)-4-[(6-amino-4-methylpyridin-2-yl)methyl]pyrrolidin-3-yl}-N'-(3-chlorobenzyl)ethane-1,2-diamine",10285
DB08020,"(3AS,4R,9BR)-4-(4-HYDROXYPHENYL)-6-(METHOXYMETHYL)-1,2,3,3A,4,9B-HEXAHYDROCYCLOPENTA[C]CHROMEN-8-OL",10286
DB08021,5-bromo-N-(3-chloro-2-(4-(prop-2-ynyl)piperazin-1-yl)phenyl)furan-2-carboxamide,10287
DB08022,"(2S)-1,3-benzothiazol-2-yl{2-[(2-pyridin-3-ylethyl)amino]pyrimidin-4-yl}ethanenitrile",10288
DB08023,"N-cyclohexyl-4-imidazo[1,2-a]pyridin-3-yl-N-methylpyrimidin-2-amine",10289
DB08024,1-[2-(S)-AMINO-3-BIPHENYL-4-YL-PROPIONYL]-PYRROLIDINE-2-(S)-CARBONITRILE,10290
DB08025,"N-{2'-[(4-FLUOROPHENYL)AMINO]-4,4'-BIPYRIDIN-2-YL}-4-METHOXYCYCLOHEXANECARBOXAMIDE",10291
DB08026,"2-{4-[(4-imidazo[1,2-a]pyridin-3-ylpyrimidin-2-yl)amino]piperidin-1-yl}-N-methylacetamide",10292
DB08028,"BUT-3-ENYL-[5-(4-CHLORO-PHENYL)-3,6-DIHYDRO-[1,3,4]THIADIAZIN-2-YLIDENE]-AMINE",10293
DB08029,N~2~-(biphenyl-4-ylsulfonyl)-N-hydroxy-N~2~-(2-hydroxyethyl)glycinamide,10294
DB08030,3-[(4'-cyanobiphenyl-4-yl)oxy]-N-hydroxypropanamide,10295
DB08032,"N,N-DIETHYL-2-[(2-THIENYLCARBONYL)AMINO]-4,5,6,7-TETRAHYDRO-1-BENZOTHIOPHENE-3-CARBOXAMIDE",10296
DB08033,"(5R)-N,N-DIETHYL-5-METHYL-2-[(THIOPHEN-2-YLCARBONYL)AMINO]-4,5,6,7-TETRAHYDRO-1-BENZOTHIOPHENE-3-CARBOXAMIDE",10297
DB08035,"1-TERT-BUTYL-3-(2,5-DIMETHYLBENZYL)-1H-PYRAZOLO[3,4-D]PYRIMIDIN-4-AMINE",10298
DB08037,MK-0731,10299
DB08038,"L-alanyl-N-[(1S,2R)-1-benzyl-2-hydroxypropyl]-L-alaninamide",10300
DB08039,"(3Z)-N,N-DIMETHYL-2-OXO-3-(4,5,6,7-TETRAHYDRO-1H-INDOL-2-YLMETHYLIDENE)-2,3-DIHYDRO-1H-INDOLE-5-SULFONAMIDE",10301
DB08040,Kelatorphan,10302
DB08042,"N~4~-methyl-N~4~-(3-methyl-1H-indazol-6-yl)-N~2~-(3,4,5-trimethoxyphenyl)pyrimidine-2,4-diamine",10303
DB08043,1-[4-(PYRIDIN-4-YLOXY)PHENYL]-3-[3-(TRIFLUOROMETHYL)PHENYL]UREA,10304
DB08044,ABT-341,10305
DB08045,"4-{4-[4-(3-AMINOPROPOXY)PHENYL]-1H-PYRAZOL-5-YL}-6-CHLOROBENZENE-1,3-DIOL",10306
DB08046,2-chloro-5-[(1S)-1-hydroxy-3-oxo-2H-isoindol-1-yl]benzenesulfonamide,10307
DB08047,"4-[1-allyl-7-(trifluoromethyl)-1H-indazol-3-yl]benzene-1,3-diol",10308
DB08048,"4-(6-HYDROXY-1H-INDAZOL-3-YL)BENZENE-1,3-DIOL",10309
DB08049,"7,8-dihydroxy-4-phenyl-2H-chromen-2-one",10310
DB08051,"(2R)-4-(2-BENZOYL-1,2-DIAZEPAN-1-YL)-4-OXO-1-(2,4,5-TRIFLUOROPHENYL)BUTAN-2-AMINE",10311
DB08052,PP-121,10312
DB08053,"1-cyclobutyl-3-(3,4-dimethoxyphenyl)-1H-pyrazolo[3,4-d]pyrimidin-4-amine",10313
DB08054,"1-(1-methylethyl)-3-quinolin-6-yl-1H-pyrazolo[3,4-d]pyrimidin-4-amine",10314
DB08055,"N-(2-chlorophenyl)-5-phenylimidazo[1,5-a]pyrazin-8-amine",10315
DB08056,"N-(2,6-dimethylphenyl)-5-phenylimidazo[1,5-a]pyrazin-8-amine",10316
DB08057,"N-(2-chloro-6-methylphenyl)-8-[(3S)-3-methylpiperazin-1-yl]imidazo[1,5-a]quinoxalin-4-amine",10317
DB08058,"4-[3-(1,4-diazepan-1-ylcarbonyl)-4-fluorobenzyl]phthalazin-1(2H)-one",10318
DB08059,Wortmannin,10319
DB08060,4-(2-AMINOPHENYL)-4-OXOBUTANOIC ACID,10320
DB08061,4-[3-(4-CHLOROPHENYL)-1H-PYRAZOL-5-YL]PIPERIDINE,10321
DB08062,"3-(4-CHLOROPHENYL)-5-(METHYLTHIO)-4H-1,2,4-TRIAZOLE",10322
DB08063,"1-BENZYL-3-(4-METHOXYPHENYLAMINO)-4-PHENYLPYRROLE-2,5-DIONE",10323
DB08064,N-(3-TERT-BUTYL-1H-PYRAZOL-5-YL)-N'-{4-CHLORO-3-[(PYRIDIN-3-YLOXY)METHYL]PHENYL}UREA,10324
DB08065,2-(1H-pyrazol-3-yl)-1H-benzimidazole,10325
DB08066,N-[3-(1H-BENZIMIDAZOL-2-YL)-1H-PYRAZOL-4-YL]BENZAMIDE,10326
DB08067,4-[(2-{4-[(CYCLOPROPYLCARBAMOYL)AMINO]-1H-PYRAZOL-3-YL}-1H-BENZIMIDAZOL-6-YL)METHYL]MORPHOLIN-4-IUM,10327
DB08068,N-[4-CHLORO-3-(PYRIDIN-3-YLOXYMETHYL)-PHENYL]-3-FLUORO-,10328
DB08070,2-[4-(3-METHYL-1H-PYRAZOL-4-YL)PHENYL]ETHANAMINE,10329
DB08072,"4-(2-AMINOETHOXY)-3,5-DICHLORO-N-[3-(1-METHYLETHOXY)PHENYL]BENZAMIDE",10330
DB08073,(2S)-1-(1H-INDOL-3-YL)-3-{[5-(3-METHYL-1H-INDAZOL-5-YL)PYRIDIN-3-YL]OXY}PROPAN-2-AMINE,10331
DB08077,"2-[4-({[(3,5-DICHLOROPHENYL)AMINO]CARBONYL}AMINO)PHENOXY]-2-METHYLPROPANOIC ACID",10332
DB08078,{4-[3-(4-acetyl-3-hydroxy-2-propylphenoxy)propoxy]phenoxy}acetic acid,10333
DB08079,AMG-208,10334
DB08080,Latrunculin B,10335
DB08082,N-(2-AMINOETHYL)-P-CHLOROBENZAMIDE,10336
DB08083,"2-(1,3-thiazol-4-yl)-1H-benzimidazole-5-sulfonamide",10337
DB08084,IDD594,10338
DB08085,1-(4-HEXYLPHENYL)PROP-2-EN-1-ONE,10339
DB08087,"4-[(7R,7AS)-7-HYDROXY-1,3-DIOXOTETRAHYDRO-1H-PYRROLO[1,2-C]IMIDAZOL-2(3H)-YL]-1-NAPHTHONITRILE",10340
DB08088,"2-chloro-4-{[(1R,3Z,7S,7aS)-7-hydroxy-1-(trifluoromethyl)tetrahydro-1H-pyrrolo[1,2-c][1,3]oxazol-3-ylidene]amino}-3-methylbenzonitrile",10341
DB08089,LGD-2226,10342
DB08091,3-FLUORO-5-MORPHOLIN-4-YL-N-[3-(2-PYRIDIN-4-YLETHYL)-1H-INDOL-5-YL]BENZAMIDE,10343
DB08092,3-fluoro-N-1H-indol-5-yl-5-morpholin-4-ylbenzamide,10344
DB08093,3-(1-NAPHTHYLMETHOXY)PYRIDIN-2-AMINE,10345
DB08094,RO-4584820,10346
DB08095,"3-(2-CHLOROPHENYL)-1-(2-{[(1S)-2-HYDROXY-1,2-DIMETHYLPROPYL]AMINO}PYRIMIDIN-4-YL)-1-(4-METHOXYPHENYL)UREA",10347
DB08096,"8-(2-CHLOROPHENYLAMINO)-2-(2,6-DIFLUOROPHENYLAMINO)-9-ETHYL-9H-PURINE-1,7-DIIUM",10348
DB08097,"2-(2,6-DIFLUOROPHENOXY)-N-(2-FLUOROPHENYL)-9-ISOPROPYL-9H-PURIN-8-AMINE",10349
DB08098,"{[5-(5-nitro-2-furyl)-1,3,4-oxadiazol-2-yl]thio}acetic acid",10350
DB08099,"6-ethyl-5-[(2S)-1-(3-methoxypropyl)-2-phenyl-1,2,3,4-tetrahydroquinolin-7-yl]pyrimidine-2,4-diamine",10351
DB08100,"2,6-dimethyl-4-[(E)-2-phenylethenyl]phenol",10352
DB08101,"2,6-dibromo-4-[(E)-2-phenylethenyl]phenol",10353
DB08102,"3,5-dibromobiphenyl-4-ol",10354
DB08103,"2,6-dibromo-4-phenoxyphenol",10355
DB08104,"N-(3,5-dibromo-4-hydroxyphenyl)benzamide",10356
DB08113,3-pyridin-4-yl-1H-indazole,10357
DB08114,"5-benzyl-1,3-thiazol-2-amine",10358
DB08118,"2-(methylamino)-N-(4-methyl-1,3-thiazol-2-yl)-5-[(4-methyl-4H-1,2,4-triazol-3-yl)sulfanyl]benzamide",10359
DB08119,"1,1,1-TRIFLUORO-3-((N-ACETYL)-L-LEUCYLAMIDO)-4-PHENYL-BUTAN-2-ONE(N-ACETYL-L-LEUCYL-L-PHENYLALANYL TRIFLUOROMETHYL KETONE)",10360
DB08121,(2S)-2-(biphenyl-4-yloxy)-3-phenylpropanoic acid,10361
DB08122,"N-Methyl-4-{[(2-oxo-1,2-dihydro-3H-indol-3-ylidene)methyl]amino}benzenesulfonamide",10362
DB08123,"N-methyl-{4-[2-(7-oxo-6,7-dihydro-8H-[1,3]thiazolo[5,4-e]indol-8-ylidene)hydrazino]phenyl}methanesulfonamide",10363
DB08124,"3-{[(2,2-dioxido-1,3-dihydro-2-benzothien-5-yl)amino]methylene}-5-(1,3-oxazol-5-yl)-1,3-dihydro-2H-indol-2-one",10364
DB08125,"4-{[(2-Oxo-1,2-dihydro-3H-indol-3-ylidene)methyl]amino}-N-(1,3-thiazol-2-yl)benzenesulfonamide",10365
DB08126,"3-{[4-([amino(imino)methyl]aminosulfonyl)anilino]methylene}-2-oxo-2,3-dihydro-1H-indole",10366
DB08127,"1,3,3-trimethyl-2-[(1E,3E)-3-methylpenta-1,3-dien-1-yl]cyclohexene",10367
DB08128,"(1S,4R,9S)-5-(trifluoromethyl)-1,2,3,4-tetrahydro-1,4-methanonaphthalen-9-amine",10368
DB08129,(1R)-2-amino-1-[3-(trifluoromethyl)phenyl]ethanol,10369
DB08130,"N-(5-{3,4-difluoro-2-[(2-fluoro-4-iodophenyl)amino]phenyl}-1,3,4-oxadiazol-2-yl)ethane-1,2-diamine",10370
DB08132,5-hydroxynaphthalene-1-sulfonamide,10371
DB08133,N-(4-sulfamoylphenyl)-1H-indazole-3-carboxamide,10372
DB08134,4-[(6-chloropyrazin-2-yl)amino]benzenesulfonamide,10373
DB08135,N-phenyl-1H-pyrazole-3-carboxamide,10374
DB08136,4-(acetylamino)-N-(4-fluorophenyl)-1H-pyrazole-3-carboxamide,10375
DB08137,(4E)-N-(4-fluorophenyl)-4-[(phenylcarbonyl)imino]-4H-pyrazole-3-carboxamide,10376
DB08138,"{[(2,6-difluorophenyl)carbonyl]amino}-N-(4-fluorophenyl)-1H-pyrazole-3-carboxamide",10377
DB08139,"5-chloro-7-[(1-methylethyl)amino]pyrazolo[1,5-a]pyrimidine-3-carbonitrile",10378
DB08140,"5-[(4-AMINOCYCLOHEXYL)AMINO]-7-(PROPAN-2-YLAMINO)PYRAZOLO[1,5-A]PYRIMIDINE-3-CARBONITRILE",10379
DB08141,"4-{[(2,6-difluorophenyl)carbonyl]amino}-N-[(3S)-piperidin-3-yl]-1H-pyrazole-3-carboxamide",10380
DB08142,AT-7519,10381
DB08143,"5-CHLORO-THIOPHENE-2-CARBOXYLIC ACID ((3S,4S)-4-FLUORO- 1-{[2-FLUORO-4-(2-OXO-2H-PYRIDIN-1-YL)-PHENYLCARBAMOYL]-METHYL}-PYRROLIDIN-3-YL)-AMIDE",10382
DB08147,"4-[3-(dibenzylamino)phenyl]-2,4-dioxobutanoic acid",10383
DB08148,"1-[4-(4-chlorophenyl)-1-(7H-pyrrolo[2,3-d]pyrimidin-4-yl)piperidin-4-yl]methanamine",10384
DB08149,"1-[4-(4-chlorobenzyl)-1-(7H-pyrrolo[2,3-d]pyrimidin-4-yl)piperidin-4-yl]methanamine",10385
DB08150,"4-(4-chlorobenzyl)-1-(7H-pyrrolo[2,3-d]pyrimidin-4-yl)piperidin-4-aminium",10386
DB08151,"(5R,7R,8S,9S,10R)-7-(hydroxymethyl)-3-phenyl-1,6-dioxa-2-azaspiro[4.5]dec-2-ene-8,9,10-triol",10387
DB08152,{(2S)-1-[N-(tert-butoxycarbonyl)glycyl]pyrrolidin-2-yl}methyl (3-chlorophenyl)acetate,10388
DB08153,"(5E)-14-CHLORO-15,17-DIHYDROXY-4,7,8,9,10,11-HEXAHYDRO-2-BENZOXACYCLOPENTADECINE-1,12(3H,13H)-DIONE",10389
DB08155,N-{2-[4-(AMINOSULFONYL)PHENYL]ETHYL}ACETAMIDE,10390
DB08156,3-[4-(AMINOSULFONYL)PHENYL]PROPANOIC ACID,10391
DB08157,ETHYL 3-[4-(AMINOSULFONYL)PHENYL]PROPANOATE,10392
DB08159,"4-(5,11-DIOXO-5H-INDENO[1,2-C]ISOQUINOLIN-6(11H)-YL)BUTANOATE",10393
DB08162,Fasudil,10394
DB08163,5'-{[4-(aminooxy)butyl](methyl)amino}-5'-deoxy-8-ethenyladenosine,10395
DB08164,"(3R,4R)-1-{6-[3-(METHYLSULFONYL)PHENYL]PYRIMIDIN-4-YL}-4-(2,4,5-TRIFLUOROPHENYL)PIPERIDIN-3-AMINE",10396
DB08165,indane-5-sulfonamide,10397
DB08166,"(4R)-7-chloro-9-methyl-1-oxo-1,2,4,9-tetrahydrospiro[beta-carboline-3,4'-piperidine]-4-carbonitrile",10398
DB08167,Methylthioninium,10399
DB08168,Coumarin 120,10400
DB08169,(2Z)-N-biphenyl-4-yl-2-cyano-3-cyclopropyl-3-hydroxyprop-2-enamide,10401
DB08170,"(1R)-N,6-DIHYDROXY-7-METHOXY-2-[(4-METHOXYPHENYL)SULFONYL]-1,2,3,4-TETRAHYDROISOQUINOLINE-1-CARBOXAMIDE",10402
DB08172,(2Z)-N-(3-chloro-2'-methoxybiphenyl-4-yl)-2-cyano-3-hydroxybut-2-enamide,10403
DB08173,5-CHLORO-N-(2-(4-(2-OXOPYRIDIN-1(2H)-YL)BENZAMIDO)ETHYL)THIOPHENE-2-CARBOXAMIDE,10404
DB08174,"5-CHLORO-N-((1R,2S)-2-(4-(2-OXOPYRIDIN-1(2H)-YL)BENZAMIDO) CYCLOPENTYL)THIOPHENE-2-CARBOXAMIDE",10405
DB08175,"(2E,4E)-11-METHOXY-3,7,11-TRIMETHYLDODECA-2,4-DIENOIC ACID",10406
DB08176,(1Z)-4-(4-FLUOROPHENYL)-2-METHYLIDENEBUTAN-1-IMINE,10407
DB08178,"4-(4-methoxy-1H-pyrrolo[2,3-b]pyridin-3-yl)pyrimidin-2-amine",10408
DB08179,"methyl 4-(2,3-dihydroxy-5-methylphenoxy)-2-hydroxy-6-methylbenzoate",10409
DB08180,2-[METHYL-(5-GERANYL-4-METHYL-PENT-3-ENYL)-AMINO]-ETHYL-DIPHOSPHATE,10410
DB08182,"4-(4-propoxy-1H-pyrrolo[2,3-b]pyridin-3-yl)pyrimidin-2-amine",10411
DB08184,2-(2-METHYLPHENYL)-1H-INDOLE-5-CARBOXIMIDAMIDE,10412
DB08186,(3E)-4-(1-METHYL-1H-INDOL-3-YL)BUT-3-EN-2-ONE,10413
DB08187,N-Methylphenylalanyl-N-[(trans-4-aminocyclohexyl)methyl]-L-prolinamide,10414
DB08190,N-[2-(2-iodo-5-methoxy-1H-indol-3-yl)ethyl]acetamide,10415
DB08191,"4-(5-phenyl-1H-pyrrolo[2,3-b]pyridin-3-yl)benzoic acid",10416
DB08192,2-(4-CARCOXY-5-ISOPROPYLTHIAZOLYL)BENZOPIPERIDINE,10417
DB08194,"4-methyl-7,8-dihydro-5H-thiopyrano[4,3-d]pyrimidin-2-amine",10418
DB08195,(1R)-2-[(CYANOMETHYL)AMINO]-1-({[2-(DIFLUOROMETHOXY)BENZYL]SULFONYL}METHYL)-2-OXOETHYL MORPHOLINE-4-CARBOXYLATE,10419
DB08197,"(5E,7S)-2-amino-7-(4-fluoro-2-pyridin-3-ylphenyl)-4-methyl-7,8-dihydroquinazolin-5(6H)-one oxime",10420
DB08198,"[(4R)-4-(3-HYDROXYPHENYL)-1,6-DIMETHYL-2-THIOXO-1,2,3,4-TETRAHYDROPYRIMIDIN-5-YL](PHENYL)METHANONE",10421
DB08200,(1R)-menthyl hexyl phosphonate group,10422
DB08201,(1S)-menthyl hexyl phosphonate group,10423
DB08202,4-({[(4-METHYLPIPERAZIN-1-YL)AMINO]CARBONOTHIOYL}AMINO)BENZENESULFONAMIDE,10424
DB08203,"7-[2-METHOXY-1-(METHOXYMETHYL)ETHYL]-7H-PYRROLO[3,2-F] QUINAZOLINE-1,3-DIAMINE",10425
DB08205,"4-(1,3-BENZOXAZOL-2-YL)-2,6-DIMETHYLPHENOL",10426
DB08206,"4-(1,3-BENZOXAZOL-2-YL)-2,6-DIBROMOPHENOL",10427
DB08207,"2-(3,5-DIMETHYLPHENYL)-1,3-BENZOXAZOLE",10428
DB08208,"2-[(4-ETHYNYL-2-FLUOROPHENYL)AMINO]-3,4-DIFLUORO-N-(2-HYDROXYETHOXY)BENZAMIDE",10429
DB08210,"2-AMINO-4-FLUORO-5-[(1-METHYL-1H-IMIDAZOL-2-YL)SULFANYL]-N-(1,3-THIAZOL-2-YL)BENZAMIDE",10430
DB08213,"1-METHYL-5-(2-PHENOXYMETHYL-PYRROLIDINE-1-SULFONYL)-1H-INDOLE-2,3-DIONE",10431
DB08214,4-(1H-IMIDAZOL-1-YL)PHENOL,10432
DB08217,"S-[(1-Hydroxy-2,2,5,5-tetramethyl-2,5-dihydro-1H-pyrrol-3-yl)methyl] methanesulfonothioate",10433
DB08218,"HYDROXY(OXO)(3-{[(2Z)-4-[3-(1H-1,2,4-TRIAZOL-1-YLMETHYL)PHENYL]PYRIMIDIN-2(5H)-YLIDENE]AMINO}PHENYL)AMMONIUM",10434
DB08219,"4-Methyl-5-[(2Z)-2-{[4-(4-morpholinyl)phenyl]imino}-2,5-dihydro-4-pyrimidinyl]-1,3-thiazol-2-amine",10435
DB08220,"(8alpha,10alpha,13alpha,17beta)-17-[(4-hydroxyphenyl)carbonyl]androsta-3,5-diene-3-carboxylic acid",10436
DB08221,N-{4-METHYL-3-[(3-PYRIMIDIN-4-YLPYRIDIN-2-YL)AMINO]PHENYL}-3-(TRIFLUOROMETHYL)BENZAMIDE,10437
DB08222,METHOXYUNDECYLPHOSPHINIC ACID,10438
DB08224,"(1S,7S,8S,8AR)-1,2,3,7,8,8A-HEXAHYDRO-7-METHYL-8-[2-[(2R,4R)-TETRAHYDRO-4-HY DROXY-6-OXO-2H-PYRAN-2-YL]ETHYL]-1-NAPHTHALENOL",10439
DB08228,"5,8-dimethoxy-1,4-dimethylquinolin-2(1H)-one",10440
DB08229,[N-(3-dibenzylcarbamoyl-oxiranecarbonyl)-hydrazino]-acetic acid,10441
DB08230,Tricetin,10442
DB08231,Myristic acid,10443
DB08232,"[5-(5-Amino-1H-pyrrolo[3,2-b]pyridin-2-yl)-6-hydroxy-3'-nitro-3-biphenylyl]acetic acid",10444
DB08233,6-CYCLOHEXYLMETHYLOXY-2-(4'-HYDROXYANILINO)PURINE,10445
DB08234,"5-[3-(2,5-dimethoxyphenyl)prop-1-yn-1-yl]-6-ethylpyrimidine-2,4-diamine",10446
DB08235,N-[2-(2-methyl-1H-indol-3-yl)ethyl]thiophene-2-carboxamide,10447
DB08236,"(2S)-2-(3-bromophenyl)-3-(5-chloro-2-hydroxyphenyl)-1,3-thiazolidin-4-one",10448
DB08237,2'-deoxy-N-(naphthalen-1-ylmethyl)guanosine 5'-(dihydrogen phosphate),10449
DB08238,5-aminonaphthalene-2-sulfonic acid,10450
DB08239,"(2S)-4-(2,5-DIFLUOROPHENYL)-N-METHYL-2-PHENYL-N-PIPERIDIN-4-YL-2,5-DIHYDRO-1H-PYRROLE-1-CARBOXAMIDE",10451
DB08240,N-(4-CHLOROPHENYL)-3-(PHOSPHONOOXY)NAPHTHALENE-2-CARBOXAMIDE,10452
DB08241,4-(6-CYCLOHEXYLMETHOXY-9H-PURIN-2-YLAMINO)--BENZAMIDE,10453
DB08242,"N,4-dimethyl-3-[(1-phenyl-1H-pyrazolo[3,4-d]pyrimidin-4-yl)amino]benzamide",10454
DB08244,"(1S)-1-CYCLOPROPYL-2-[(2S)-4-(2,5-DIFLUOROPHENYL)-2-PHENYL-2,5-DIHYDRO-1H-PYRROL-1-YL]-2-OXOETHANAMINE",10455
DB08246,"(2S)-4-(2,5-DIFLUOROPHENYL)-N,N-DIMETHYL-2-PHENYL-2,5-DIHYDRO-1H-PYRROLE-1-CARBOXAMIDE",10456
DB08247,6-(CYCLOHEXYLMETHOXY)-8-ISOPROPYL-9H-PURIN-2-AMINE,10457
DB08248,3-(6-CYCLOHEXYLMETHOXY-9H-PURIN-2-YLAMINO)-BENZENESULFONAMIDE,10458
DB08249,"3,6,9,12,15-PENTAOXATRICOSAN-1-OL",10459
DB08250,"(5S)-5-(3-AMINOPROPYL)-3-(2,5-DIFLUOROPHENYL)-N-ETHYL-5-PHENYL-4,5-DIHYDRO-1H-PYRAZOLE-1-CARBOXAMIDE",10460
DB08251,4-[5-(2-CARBOXY-1-FORMYL-ETHYLCARBAMOYL)-PYRIDIN-3-YL]-BENZOIC ACID,10461
DB08254,2-Naphthalenesulfonic acid,10462
DB08256,N-[(CYCLOHEXYLAMINO)CARBONYL]GLYCINE,10463
DB08257,4-{[(CYCLOHEXYLAMINO)CARBONYL]AMINO}BUTANOIC ACID,10464
DB08258,6-{[(CYCLOHEXYLAMINO)CARBONYL]AMINO}HEXANOIC ACID,10465
DB08259,7-{[(CYCLOHEXYLAMINO)CARBONYL]AMINO}HEPTANOIC ACID,10466
DB08262,"2,6-dicarboxynaphthalene",10467
DB08263,N-(carboxycarbonyl)-D-phenylalanine,10468
DB08270,"N-(2-AMINOETHYL)-N~2~-{(1S)-1-[4'-(AMINOSULFONYL)BIPHENYL-4-YL]-2,2,2-TRIFLUOROETHYL}-L-LEUCINAMIDE",10469
DB08271,N-ISOBUTYL-N-[4-METHOXYPHENYLSULFONYL]GLYCYL HYDROXAMIC ACID,10470
DB08273,4-HYDROXY-5-IODO-3-NITROPHENYLACETYL-EPSILON-AMINOCAPROIC ACID ANION,10471
DB08276,trifluoro-[hydroxy-[hydroxy-[2-(N-methyl-2-nitro-anilino)ethoxy]phosphoryl]oxy-phosphoryl]oxy-beryllium(1-),10472
DB08277,"2-(2-CHLORO-4-FLUOROPHENOXY)-2-METHYL-N-[(1R,2S,3S,5S,7S)-5-(METHYLSULFONYL)-2-ADAMANTYL]PROPANAMIDE",10473
DB08280,"(1S,3R,4S,5S,7S)-4-{[2-(4-METHOXYPHENOXY)-2-METHYLPROPANOYL]AMINO}ADAMANTANE-1-CARBOXAMIDE",10474
DB08283,"(2R,3R,4R,5S)-2-(HYDROXYMETHYL)-1-NONYLPIPERIDINE-3,4,5-TRIOL",10475
DB08285,"(2R)-2-{[4-(benzylamino)-8-(1-methylethyl)pyrazolo[1,5-a][1,3,5]triazin-2-yl]amino}butan-1-ol",10476
DB08287,"(1R,2R)-N-(2-Aminoethyl)-2-{[(4-methoxyphenyl)sulfonyl]methyl}cyclohexanecarboxamide",10477
DB08289,N-(PARA-GLUTARAMIDOPHENYL-ETHYL)-PIPERIDINIUM-N-OXIDE,10478
DB08291,N-(3-AMINOPROPYL)-2-NITROBENZENAMINE,10479
DB08292,"(5Z)-12-CHLORO-13,15-DIHYDROXY-4,7,8,9-TETRAHYDRO-2-BENZOXACYCLOTRIDECINE-1,10(3H,11H)-DIONE",10480
DB08293,"(5E)-12-CHLORO-13,15-DIHYDROXY-4,7,8,9-TETRAHYDRO-2-BENZOXACYCLOTRIDECINE-1,10(3H,11H)-DIONE",10481
DB08294,2-(4-HYDROXY-3-NITROPHENYL)ACETIC ACID,10482
DB08295,4-HYDROXY-3-NITROPHENYLACETYL-EPSILON-AMINOCAPROIC ACID ANION,10483
DB08296,5-(PARA-NITROPHENYL PHOSPHONATE)-PENTANOIC ACID,10484
DB08299,"4-[8-(3-nitrophenyl)-1,7-naphthyridin-6-yl]benzoic acid",10485
DB08300,"1-methyl-3-naphthalen-2-yl-1H-pyrazolo[3,4-d]pyrimidin-4-amine",10486
DB08301,N-({[4-(AMINOSULFONYL)PHENYL]AMINO}CARBONYL)-4-METHYLBENZENESULFONAMIDE,10487
DB08302,3-[5-(2-nitropent-1-en-1-yl)furan-2-yl]benzoic acid,10488
DB08303,"(3S)-3-cyclopentyl-6-methyl-7-[(4-methylpiperazin-1-yl)sulfonyl]-3,4-dihydro-2H-1,2,4-benzothiadiazine 1,1-dioxide",10489
DB08304,"(3R)-3-cyclopentyl-7-[(4-methylpiperazin-1-yl)sulfonyl]-3,4-dihydro-2H-1,2-benzothiazine 1,1-dioxide",10490
DB08305,"(3R)-3-cyclopentyl-6-methyl-7-[(4-methylpiperazin-1-yl)sulfonyl]-3,4-dihydro-2H-1,2-benzothiazine 1,1-dioxide",10491
DB08309,3-({2-[(4-{[6-(CYCLOHEXYLMETHOXY)-9H-PURIN-2-YL]AMINO}PHENYL)SULFONYL]ETHYL}AMINO)PROPAN-1-OL,10492
DB08312,"6-CYCLOHEXYLMETHYLOXY-5-NITROSO-PYRIMIDINE-2,4-DIAMINE",10493
DB08313,Nocodazole,10494
DB08320,"DIETHYL (1R,2S,3R,4S)-5,6-BIS(4-HYDROXYPHENYL)-7-OXABICYCLO[2.2.1]HEPT-5-ENE-2,3-DICARBOXYLATE",10495
DB08321,"(1S,2S,3R,6R)-4-(hydroxymethyl)-6-(octylamino)cyclohex-4-ene-1,2,3-triol",10496
DB08322,"2-DEOXY-3,4-BIS-O-[3-(4-HYDROXYPHENYL)PROPANOYL]-L-THREO-PENTARIC ACID",10497
DB08323,3-OXO-N-[(3S)-2-OXOPYRROLIDIN-3-YL]DODECANAMIDE,10498
DB08325,2-({6-[(3-Chlorophenyl)amino]-9-isopropyl-9H-purin-2-yl}amino)ethanol,10499
DB08326,"2-(6-HYDROXY-1,3-BENZOTHIAZOL-2-YL)-1,3-THIAZOL-4(5H)-ONE",10500
DB08329,Sulthiame,10501
DB08330,METHYL (2Z)-3-METHOXY-2-{2-[(E)-2-PHENYLVINYL]PHENYL}ACRYLATE,10502
DB08332,9-(2-carboxyethyl)-10-methylanthracene endoperoxide,10503
DB08333,4-HYDROXYBENZALDEHYDE O-(CYCLOHEXYLCARBONYL)OXIME,10504
DB08334,3-FLUORO-4-HYDROXYBENZALDEHYDE O-(CYCLOHEXYLCARBONYL)OXIME,10505
DB08335,"4-HYDROXYBENZALDEHYDE O-(3,3-DIMETHYLBUTANOYL)OXIME",10506
DB08338,"19-(cyclopropylamino)-4,6,7,15-tetrahydro-5H-16,1-(azenometheno)-10,14-(metheno)pyrazolo[4,3-o][1,3,9]triazacyclohexadecin-8(9H)-one",10507
DB08339,PD-166326,10508
DB08340,"N,N'-DIPHENYLPYRAZOLO[1,5-A][1,3,5]TRIAZINE-2,4-DIAMINE",10509
DB08341,"4-{[4-{[(1R,2R)-2-(dimethylamino)cyclopentyl]amino}-5-(trifluoromethyl)pyrimidin-2-yl]amino}-N-methylbenzenesulfonamide",10510
DB08342,S-palmitoyl-L-cysteine,10511
DB08345,"4-(2-(1H-IMIDAZOL-4-YL)ETHYLAMINO)-2-(PHENYLAMINO)PYRAZOLO[1,5-A][1,3,5]TRIAZINE-8-CARBONITRILE",10512
DB08346,"(5Z)-13-CHLORO-14,16-DIHYDROXY-3,4,7,8,9,10-HEXAHYDRO-1H-2-BENZOXACYCLOTETRADECINE-1,11(12H)-DIONE",10513
DB08347,4-{[(2S)-3-(tert-butylamino)-2-hydroxypropyl]oxy}-3H-indole-2-carbonitrile,10514
DB08348,"N~2~,N~2~-DIMETHYL-N~1~-(6-OXO-5,6-DIHYDROPHENANTHRIDIN-2-YL)GLYCINAMIDE",10515
DB08349,"N-cyclopropyl-3-{[1-(2,4-difluorophenyl)-7-methyl-6-oxo-6,7-dihydro-1H-pyrazolo[3,4-b]pyridin-4-yl]amino}-4-methylbenzamide",10516
DB08350,"5-[3-(2-METHOXYPHENYL)-1H-PYRROLO[2,3-B]PYRIDIN-5-YL]-N,N-DIMETHYLPYRIDINE-3-CARBOXAMIDE",10517
DB08351,N-cyclopropyl-4-methyl-3-{2-[(2-morpholin-4-ylethyl)amino]quinazolin-6-yl}benzamide,10518
DB08352,"6-[4-(2-fluorophenyl)-1,3-oxazol-5-yl]-N-(1-methylethyl)-1,3-benzothiazol-2-amine",10519
DB08353,"2-(CYCLOHEXYLMETHYLAMINO)-4-(PHENYLAMINO)PYRAZOLO[1,5-A][1,3,5]TRIAZINE-8-CARBONITRILE",10520
DB08354,"2-(4-CHLOROBENZYLAMINO)-4-(PHENYLAMINO)PYRAZOLO[1,5-A][1,3,5]TRIAZINE-8-CARBONITRILE",10521
DB08355,"1-methyl-8-(phenylamino)-4,5-dihydro-1H-pyrazolo[4,3-h]quinazoline-3-carboxylic acid",10522
DB08356,"4-[4-(4-methoxyphenyl)-5-methyl-1H-pyrazol-3-yl]benzene-1,3-diol",10523
DB08357,Diethylene glycol diethyl ether,10524
DB08358,"2-(2-QUINOLIN-3-YLPYRIDIN-4-YL)-1,5,6,7-TETRAHYDRO-4H-PYRROLO[3,2-C]PYRIDIN-4-ONE",10525
DB08360,"2-(4-ETHYLPIPERAZIN-1-YL)-4-(PHENYLAMINO)PYRAZOLO[1,5-A][1,3,5]TRIAZINE-8-CARBONITRILE",10526
DB08361,"2-{[(1R,2S)-2-aminocyclohexyl]amino}-4-[(3-methylphenyl)amino]pyrimidine-5-carboxamide",10527
DB08362,"N-(3-(8-CYANO-4-(PHENYLAMINO)PYRAZOLO[1,5-A][1,3,5]TRIAZIN-2-YLAMINO)PHENYL)ACETAMIDE",10528
DB08363,1-(9-ethyl-9H-carbazol-3-yl)-N-methylmethanamine,10529
DB08365,"8-bromo-4-(2-chlorophenyl)-N-(2-hydroxyethyl)-6-methyl-1,3-dioxo-1,2,3,6-tetrahydropyrrolo[3,4-e]indole-7-carboxamide",10530
DB08368,"OCTANE-1,3,5,7-TETRACARBOXYLIC ACID",10531
DB08369,1-(biphenyl-4-ylmethyl)-1H-imidazole,10532
DB08370,S-(4-BROMOBENZYL)CYSTEINE,10533
DB08371,p-Benzoyl-L-phenylalanine,10534
DB08373,"4,4'-BIS([H]METHYLSULFONYL)-2,2',5,5'-TETRACHLOROBIPHENYL",10535
DB08374,Phenylalanylmethylchloride,10536
DB08377,N-[4-(4-nitrophenylphospho)butanoyl]-D-alanine,10537
DB08378,"4-[4-(2,5-DIOXO-PYRROLIDIN-1-YL)-PHENYLAMINO]-4-HYDROXY-BUTYRIC ACID",10538
DB08382,Gosogliptin,10539
DB08383,"4,5-bis(4-methoxyphenyl)-2-thiophen-2-yl-1H-imidazole",10540
DB08384,2-({4-[4-(pyridin-4-ylmethyl)-1H-pyrazol-3-yl]phenoxy}methyl)quinoline,10541
DB08385,4-(quinolin-3-ylmethyl)piperidine-1-carboxylic acid,10542
DB08386,2-{[4-(4-pyridin-4-yl-1H-pyrazol-3-yl)phenoxy]methyl}quinoline,10543
DB08387,Mardepodect,10544
DB08388,"5-(2-ETHOXYETHYL)-5-[4-(4-FLUOROPHENOXY)PHENOXY]PYRIMIDINE-2,4,6(1H,3H,5H)-TRIONE",10545
DB08389,"6,7-DIMETHOXY-4-[(3R)-3-(2-NAPHTHYLOXY)PYRROLIDIN-1-YL]QUINAZOLINE",10546
DB08391,PQ-10,10547
DB08392,"2-[5,6-BIS-(4-METHOXY-PHENYL)-FURO[2,3-D]PYRIMIDIN-4-YLAMINO]-ETHANOL",10548
DB08393,"2-[(5,6-DIPHENYLFURO[2,3-D]PYRIMIDIN-4-YL)AMINO]ETHANOL",10549
DB08394,PARA-NITROPHENYLPHOSPHONOBUTANOYL-GLYCINE,10550
DB08395,2-(ETHOXYMETHYL)-4-(4-FLUOROPHENYL)-3-[2-(2-HYDROXYPHENOXY)PYRIMIDIN-4-YL]ISOXAZOL-5(2H)-ONE,10551
DB08396,"4-{[(Z)-(5-oxo-2-phenyl-1,3-oxazol-4(5H)-ylidene)methyl]amino}butanoic acid",10552
DB08397,6-(DIFLUORO-PHOSPHONO-METHYL)-NAPHTHALENE-2-CARBOXYLIC ACID,10553
DB08398,"2-Amino-1-methyl-6-phenylimidazo(4,5-b)pyridine",10554
DB08399,Piceatannol,10555
DB08400,4-(3-{[5-(trifluoromethyl)pyridin-2-yl]oxy}benzyl)piperidine-1-carboxylic acid,10556
DB08402,"2-[(2,4-DICHLOROBENZOYL)AMINO]-5-(PYRIMIDIN-2-YLOXY)BENZOIC ACID",10557
DB08403,METHYLAMINO-PHENYLALANYL-LEUCYL-HYDROXAMIC ACID,10558
DB08406,"[N-(2,4-DIAMINOPTERIDIN-6-YL)-METHYL]-DIBENZ[B,F]AZEPINE",10559
DB08409,4-NITRO-BENZYLPHOSPHONOBUTANOYL-GLYCINE,10560
DB08410,PARA-NITROBENZYL GLUTARYL GLYCINIC ACID,10561
DB08411,N-[4-(4-nitrophenylphospho)butanoyl]-L-alanine,10562
DB08412,6-{4-[HYDROXY-(4-NITRO-PHENOXY)-PHOSPHORYL]-BUTYRYLAMINO}-HEXANOIC ACID,10563
DB08413,METHYL-PHOSPHONIC ACID MONO-(4-NITRO-PHENYL) ESTER,10564
DB08416,"(9BETA,13ALPHA,14BETA,17ALPHA)-2-METHOXYESTRA-1,3,5(10)-TRIENE-3,17-DIYL DISULFAMATE",10565
DB08418,"(4aS,4bR,10bS,12aS)-12a-methyl-1,3-dioxo-2-(pyridin-3-ylmethyl)-1,2,3,4,4a,4b,5,6,10b,11,12,12a-dodecahydronaphtho[2,1-f]isoquinolin-8-yl sulfamate",10566
DB08420,1-{[1-(2-AMINO-3-PHENYL-PROPIONYL)-PYRROLIDINE-2-CARBONYL]-AMINO}-2-(3-CYANO-PHENYL)-ETHANEBORONIC ACID,10567
DB08422,[PHENYLALANINYL-PROLINYL]-[2-(PYRIDIN-4-YLAMINO)-ETHYL]-AMINE,10568
DB08423,[5-AMINO-1-(4-FLUOROPHENYL)-1H-PYRAZOL-4-YL][3-(PIPERIDIN-4-YLOXY)PHENYL]METHANONE,10569
DB08424,"[5-AMINO-1-(4-FLUOROPHENYL)-1H-PYRAZOL-4-YL](3-{[(2R)-2,3-DIHYDROXYPROPYL]OXY}PHENYL)METHANONE",10570
DB08426,"THIENO[3,2-B]PYRIDINE-2-SULFONIC ACID [2-OXO-1-(1H-PYRROLO[2,3-C]PYRIDIN-2-YLMETHYL)-PYRROLIDIN-3-YL]-AMIDE",10571
DB08429,N-({(2S)-1-[(3R)-3-amino-4-(3-chlorophenyl)butanoyl]pyrrolidin-2-yl}methyl)-3-(methylsulfonyl)benzamide,10572
DB08430,PARA-NITROPHENYL 1-THIO-BETA-D-GLUCOPYRANOSIDE,10573
DB08435,"(5E,14E)-11-oxoprosta-5,9,12,14-tetraen-1-oic acid",10574
DB08436,"8-BENZO[1,3]DIOXOL-,5-YLMETHYL-9-BUTYL-9H-",10575
DB08437,Puromycin,10576
DB08439,Parecoxib,10577
DB08441,"6-BROMO-13-THIA-2,4,8,12,19-PENTAAZATRICYCLO[12.3.1.1~3,7~]NONADECA-1(18),3(19),4,6,14,16-HEXAENE 13,13-DIOXIDE",10578
DB08442,"4-{[(2R)-2-(2-methylphenyl)pyrrolidin-1-yl]carbonyl}benzene-1,3-diol",10579
DB08443,"2-(1H-pyrrol-1-ylcarbonyl)benzene-1,3,5-triol",10580
DB08445,"(3R,4S)-1-[6-(6-METHOXYPYRIDIN-3-YL)PYRIMIDIN-4-YL]-4-(2,4,5-TRIFLUOROPHENYL)PYRROLIDIN-3-AMINE",10581
DB08447,3-{3-[(DIMETHYLAMINO)METHYL]-1H-INDOL-7-YL}PROPAN-1-OL,10582
DB08448,"(4aS)-5-[(2,4-diaminopteridin-6-yl)methyl]-4a,5-dihydro-2H-dibenzo[b,f]azepin-8-ol",10583
DB08449,"2-(3-((4,5,7-trifluorobenzo[d]thiazol-2-yl)methyl)-1H-pyrrolo[2,3-b]pyridin-1-yl)acetic acid",10584
DB08450,N-1H-indazol-5-yl-2-(6-methylpyridin-2-yl)quinazolin-4-amine,10585
DB08453,2-Nonyl-4-quinolinol 1-oxide,10586
DB08454,N-(5-METHYL-1H-PYRAZOL-3-YL)-2-PHENYLQUINAZOLIN-4-AMINE,10587
DB08455,Ro 12-7310,10588
DB08461,"3-[(4-AMINO-1-TERT-BUTYL-1H-PYRAZOLO[3,4-D]PYRIMIDIN-3-YL)METHYL]PHENOL",10589
DB08462,N-(4-PHENYLAMINO-QUINAZOLIN-6-YL)-ACRYLAMIDE,10590
DB08463,(2R)-2-({9-(1-methylethyl)-6-[(4-pyridin-2-ylbenzyl)amino]-9H-purin-2-yl}amino)butan-1-ol,10591
DB08464,"METHYL 3-CHLORO-2-{3-[(2,5-DIHYDROXY-4-METHOXYPHENYL)AMINO]-3-OXOPROPYL}-4,6-DIHYDROXYBENZOATE",10592
DB08465,"2-(3-AMINO-2,5,6-TRIMETHOXYPHENYL)ETHYL 5-CHLORO-2,4-DIHYDROXYBENZOATE",10593
DB08466,"5-[2-(4-hydroxyphenyl)ethyl]benzene-1,3-diol",10594
DB08467,"6-(2,3,4,5,6,7-HEXAHYDRO-2,4,4-TRIMETHYL-1-METYLENEINDEN-2-YL)-3-METHYLHEXA-2,4-DIENOIC ACID",10595
DB08473,Dichlororibofuranosylbenzimidazole,10596
DB08476,3-AMINO-AZACYCLOTRIDECAN-2-ONE,10597
DB08478,N-[2-Chloro-5-(trifluoromethyl)phenyl]imidodicarbonimidic diamide,10598
DB08479,"N-(3,5-dimethoxyphenyl)imidodicarbonimidic diamide",10599
DB08480,4-HYDROXY-N-PROPARGYL-1(R)-AMINOINDAN,10600
DB08482,[[1-[N-HYDROXY-ACETAMIDYL]-3-METHYL-BUTYL]-CARBONYL-LEUCINYL]-ALANINE ETHYL ESTER,10601
DB08484,4-AMINO-N-[(2-SULFANYLETHYL)CARBAMOYL]BENZENESULFONAMIDE,10602
DB08486,Efaproxiral,10603
DB08487,3-({4-[(6-CHLORO-1-BENZOTHIEN-2-YL)SULFONYL]-2-OXOPIPERAZIN-1-YL}METHYL)BENZENECARBOXIMIDAMIDE,10604
DB08488,"4-{[(E)-2-(5-CHLOROTHIEN-2-YL)VINYL]SULFONYL}-1-(1H-PYRROLO[3,2-C]PYRIDIN-2-YLMETHYL)PIPERAZIN-2-ONE",10605
DB08489,"N4-HYDROXY-2-ISOBUTYL-N1-(9-OXO-1,8-DIAZA-TRICYCLO[10.6.1.013,18]NONADECA-12(19),13,15,17-TETRAEN-10-YL)-SUCCINAMIDE",10606
DB08490,CTS-1027,10607
DB08491,N-HYDROXY-2-[4-(4-PHENOXY-BENZENESULFONYL)-TETRAHYDRO-PYRAN-4-YL]-ACETAMIDE,10608
DB08492,(2E)-3-(2-OCT-1-YN-1-YLPHENYL)ACRYLIC ACID,10609
DB08493,"5-METHYL-3-(9-OXO-1,8-DIAZA-TRICYCLO[10.6.1.013,18]NONADECA-12(19),13,15,17-TETRAEN-10-YLCARBAMOYL)-HEXANOIC ACID",10610
DB08495,4-({4-[(6-CHLORO-1-BENZOTHIEN-2-YL)SULFONYL]-2-OXOPIPERAZIN-1-YL}METHYL)BENZENECARBOXIMIDAMIDE,10611
DB08496,(R)-warfarin,10612
DB08497,"(1S)-2-oxo-1-phenyl-2-[(1,3,4-trioxo-1,2,3,4-tetrahydroisoquinolin-5-yl)amino]ethyl acetate",10613
DB08498,"(1S)-1-(3-chlorophenyl)-2-oxo-2-[(1,3,4-trioxo-1,2,3,4-tetrahydroisoquinolin-5-yl)amino]ethyl acetate",10614
DB08499,"N-[3-(2-fluoroethoxy)phenyl]-N'-(1,3,4-trioxo-1,2,3,4-tetrahydroisoquinolin-6-yl)butanediamide",10615
DB08500,"(3S,5R,7R,8S,9S,10R)-7-(hydroxymethyl)-3-(2-naphthyl)-1,6-dioxa-2-azaspiro[4.5]decane-8,9,10-triol",10616
DB08502,Capravirine,10617
DB08503,"(3S,5R,7R,8S,9S,10R)-7-(hydroxymethyl)-3-(4-methylphenyl)-1,6-dioxa-2-azaspiro[4.5]decane-8,9,10-triol",10618
DB08504,"6-(4-{(1S,2S)-2-AMINO-1-[(DIMETHYLAMINO)CARBONYL]-3-[(3S)-3-FLUOROPYRROLIDIN-1-YL]-3-OXOPROPYL}PHENYL)-1H-[1,2,4]TRIAZOLO[1,5-A]PYRIDIN-4-IUM",10619
DB08507,N-[[2-METHYL-4-HYDROXYCARBAMOYL]BUT-4-YL-N]-BENZYL-P-[PHENYL]-P-[METHYL]PHOSPHINAMID,10620
DB08510,5-ALPHA-PREGNANE-3-BETA-OL-HEMISUCCINATE,10621
DB08513,[4-({5-(AMINOCARBONYL)-4-[(3-METHYLPHENYL)AMINO]PYRIMIDIN-2-YL}AMINO)PHENYL]ACETIC ACID,10622
DB08515,"(3AR,6R,6AS)-6-((S)-((S)-CYCLOHEX-2-ENYL)(HYDROXY)METHYL)-6A-METHYL-4-OXO-HEXAHYDRO-2H-FURO[3,2-C]PYRROLE-6-CARBALDEHYDE",10623
DB08516,(S)-(+)-2-[4-(FLUOROBENZYLOXY-BENZYLAMINO)PROPIONAMIDE],10624
DB08519,"N~4~-(3-methyl-1H-indazol-6-yl)-N~2~-(3,4,5-trimethoxyphenyl)pyrimidine-2,4-diamine",10625
DB08520,"(21S)-1AZA-4,4-DIMETHYL-6,19-DIOXA-2,3,7,20-TETRAOXOBICYCLO[19.4.0] PENTACOSANE",10626
DB08521,4-[4-(4-Fluorophenyl)-2-[4-[(R)-methylsulfinyl]phenyl]-1H-imidazol-5-yl]pyridine,10627
DB08522,4-(4-FLUOROPHENYL)-1-CYCLOROPROPYLMETHYL-5-(4-PYRIDYL)-IMIDAZOLE,10628
DB08526,CARBOBENZYLOXY-(L)-LEUCINYL-(L)LEUCINYL METHOXYMETHYLKETONE,10629
DB08527,"1-[4-(AMINOSULFONYL)PHENYL]-1,6-DIHYDROPYRAZOLO[3,4-E]INDAZOLE-3-CARBOXAMIDE",10630
DB08529,"(6E,11E)-HEPTADECA-6,11-DIENE-9,9-DIYLBIS(PHOSPHONIC ACID)",10631
DB08530,"7-BENZYL-1,3-DIMETHYL-8-PIPERAZIN-1-YL-3,7-DIHYDRO-PURINE-2,6-DIONE",10632
DB08531,"5-(2,3-dichlorophenyl)-N-(pyridin-4-ylmethyl)pyrazolo[1,5-a]pyrimidin-7-amine",10633
DB08532,"6-(2-fluorophenyl)-N-(pyridin-3-ylmethyl)imidazo[1,2-a]pyrazin-8-amine",10634
DB08533,"3-methyl-N-(pyridin-4-ylmethyl)imidazo[1,2-a]pyrazin-8-amine",10635
DB08534,"5-(2-fluorophenyl)-N-(pyridin-4-ylmethyl)pyrazolo[1,5-a]pyrimidin-7-amine",10636
DB08535,"3-bromo-5-phenyl-N-(pyridin-3-ylmethyl)pyrazolo[1,5-a]pyrimidin-7-amine",10637
DB08536,"3-bromo-5-phenyl-N-(pyrimidin-5-ylmethyl)pyrazolo[1,5-a]pyridin-7-amine",10638
DB08537,"3-bromo-6-phenyl-N-(pyrimidin-5-ylmethyl)imidazo[1,2-a]pyridin-8-amine",10639
DB08538,"N-((2-aminopyrimidin-5-yl)methyl)-5-(2,6-difluorophenyl)-3-ethylpyrazolo[1,5-a]pyrimidin-7-amine",10640
DB08539,"3-cyclopropyl-5-phenyl-N-(pyridin-3-ylmethyl)pyrazolo[1,5-a]pyrimidin-7-amine",10641
DB08546,"4-[(3AS,4R,7R,8AS,8BR)-2-(1,3-BENZODIOXOL-5-YLMETHYL)-7-HYDROXY-1,3-DIOXODECAHYDROPYRROLO[3,4-A]PYRROLIZIN-4-YL]BENZENECARBOXIMIDAMIDE",10642
DB08547,PROGESTERONE-11-ALPHA-OL-HEMISUCCINATE,10643
DB08549,"(3R)-METHYLCARBAMOYL-7-SULFOAMINO-3,4-DIHYDRO-1H-ISOQUINOLINE-2-CARBOXYLIC ACID BENZYL ESTER",10644
DB08550,"7,8-Dichloro-1,2,3,4-tetrahydroisoquinoline",10645
DB08553,"(1E)-5-(1-piperidin-4-yl-3-pyridin-4-yl-1H-pyrazol-4-yl)-2,3-dihydro-1H-inden-1-one oxime",10646
DB08555,"1-(3-bromophenyl)-7-chloro-6-methoxy-3,4-dihydroisoquinoline",10647
DB08557,"2-[(2-methoxyethyl)amino]-4-(4-oxo-1,2,3,4-tetrahydro-9H-carbazol-9-yl)benzamide",10648
DB08558,"2-HYDROXYMETHYL-6-OCTYLSULFANYL-TETRAHYDRO-PYRAN-3,4,5-TRIOL",10649
DB08560,3-FLUORO-N-[1-(4-FLUOROPHENYL)-3-(2-THIENYL)-1H-PYRAZOL-5-YL]BENZENESULFONAMIDE,10650
DB08561,"BENZYL 6-BENZYL-5,7-DIOXO-6,7-DIHYDRO-5H-[1,3]THIAZOLO[3,2-C]PYRIMIDINE-2-CARBOXYLATE",10651
DB08562,4-(4-STYRYL-PHENYLCARBAMOYL)-BUTYRIC ACID,10652
DB08564,(2E)-N-{4-[(3-bromophenyl)amino]quinazolin-6-yl}-4-(dimethylamino)but-2-enamide,10653
DB08565,L-1-naphthyl-2-acetamido-ethane boronic acid,10654
DB08566,D-1-naphthyl-2-acetamido-ethane boronic acid,10655
DB08568,A-674563,10656
DB08569,"3-PYRIDIN-4-YL-2,4-DIHYDRO-INDENO[1,2-.C.] PYRAZOLE",10657
DB08572,4-{[4-AMINO-6-(CYCLOHEXYLMETHOXY)-5-NITROSOPYRIMIDIN-2-YL]AMINO}BENZAMIDE,10658
DB08574,"(5R)-2-sulfanyl-5-[4-(trifluoromethyl)benzyl]-1,3-thiazol-4(5H)-one",10659
DB08575,"2-[(1S)-1-BENZYL-2-SULFANYLETHYL]-1H-IMIDAZO[4,5-C]PYRIDIN-5-IUM",10660
DB08577,3-[(3-(2-CARBOXYETHYL)-4-METHYLPYRROL-2-YL)METHYLENE]-2-INDOLINONE,10661
DB08583,"2-amino-5-[3-(1-ethyl-1H-pyrazol-5-yl)-1H-pyrrolo[2,3-b]pyridin-5-yl]-N,N-dimethylbenzamide",10662
DB08588,2-({2-[(3R)-3-AMINOPIPERIDIN-1-YL]-4-OXOQUINAZOLIN-3(4H)-YL}METHYL)BENZONITRILE,10663
DB08590,1-(3-HYDROXYPROPYL)-2-[(3-NITROBENZOYL)AMINO]-1H-BENZIMIDAZOL-5-YL PIVALATE,10664
DB08591,"5-(4-METHOXYBIPHENYL-3-YL)-1,2,5-THIADIAZOLIDIN-3-ONE 1,1-DIOXIDE",10665
DB08593,"1,2,5-THIADIAZOLIDIN-3-ONE-1,1-DIOXIDE",10666
DB08594,TERT-BUTYL 2-CYANO-2-METHYLHYDRAZINECARBOXYLATE,10667
DB08595,"4-[(1S,2R,5S)-4,4,8-TRIMETHYL-3-OXABICYCLO[3.3.1]NON-7-EN-2-YL]PHENOL",10668
DB08596,5'-deoxy-5'-piperidin-1-ylthymidine,10669
DB08597,Dorsomorphin,10670
DB08599,N-[(4-methoxyphenyl)sulfonyl]-D-alanine,10671
DB08601,Tributyltin,10672
DB08602,"3-(2,6-difluorophenyl)-2-(methylthio)quinazolin-4(3H)-one",10673
DB08604,Triclosan,10674
DB08605,"6-METHYL-2(PROPANE-1-SULFONYL)-2H-THIENO[3,2-D][1,2,3]DIAZABORININ-1-OL",10675
DB08607,"(5R)-5-(4-{[(2R)-6-HYDROXY-2,5,7,8-TETRAMETHYL-3,4-DIHYDRO-2H-CHROMEN-2-YL]METHOXY}BENZYL)-1,3-THIAZOLIDINE-2,4-DIONE",10676
DB08608,"4-({(2R,5S)-2,5-DIMETHYL-4-[(2R)-3,3,3-TRIFLUORO-2-HYDROXY-2-METHYLPROPANOYL]PIPERAZIN-1-YL}CARBONYL)BENZONITRILE",10677
DB08609,"(2R)-N-{4-[Ethyl(phenyl)sulfamoyl]-2-methylphenyl}-3,3,3-trifluoro-2-hydroxy-2-methylpropanamide",10678
DB08610,N-(2-AMINOETHYL)-2-{3-CHLORO-4-[(4-ISOPROPYLBENZYL)OXY]PHENYL} ACETAMIDE,10679
DB08611,"2-[(2',3',4'-TRIFLUOROBIPHENYL-2-YL)OXY]ETHANOL",10680
DB08612,"1,1,1-TRIFLUORO-3-(OCTYLTHIO)ACETONE",10681
DB08613,"2,2,2-TRIFLUORO-1-{5-[(3-PHENYL-5,6-DIHYDROIMIDAZO[1,2-A]PYRAZIN-7(8H)-YL)CARBONYL]THIOPHEN-2-YL}ETHANE-1,1-DIOL",10682
DB08614,"3-[[(METHYLAMINO)SULFONYL]AMINO]-2-OXO-6-PHENYL-N-[3,3,3-TRIFLUORO-1-(1-METHYLETHYL)-2-OXOPHENYL]-1(2H)-PYRIDINE ACETAMIDE",10683
DB08615,"2-[4-(DIMETHYLAMINO)PHENYL]-6-HYDROXY-3-METHYL-1,3-BENZOTHIAZOL-3-IUM",10684
DB08617,"4-(2,2,2-TRIFLUOROETHYL)-L-PHENYLALANINE",10685
DB08618,3-(HYDROXY-PHENYL-PHOSPHINOYLOXY)-8-METHYL-8-AZA-BICYCLO[3.2.1]OCTANE-2-CARBOXYLIC ACID METHYL ESTER,10686
DB08620,Thiacloprid,10687
DB08624,"1-[(4S)-4-amino-5-(1,3-benzothiazol-2-yl)-5-oxopentyl]guanidine",10688
DB08626,Thiorphan,10689
DB08629,"N1-(2-AMINO-4-METHYLPENTYL)OCTAHYDRO-PYRROLO[1,2-A] PYRIMIDINE",10690
DB08631,"N-(4-CHLOROPHENYL)-1,2,3,4-TETRAHYDROISOQUINOLINE-7-SULFONAMIDE",10691
DB08632,Trimesic acid,10692
DB08633,TNP-470,10693
DB08635,N-(TRANS-4'-NITRO-4-STILBENYL)-N-METHYL-5-AMINO-PENTANOIC ACID,10694
DB08640,"(2S,3S)-3-FORMYL-2-({[(4-METHYLPHENYL)SULFONYL]AMINO}METHYL)PENTANOIC ACID",10695
DB08641,"(2S,3S)-3-FORMYL-2-({[(4-NITROPHENYL)SULFONYL]AMINO}METHYL)PENTANOIC ACID",10696
DB08642,"(2R,6S)-6-{[methyl(3,4,5-trimethoxyphenyl)amino]methyl}-1,2,5,6,7,8-hexahydroquinazoline-2,4-diamine",10697
DB08643,2-(2-{2-[(BIPHENYL-4-YLMETHYL)-AMINO]-3-MERCAPTO-PENTANOYLAMINO}-ACETYLAMINO)-3-METHYL-BUTYRIC ACID METHYL ESTER,10698
DB08645,"6-CHLORO-3-(DICHLOROMETHYL)-3,4-DIHYDRO-2H-1,2,4-BENZOTHIADIAZINE-7-SULFONAMIDE 1,1-DIOXIDE",10699
DB08647,TRAZEOLIDE,10700
DB08651,3'-THIO-THYMIDINE-5'-PHOSPHATE,10701
DB08654,"TRANS-(1S,2S)-2-AMINO-1,2,3,4-TETRAHYDRONAPHTHALEN-1-OL",10702
DB08655,"9-ACETYL-2,3,4,9-TETRAHYDRO-1H-CARBAZOL-1-ONE",10703
DB08658,ETHYL HYDROGEN DIETHYLAMIDOPHOSPHATE,10704
DB08659,2-(hydrazinocarbonyl)-3-phenyl-1H-indole-5-sulfonamide,10705
DB08660,Quinalizarin,10706
DB08661,"1-(2,5-dideoxy-5-pyrrolidin-1-yl-beta-L-erythro-pentofuranosyl)-5-methylpyrimidine-2,4(1H,3H)-dione",10707
DB08672,4-[(3R)-3-{[2-(4-FLUOROPHENYL)-2-OXOETHYL]AMINO}BUTYL]BENZAMIDE,10708
DB08673,"4-[(5-ISOPROPYL-1,3-THIAZOL-2-YL)AMINO]BENZENESULFONAMIDE",10709
DB08674,"(20S)-19,20,21,22-TETRAHYDRO-19-OXO-5H-18,20-ETHANO-12,14-ETHENO-6,10-METHENO-18H-BENZ[D]IMIDAZO[4,3-K][1,6,9,12]OXATRIAZA-CYCLOOCTADECOSINE-9-CARBONITRILE",10710
DB08675,"(5Z)-7-{(1R,4S,5R,6R)-6-[(1E)-1-Octen-1-yl]-2,3-diazabicyclo[2.2.1]hept-2-en-5-yl}-5-heptenoic acid",10711
DB08676,"(20S)-19,20,22,23-TETRAHYDRO-19-OXO-5H,21H-18,20-ETHANO-12,14-ETHENO-6,10-METHENOBENZ[D]IMIDAZO[4,3-L][1,6,9,13]OXATRIAZACYCLONOADECOSINE-9-CARBONITRILE",10712
DB08677,N-(5-Isopropyl-thiazol-2-YL)-2-pyridin-3-YL-acetamide,10713
DB08678,(4-ETHYLPHENYL)SULFAMIC ACID,10714
DB08683,"REL-(9R,12S)-9,10,11,12-TETRAHYDRO-9,12-EPOXY-1H-DIINDOLO[1,2,3-FG:3',2',1'-KL]PYRROLO[3,4-I][1,6]BENZODIAZOCINE-1,3(2H)-DIONE",10715
DB08687,FG-2216,10716
DB08688,2-Undecanone,10717
DB08689,Ubiquinone Q1,10718
DB08690,Ubiquinone Q2,10719
DB08691,"ethyl 3-[(E)-2-amino-1-cyanoethenyl]-6,7-dichloro-1-methyl-1H-indole-2-carboxylate",10720
DB08692,D-1-(4-chlorophenyl)-2-(acetamido)ethane boronic acid,10721
DB08693,L-1-(4-chlorophenyl)-2-(acetamido)ethane boronic acid,10722
DB08694,Variolin B,10723
DB08695,3-(4-nitrophenyl)-1H-pyrazole,10724
DB08697,"4-(2-aminoethoxy)-N-(3-chloro-5-piperidin-1-ylphenyl)-3,5-dimethylbenzamide",10725
DB08699,"1-tert-butyl-3-(3-methylbenzyl)-1H-pyrazolo[3,4-d]pyrimidin-4-amine",10726
DB08703,"12-(2-hydroxyethyl)-2-(1-methylethoxy)-13,14-dihydronaphtho[2,1-a]pyrrolo[3,4-c]carbazol-5(12H)-one",10727
DB08705,"6-(5-BROMO-2-HYDROXYPHENYL)-2-OXO-4-PHENYL-1,2-DIHYDROPYRIDINE-3-CARBONITRILE",10728
DB08707,"4-[3-(4-chlorophenyl)-2,1-benzisoxazol-5-yl]pyrimidin-2-amine",10729
DB08708,"N-cyclohexyl-3-[3-(trifluoromethyl)phenyl][1,2,4]triazolo[4,3-b]pyridazin-6-amine",10730
DB08709,"2,3-diphenyl-1H-indole-7-carboxylic acid",10731
DB08729,"5-ethoxy-4-(1-methyl-7-oxo-3-propyl-6,7-dihydro-1H-pyrazolo[4,3-d]pyrimidin-5-yl)thiophene-2-sulfonamide",10732
DB08730,3-FLUORO-5-MORPHOLIN-4-YL-N-[1-(2-PYRIDIN-4-YLETHYL)-1H-INDOL-6-YL]BENZAMIDE,10733
DB08733,"(2R,3R)-N^1^-[(1S)-2,2-DIMETHYL-1-(METHYLCARBAMOYL)PROPYL]-N^4^-HYDROXY-2-(2-METHYLPROPYL)-3-{[(1,3-THIAZOL-2-YLCARBONYL)AMINO]METHYL}BUTANEDIAMIDE",10734
DB08734,"6,6-DIMETHYL-1-[3-(2,4,5-TRICHLOROPHENOXY)PROPOXY]-1,6-DIHYDRO-1,3,5-TRIAZINE-2,4-DIAMINE",10735
DB08735,"R,S-Warfarin alcohol",10736
DB08736,"S,R-Warfarin alcohol",10737
DB08737,"(3AS,4R,9BR)-4-(4-HYDROXYPHENYL)-1,2,3,3A,4,9B-HEXAHYDROCYCLOPENTA[C]CHROMEN-9-OL",10738
DB08738,1-{3-oxo-3-[(2S)-2-(pyrrolidin-1-ylcarbonyl)pyrrolidin-1-yl]propyl}-3-phenylquinoxalin-2(1H)-one,10739
DB08739,"2-{3-[(2S)-4,4-difluoro-2-(pyrrolidin-1-ylcarbonyl)pyrrolidin-1-yl]-3-oxopropyl}-isoindole-1,3(2H)-dione",10740
DB08740,"CYCLOHEXYLMETHYL-2,3-DIHYDROXY-5-METHYL-HEXYLAMIDE",10741
DB08742,"1,3-CYCLOHEXANEDIOL, 4-METHYLENE-5-[(2E)-[(1S,3AS,7AS)-OCTAHYDRO-1-(5-HYDROXY-5-METHYL-1,3-HEXADIYNYL)-7A-METHYL-4H-INDEN-4-YLIDENE]ETHYLIDENE]-, (1R,3S,5Z)",10742
DB08743,"2-({8-[(3R)-3-AMINOPIPERIDIN-1-YL]-1,3-DIMETHYL-2,6-DIOXO-1,2,3,6-TETRAHYDRO-7H-PURIN-7-YL}METHYL)BENZONITRILE",10743
DB08744,Casimiroin,10744
DB08745,4-[[(1E)-2-(4-CHLOROPHENYL)ETHENYL]SULFONYL]-1-[[1-(4-PYRIDINYL)-4-PIPERIDINYL]METHYL]PIPERAZINONE,10745
DB08746,1-[[(1E)-2-(4-CHLOROPHENYL)ETHENYL]SULFONYL]-4-[[1-(4-PYRIDINYL)-4-PIPERIDINYL]METHYL]PIPERAZINE,10746
DB08749,3-(2-AMINO-6-BENZOYLQUINAZOLIN-3(4H)-YL)-N-CYCLOHEXYL-N-METHYLPROPANAMIDE,10747
DB08750,"1-[4-(AMINOMETHYL)BENZOYL]-5'-FLUORO-1'H-SPIRO[PIPERIDINE-4,2'-QUINAZOLIN]-4'-AMINE",10748
DB08751,"N,N'-DIMETHYL-N-(ACETYL)-N'-(7-NITROBENZ-2-OXA-1,3-DIAZOL-4-YL)ETHYLENEDIAMINE",10749
DB08752,N-[(1S)-2-[(4-cyano-1-methylpiperidin-4-yl)amino]-1-(cyclohexylmethyl)-2-oxoethyl]morpholine-4-carboxamide,10750
DB08755,N-[(1S)-2-{[(1R)-2-(benzyloxy)-1-cyano-1-methylethyl]amino}-1-(cyclohexylmethyl)-2-oxoethyl]morpholine-4-carboxamide,10751
DB08756,Y-27632,10752
DB08760,(2S)-2-(4-chlorophenoxy)-3-phenylpropanoic acid,10753
DB08762,O-(((1R)-((N-PHENYLMETHOXYCARBONYL-L-ALANYL)AMINO)ETHYL)HYDROXYPHOSPHONO)-L-BENZYLACETIC ACID,10754
DB08763,[N-(BENZYLOXYCARBONYL)AMINO](4-AMIDINOPHENYL)METHANE-PHOSPHONATE,10755
DB08765,"6-HYDROXY-1,3-BENZOTHIAZOLE-2-SULFONAMIDE",10756
DB08766,Zofenoprilat,10757
DB08768,N(6)-dimethylallyladenine,10758
DB08770,"4-{2-[(7-amino-2-furan-2-yl[1,2,4]triazolo[1,5-a][1,3,5]triazin-5-yl)amino]ethyl}phenol",10759
DB08771,"(5R)-2-[(2-Fluorophenyl)amino]-5-isopropyl-1,3-thiazol-4(5H)-one",10760
DB08772,Zopolrestat,10761
DB08773,2-(4-hydroxyphenyl)benzo[b]thiophen-6-ol,10762
DB08774,"1-[(2S)-4-(5-phenyl-1H-pyrazolo[3,4-b]pyridin-4-yl)morpholin-2-yl]methanamine",10763
DB08775,Benzoyl-tyrosine-alanine-fluoro-methyl ketone,10764
DB08776,"N-(4-OXO-5,6,7,8-TETRAHYDRO-4H-[1,3]THIAZOLO[5,4-C]AZEPIN-2-YL)ACETAMIDE",10765
DB08777,"5,6,7,8-TETRAHYDRO[1]BENZOTHIENO[2,3-D]PYRIMIDIN-4(3H)-ONE",10766
DB08778,"[4-amino-2-(tert-butylamino)-1,3-thiazol-5-yl](phenyl)methanone",10767
DB08779,2-(methylsulfanyl)-5-(thiophen-2-ylmethyl)-1H-imidazol-4-ol,10768
DB08780,6-MORPHOLIN-4-YL-9H-PURINE,10769
DB08781,"1-[(2S)-4-(5-BROMO-1H-PYRAZOLO[3,4-B]PYRIDIN-4-YL)MORPHOLIN-2-YL]METHANAMINE",10770
DB08782,4-(2-AMINOETHYL)BENZENESULFONAMIDE,10771
DB08783,(4-{(2S)-2-[(tert-butoxycarbonyl)amino]-3-methoxy-3-oxopropyl}phenyl)methaneseleninic acid,10772
DB08784,2-(4-CHLORO-PHENYLAMINO)-NICOTINIC ACID,10773
DB08786,4-(2-methoxyethoxy)-6-methylpyrimidin-2-amine,10774
DB08787,"4-(2,4-dichlorophenyl)-5-phenyldiazenyl-pyrimidin-2-amine",10775
DB08788,"3,6-DIAMINO-5-CYANO-4-(4-ETHOXYPHENYL)THIENO[2,3-B]PYRIDINE-2-CARBOXAMIDE",10776
DB08789,"2-AMINO-4-(2,4-DICHLOROPHENYL)-N-ETHYLTHIENO[2,3-D]PYRIMIDINE-6-CARBOXAMIDE",10777
DB08790,1-PHENYL-1H-PYRAZOLE-4-CARBOXYLIC ACID,10778
DB08791,"1-[(2-NITROPHENYL)SULFONYL]-1H-PYRROLO[3,2-B]PYRIDINE-6-CARBOXAMIDE",10779
DB08794,Ethyl biscoumacetate,10780
DB08795,Azidocillin,10781
DB08798,Sulfamoxole,10782
DB08799,Antazoline,10783
DB08800,Chloropyramine,10784
DB08801,Dimetindene,10785
DB08802,Isothipendyl,10786
DB08804,Nandrolone decanoate,10787
DB08805,Metiamide,10788
DB08806,Roxatidine acetate,10789
DB08807,Bopindolol,10790
DB08808,Bupranolol,10791
DB08809,Dichloroacetic acid,10792
DB08810,Cinitapride,10793
DB08811,Tofisopam,10794
DB08813,Nadroparin,10795
DB08814,Triflusal,10796
DB08815,Lurasidone,10797
DB08816,Ticagrelor,10798
DB08818,Hyaluronic acid,10799
DB08819,Tafluprost,10800
DB08820,Ivacaftor,10801
DB08822,Azilsartan medoxomil,10802
DB08824,Ioflupane I-123,10803
DB08826,Deferiprone,10804
DB08827,Lomitapide,10805
DB08828,Vismodegib,10806
DB08830,Dehydroascorbic acid,10807
DB08831,2-deoxyglucose,10808
DB08833,Taurochenodeoxycholic acid,10809
DB08834,Tauroursodeoxycholic acid,10810
DB08835,Spaglumic Acid,10811
DB08836,Temocapril,10812
DB08837,Tetraethylammonium,10813
DB08838,Agmatine,10814
DB08839,Serotonin,10815
DB08840,N-methylnicotinamide,10816
DB08841,Tyramine,10817
DB08842,Acetylcarnitine,10818
DB08843,GS 0573,10819
DB08844,Uric acid,10820
DB08846,Ellagic acid,10821
DB08847,Hydroxyproline,10822
DB08848,Guvacine,10823
DB08849,Nipecotic acid,10824
DB08855,Leukotriene C4,10825
DB08856,DADLE,10826
DB08857,Bamet-UD2,10827
DB08858,cis-Diamminechlorocholylglycinateplatinum(II),10828
DB08860,Pitavastatin,10829
DB08861,DPDPE,10830
DB08862,Cholecystokinin,10831
DB08864,Rilpivirine,10832
DB08865,Crizotinib,10833
DB08867,Ulipristal,10834
DB08868,Fingolimod,10835
DB08869,Tesamorelin,10836
DB08870,Brentuximab vedotin,10837
DB08871,Eribulin,10838
DB08872,Gabapentin enacarbil,10839
DB08873,Boceprevir,10840
DB08874,Fidaxomicin,10841
DB08875,Cabozantinib,10842
DB08877,Ruxolitinib,10843
DB08878,Aminopterin,10844
DB08879,Belimumab,10845
DB08880,Teriflunomide,10846
DB08881,Vemurafenib,10847
DB08882,Linagliptin,10848
DB08883,Perampanel,10849
DB08884,Gadoxetic acid,10850
DB08885,Aflibercept,10851
DB08886,Asparaginase Erwinia chrysanthemi,10852
DB08888,Ocriplasmin,10853
DB08889,Carfilzomib,10854
DB08890,Linaclotide,10855
DB08891,Arbaclofen,10856
DB08892,Arbaclofen Placarbil,10857
DB08893,Mirabegron,10858
DB08894,Peginesatide,10859
DB08895,Tofacitinib,10860
DB08896,Regorafenib,10861
DB08897,Aclidinium,10862
DB08899,Enzalutamide,10863
DB08900,Teduglutide,10864
DB08901,Ponatinib,10865
DB08903,Bedaquiline,10866
DB08904,Certolizumab pegol,10867
DB08905,Formestane,10868
DB08906,Fluticasone furoate,10869
DB08907,Canagliflozin,10870
DB08908,Dimethyl fumarate,10871
DB08909,Glycerol phenylbutyrate,10872
DB08910,Pomalidomide,10873
DB08911,Trametinib,10874
DB08912,Dabrafenib,10875
DB08915,Aleglitazar,10876
DB08916,Afatinib,10877
DB08918,Levomilnacipran,10878
DB08922,Perospirone,10879
DB08927,Amperozide,10880
DB08930,Dolutegravir,10881
DB08931,Riociguat,10882
DB08932,Macitentan,10883
DB08933,Luliconazole,10884
DB08934,Sofosbuvir,10885
DB08935,Obinutuzumab,10886
DB08936,Chlorcyclizine,10887
DB08949,Inositol nicotinate,10888
DB08950,Indoramin,10889
DB08952,Indenolol,10890
DB08953,Indalpine,10891
DB08954,Ifenprodil,10892
DB08960,Hexamethonium,10893
DB08962,Glibornuride,10894
DB08964,Gemeprost,10895
DB08970,Fluprednidene,10896
DB08971,Fluocortolone,10897
DB08972,Flumequine,10898
DB08980,Fendiline,10899
DB08984,Etofenamate,10900
DB08992,Eperisone,10901
DB08995,Diosmin,10902
DB08996,Dimetacrine,10903
DB09006,Clinofibrate,10904
DB09008,Cefaloridine,10905
DB09013,Befunolol,10906
DB09014,Captodiame,10907
DB09016,Butriptyline,10908
DB09017,Brotizolam,10909
DB09018,Bromopride,10910
DB09026,Aliskiren,10911
DB09027,Ledipasvir,10912
DB09028,Cytisine,10913
DB09029,Secukinumab,10914
DB09030,Vorapaxar,10915
DB09031,Miltefosine,10916
DB09033,Vedolizumab,10917
DB09034,Suvorexant,10918
DB09035,Nivolumab,10919
DB09036,Siltuximab,10920
DB09037,Pembrolizumab,10921
DB09038,Empagliflozin,10922
DB09039,Eliglustat,10923
DB09042,Tedizolid phosphate,10924
DB09043,Albiglutide,10925
DB09045,Dulaglutide,10926
DB09046,Metreleptin,10927
DB09047,Finafloxacin,10928
DB09048,Netupitant,10929
DB09049,Naloxegol,10930
DB09052,Blinatumomab,10931
DB09053,Ibrutinib,10932
DB09054,Idelalisib,10933
DB09059,Atosiban,10934
DB09060,Avibactam,10935
DB09061,Cannabidiol,10936
DB09063,Ceritinib,10937
DB09064,Ciprofibrate,10938
DB09065,Cobicistat,10939
DB09066,Corifollitropin alfa,10940
DB09068,Vortioxetine,10941
DB09069,Trimetazidine,10942
DB09070,Tibolone,10943
DB09071,Tasimelteon,10944
DB09072,Sodium oxybate,10945
DB09073,Palbociclib,10946
DB09074,Olaparib,10947
DB09075,Edoxaban,10948
DB09076,Umeclidinium,10949
DB09078,Lenvatinib,10950
DB09079,Nintedanib,10951
DB09080,Olodaterol,10952
DB09082,Vilanterol,10953
DB09083,Ivabradine,10954
DB09085,Tetracaine,10955
DB09086,Eugenol,10956
DB09087,Potassium alum,10957
DB09088,Amylocaine,10958
DB09089,Trimebutine,10959
DB09090,Pinaverium,10960
DB09091,Tixocortol,10961
DB09092,Xanthinol,10962
DB09093,Chlortetracycline,10963
DB09095,Difluocortolone,10964
DB09097,Quinagolide,10965
DB09098,Somatrem,10966
DB09099,Somatostatin,10967
DB09100,"Thyroid, porcine",10968
DB09101,Elvitegravir,10969
DB09102,Daclatasvir,10970
DB09103,Ancestim,10971
DB09105,Asfotase alfa,10972
DB09107,Methoxy polyethylene glycol-epoetin beta,10973
DB09108,Simoctocog alfa,10974
DB09109,Turoctocog alfa,10975
DB09110,Coenzyme M,10976
DB09112,Nitrous acid,10977
DB09116,Calcium carbimide,10978
DB09117,Paraldehyde,10979
DB09118,Stiripentol,10980
DB09119,Eslicarbazepine acetate,10981
DB09120,Zucapsaicin,10982
DB09121,Aurothioglucose,10983
DB09122,Peginterferon beta-1a,10984
DB09123,Dienogest,10985
DB09124,Medrogestone,10986
DB09126,Chorionic Gonadotropin (Human),10987
DB09128,Brexpiprazole,10988
DB09129,Chromic chloride,10989
DB09130,Copper,10990
DB09131,Cupric Chloride,10991
DB09137,Technetium Tc-99m mebrofenin,10992
DB09139,Technetium Tc-99m oxidronate,10993
DB09140,Oxygen,10994
DB09141,Protamine sulfate,10995
DB09142,Sincalide,10996
DB09143,Sonidegib,10997
DB09147,Ferric pyrophosphate,10998
DB09148,Florbetaben (18F),10999
DB09149,Florbetapir (18F),11000
DB09151,Flutemetamol (18F),11001
DB09154,Sodium citrate,11002
DB09160,Technetium Tc-99m tetrofosmin,11003
DB09161,Technetium Tc-99m sestamibi,11004
DB09166,Etizolam,11005
DB09167,Dosulepin,11006
DB09173,Butyrfentanyl,11007
DB09183,Dasabuvir,11008
DB09185,Viloxazine,11009
DB09186,Nisoxetine,11010
DB09194,Etoperidone,11011
DB09195,Lorpiprazole,11012
DB09198,Lobeglitazone,11013
DB09199,Netoglitazone,11014
DB09200,Rivoglitazone,11015
DB09201,Ciglitazone,11016
DB09202,Cirazoline,11017
DB09203,Synephrine,11018
DB09204,Arotinolol,11019
DB09205,Moxisylyte,11020
DB09207,AS-8112,11021
DB09209,Pholcodine,11022
DB09211,Limaprost,11023
DB09212,Loxoprofen,11024
DB09213,Dexibuprofen,11025
DB09214,Dexketoprofen,11026
DB09215,Droxicam,11027
DB09216,Tolfenamic acid,11028
DB09217,Firocoxib,11029
DB09220,Nicorandil,11030
DB09221,Polaprezinc,11031
DB09223,Blonanserin,11032
DB09224,Melperone,11033
DB09225,Zotepine,11034
DB09227,Barnidipine,11035
DB09228,Conestat alfa,11036
DB09229,Aranidipine,11037
DB09230,Azelnidipine,11038
DB09231,Benidipine,11039
DB09232,Cilnidipine,11040
DB09234,Darodipine,11041
DB09235,Efonidipine,11042
DB09236,Lacidipine,11043
DB09237,Levamlodipine,11044
DB09238,Manidipine,11045
DB09239,Niguldipine,11046
DB09240,Niludipine,11047
DB09241,Methylene blue,11048
DB09242,Moxonidine,11049
DB09244,Pirlindole,11050
DB09245,Toloxatone,11051
DB09256,Tegafur,11052
DB09257,Gimeracil,11053
DB09258,Bemiparin,11054
DB09262,Imidafenacin,11055
DB09265,Lixisenatide,11056
DB09266,Technetium Tc-99m tilmanocept,11057
DB09269,Phenylacetic acid,11058
DB09270,Ubidecarenone,11059
DB09272,Eluxadoline,11060
DB09273,Doxofylline,11061
DB09274,Artesunate,11062
DB09276,Sodium aurothiomalate,11063
DB09279,Fimasartan,11064
DB09280,Lumacaftor,11065
DB09282,Molsidomine,11066
DB09283,Trapidil,11067
DB09285,Morniflumate,11068
DB09286,Pipamperone,11069
DB09287,Polyethylene glycol,11070
DB09288,Propacetamol,11071
DB09289,Tianeptine,11072
DB09290,Ramosetron,11073
DB09291,Rolapitant,11074
DB09292,Sacubitril,11075
DB09295,Talniflumate,11076
DB09296,Ombitasvir,11077
DB09297,Paritaprevir,11078
DB09298,Silibinin,11079
DB09299,Tenofovir alafenamide,11080
DB09300,Butylscopolamine,11081
DB09301,Chondroitin sulfate,11082
DB09302,Alirocumab,11083
DB09303,Evolocumab,11084
DB09304,Setiptiline,11085
DB09308,Solithromycin,11086
DB09309,Kitasamycin,11087
DB09310,Catridecacog,11088
DB09317,"Synthetic Conjugated Estrogens, A",11089
DB09318,"Synthetic Conjugated Estrogens, B",11090
DB09322,Zinc sulfate,11091
DB09325,Sodium fluoride,11092
DB09326,Ammonia N-13,11093
DB09327,Tegafur-uracil,11094
DB09328,Vayarin,11095
DB09329,"Antihemophilic Factor (Recombinant), PEGylated",11096
DB09330,Osimertinib,11097
DB09331,Daratumumab,11098
DB09332,Kappadione,11099
DB09333,Iopodic acid,11100
DB09334,Seractide acetate,11101
DB09336,Technetium Tc-99m nofetumomab merpentan,11102
DB09338,Mersalyl,11103
DB09340,Tyropanoic acid,11104
DB09341,"Dextrose, unspecified form",11105
DB09342,Propoxycaine,11106
DB09343,Tipiracil,11107
DB09344,Invert sugar,11108
DB09345,Pramocaine,11109
DB09347,Acetrizoic acid,11110
DB09348,Propiolactone,11111
DB09351,Levobetaxolol,11112
DB09363,Rauwolfia serpentina root,11113
DB09369,Polyestradiol phosphate,11114
DB09371,Norethynodrel,11115
DB09374,Indocyanine green acid form,11116
DB09378,Fluprednisolone,11117
DB09381,Esterified estrogens,11118
DB09383,Meprednisone,11119
DB09389,Norgestrel,11120
DB09395,Sodium acetate,11121
DB09401,Isosorbide,11122
DB09409,Magnesium acetate tetrahydrate,11123
DB09418,Potassium perchlorate,11124
DB09421,Protirelin,11125
DB09422,Soybean oil,11126
DB09449,"Sodium phosphate, monobasic",11127
DB09456,Insulin beef,11128
DB09459,L-tartaric acid,11129
DB09460,Sodium carbonate,11130
DB09462,Glycerin,11131
DB09472,Sodium sulfate,11132
DB09477,Enalaprilat,11133
DB09479,Rubidium Rb-82,11134
DB09481,Magnesium carbonate,11135
DB09488,Acrivastine,11136
DB09498,Strontium chloride Sr-89,11137
DB09499,Thiosulfuric acid,11138
DB09502,Fludeoxyglucose (18F),11139
DB09517,Sodium ferric gluconate complex,11140
DB09526,Hydroquinone,11141
DB09532,Secretin human,11142
DB09535,Octocrylene,11143
DB09536,Titanium dioxide,11144
DB09539,Omega-3-acid ethyl esters,11145
DB09546,Iobenguane sulfate I-123,11146
DB09552,Thonzonium,11147
DB09555,Dexchlorpheniramine maleate,11148
DB09559,Necitumumab,11149
DB09564,Insulin degludec,11150
DB09568,Omega-3-carboxylic acids,11151
DB09570,Ixazomib,11152
DB09571,Levmetamfetamine,11153
DB10770,Foreskin fibroblast (neonatal),11154
DB10772,Foreskin keratinocyte (neonatal),11155
DB11059,Carboxymethylcellulose,11156
DB11064,Homosalate,11157
DB11071,Phenyl salicylate,11158
DB11075,Hypromellose,11159
DB11077,Polyethylene glycol 400,11160
DB11079,Trolamine salicylate,11161
DB11081,Aluminum chloride,11162
DB11085,Resorcinol,11163
DB11087,Pyrethrum extract,11164
DB11090,Potassium nitrate,11165
DB11091,Hydrogen peroxide,11166
DB11093,Calcium citrate,11167
DB11094,Vitamin D,11168
DB11095,Desirudin,11169
DB11098,Potassium bicarbonate,11170
DB11100,Allantoin,11171
DB11113,Castor oil,11172
DB11118,Ammonia,11173
DB11120,Turpentine,11174
DB11124,Racepinephrine,11175
DB11127,Selenious acid,11176
DB11130,Opium,11177
DB11131,Capsicum oleoresin,11178
DB11132,Silicon dioxide,11179
DB11133,Omega-3 fatty acids,11180
DB11134,Cupric oxide,11181
DB11135,Selenium,11182
DB11136,Chromium,11183
DB11148,Butamben,11184
DB11155,Triclocarban,11185
DB11156,Pyrantel,11186
DB11157,Anthralin,11187
DB11166,Antithrombin Alfa,11188
DB11181,Homatropine,11189
DB11182,Rose bengal,11190
DB11186,Pentoxyverine,11191
DB11193,Papain,11192
DB11198,Peppermint oil,11193
DB11201,Menthyl salicylate,11194
DB11217,Arbutin,11195
DB11219,Enzacamene,11196
DB11221,Dioxybenzone,11197
DB11235,Thonzylamine,11198
DB11251,Tocopherol,11199
DB11254,Hexylresorcinol,11200
DB11256,Levomefolic acid,11201
DB11273,Dihydroergocornine,11202
DB11274,Dihydro-alpha-ergocryptine,11203
DB11275,Epicriptine,11204
DB11278,DL-Methylephedrine,11205
DB11294,Coccidioides immitis spherule,11206
DB11300,Thrombin,11207
DB11311,Prothrombin,11208
DB11312,Protein C,11209
DB11323,Glycol salicylate,11210
DB11324,Nonivamide,11211
DB11327,Dipyrithione,11212
DB11328,Tetradecyl hydrogen sulfate (ester),11213
DB11338,Clove oil,11214
DB11345,(S)-camphor,11215
DB11348,Calcium Phosphate,11216
DB11358,Evening primrose oil,11217
DB11359,Guaiacol,11218
DB11362,Selexipag,11219
DB11363,Alectinib,11220
DB11365,Sennosides,11221
DB11383,Carbomycin,11222
DB11386,Chlorobutanol,11223
DB11397,Dichlorvos,11224
DB11400,Doramectin,11225
DB11404,Enrofloxacin,11226
DB11405,Eprinomectin,11227
DB11421,Imidacloprid,11228
DB11429,Mibolerone,11229
DB11430,Monensin,11230
DB11442,Oleandomycin,11231
DB11443,Orbifloxacin,11232
DB11447,Phenothiazine,11233
DB11450,Pimobendan,11234
DB11459,Selamectin,11235
DB11470,Tildipirosin,11236
DB11471,Tilmicosin,11237
DB11475,Tylosin,11238
DB11477,Xylazine,11239
DB11478,Zeranol,11240
DB11487,Dexamethasone isonicotinate,11241
DB11491,Sarafloxacin,11242
DB11496,2-mercaptobenzothiazole,11243
DB11511,Difloxacin,11244
DB11529,Melengestrol,11245
DB11541,Ractopamine,11246
DB11544,Salinomycin,11247
DB11554,Tylvalosin,11248
DB11560,Lesinurad,11249
DB11567,Insulin peglispro,11250
DB11568,Insulin tregopil,11251
DB11569,Ixekizumab,11252
DB11571,Human thrombin,11253
DB11572,Thrombin alfa,11254
DB11574,Elbasvir,11255
DB11575,Grazoprevir,11256
DB11577,Indigotindisulfonic acid,11257
DB11580,Ravulizumab,11258
DB11581,Venetoclax,11259
DB11582,Thiocolchicoside,11260
DB11584,Pipradrol,11261
DB11586,Asunaprevir,11262
DB11587,Etafedrine,11263
DB11588,Carbon monoxide,11264
DB11590,Thimerosal,11265
DB11591,Bilastine,11266
DB11595,Atezolizumab,11267
DB11598,Antithrombin III human,11268
DB11601,Tuberculin purified protein derivative,11269
DB11605,Myrrh,11270
DB11606,Susoctocog alfa,11271
DB11607,Efmoroctocog alfa,11272
DB11611,Lifitegrast,11273
DB11613,Velpatasvir,11274
DB11614,Rupatadine,11275
DB11619,Gestrinone,11276
DB11623,Candoxatrilat,11277
DB11626,Tasonermin,11278
DB11632,Opicapone,11279
DB11633,Isavuconazole,11280
DB11635,Tocofersolan,11281
DB11636,Nomegestrol,11282
DB11637,Delamanid,11283
DB11638,Artenimol,11284
DB11639,Dibotermin alfa,11285
DB11640,Amifampridine,11286
DB11641,Vinflunine,11287
DB11642,Pitolisant,11288
DB11644,Tafamidis,11289
DB11652,Tucatinib,11290
DB11653,Bremelanotide,11291
DB11660,Latanoprostene bunod,11292
DB11672,Curcumin,11293
DB11674,Equol,11294
DB11677,Triheptanoin,11295
DB11689,Selumetinib,11296
DB11691,Naldemedine,11297
DB11692,Pavinetant,11298
DB11693,Voclosporin,11299
DB11699,Tropisetron,11300
DB11700,Setmelanotide,11301
DB11703,Acalabrutinib,11302
DB11712,Tezacaftor,11303
DB11714,Durvalumab,11304
DB11718,Encorafenib,11305
DB11723,Dutogliptin,11306
DB11726,Encenicline,11307
DB11730,Ribociclib,11308
DB11731,Depatuxizumab mafodotin,11309
DB11732,Lasmiditan,11310
DB11737,Icotinib,11311
DB11738,Rilmenidine,11312
DB11740,MK-1775,11313
DB11742,Ebastine,11314
DB11745,Otenabant,11315
DB11750,Clobetasol,11316
DB11751,Cabotegravir,11317
DB11752,Bryostatin 1,11318
DB11753,Rifamycin,11319
DB11755,Tetrahydrocannabivarin,11320
DB11757,Istradefylline,11321
DB11760,Talazoparib,11322
DB11761,Tenapanor,11323
DB11767,Sarilumab,11324
DB11770,Talinolol,11325
DB11771,Tremelimumab,11326
DB11772,Pilaralisib,11327
DB11774,Pazufloxacin,11328
DB11779,Danoprevir,11329
DB11781,Tosedostat,11330
DB11785,Anisodamine,11331
DB11791,Capmatinib,11332
DB11792,Mirodenafil,11333
DB11793,Niraparib,11334
DB11796,Fostemsavir,11335
DB11799,Bictegravir,11336
DB11805,Saracatinib,11337
DB11811,Arhalofenate,11338
DB11817,Baricitinib,11339
DB11820,Nifurtimox,11340
DB11823,Esketamine,11341
DB11827,Ertugliflozin,11342
DB11828,Neratinib,11343
DB11830,Mocetinostat,11344
DB11831,Dinitrochlorobenzene,11345
DB11834,Guselkumab,11346
DB11837,Osilodrostat,11347
DB11842,Angiotensin II,11348
DB11853,Relugolix,11349
DB11855,Revefenacin,11350
DB11858,Leukotriene D4,11351
DB11859,Brexanolone,11352
DB11866,Romosozumab,11353
DB11869,Valspodar,11354
DB11892,Prulifloxacin,11355
DB11901,Apalutamide,11356
DB11914,Lebrikizumab,11357
DB11915,Valbenazine,11358
DB11919,6-O-benzylguanine,11359
DB11921,Deflazacort,11360
DB11932,Abametapir,11361
DB11936,Bempedoic acid,11362
DB11937,Kynurenic Acid,11363
DB11942,Selinexor,11364
DB11943,Delafloxacin,11365
DB11945,Avelumab,11366
DB11948,Lapachone,11367
DB11949,Vestipitant,11368
DB11951,Lemborexant,11369
DB11952,Duvelisib,11370
DB11960,Carboxyamidotriazole,11371
DB11963,Dacomitinib,11372
DB11967,Binimetinib,11373
DB11973,Tesevatinib,11374
DB11978,Glasdegib,11375
DB11979,Elagolix,11376
DB11986,Entrectinib,11377
DB11988,Ocrelizumab,11378
DB11994,Diacerein,11379
DB11995,Avatrombopag,11380
DB12001,Abemaciclib,11381
DB12007,Isoflavone,11382
DB12010,Fostamatinib,11383
DB12015,Alpelisib,11384
DB12020,Tecovirimat,11385
DB12023,Benralizumab,11386
DB12026,Voxilaprevir,11387
DB12035,Sarecycline,11388
DB12061,Pardoprunox,11389
DB12070,Letermovir,11390
DB12077,Urelumab,11391
DB12089,Lorvotuzumab mertansine,11392
DB12092,Naftopidil,11393
DB12093,Tetrahydropalmatine,11394
DB12095,Telotristat ethyl,11395
DB12110,m-Chlorophenylpiperazine,11396
DB12116,Epigallocatechin gallate,11397
DB12118,Sotatercept,11398
DB12119,Gevokizumab,11399
DB12128,Ulimorelin,11400
DB12129,Tideglusib,11401
DB12130,Lorlatinib,11402
DB12131,Vinpocetine,11403
DB12140,Dilmapimod,11404
DB12141,Gilteritinib,11405
DB12147,Erdafitinib,11406
DB12159,Dupilumab,11407
DB12161,Deutetrabenazine,11408
DB12163,Sarpogrelate,11409
DB12177,Eplivanserin,11410
DB12191,Obatoclax,11411
DB12200,Tivantinib,11412
DB12202,Zalutumumab,11413
DB12212,Landiolol,11414
DB12228,Telcagepant,11415
DB12240,Polatuzumab vedotin,11416
DB12243,Edaravone,11417
DB12245,Triclabendazole,11418
DB12248,Tulobuterol,11419
DB12250,Cixutumumab,11420
DB12266,Epofolate,11421
DB12267,Brigatinib,11422
DB12271,ORE-1001,11423
DB12278,Propiverine,11424
DB12285,Verubecestat,11425
DB12301,Doravirine,11426
DB12305,Dasotraline,11427
DB12307,Foretinib,11428
DB12319,Benzbromarone,11429
DB12323,Radotinib,11430
DB12328,Cantharidin,11431
DB12329,Eravacycline,11432
DB12332,Rucaparib,11433
DB12334,Milataxel,11434
DB12339,Radezolid,11435
DB12340,Navitoclax,11436
DB12364,Betrixaban,11437
DB12371,Siponimod,11438
DB12377,Relebactam,11439
DB12379,Indirubin,11440
DB12391,Sagopilone,11441
DB12404,Remimazolam,11442
DB12406,Lisofylline,11443
DB12418,Saccharin,11444
DB12425,Liothyronine I-131,11445
DB12436,Vofopitant,11446
DB12442,Alvespimycin,11447
DB12445,Nitroaspirin,11448
DB12450,Propyl Gallate,11449
DB12455,Omadacycline,11450
DB12457,Rimegepant,11451
DB12458,Muscimol,11452
DB12465,Ketanserin,11453
DB12466,Favipiravir,11454
DB12474,Lynestrenol,11455
DB12478,Piribedil,11456
DB12483,Copanlisib,11457
DB12489,Mirvetuximab Soravtansine,11458
DB12498,Mogamulizumab,11459
DB12499,Clascoterone,11460
DB12500,Fedratinib,11461
DB12515,9-aminocamptothecin,11462
DB12518,Raclopride,11463
DB12520,Plozalizumab,11464
DB12523,Mizolastine,11465
DB12530,Inebilizumab,11466
DB12532,Oxetacaine,11467
DB12537,Benzodiazepine,11468
DB12548,Sparsentan,11469
DB12555,Nelotanserin,11470
DB12565,Abexinostat,11471
DB12569,Tonapofylline,11472
DB12579,JNJ-37822681,11473
DB12582,Piperine,11474
DB12589,Dacetuzumab,11475
DB12598,Nafamostat,11476
DB12610,Ebselen,11477
DB12612,Ozanimod,11478
DB12615,Plazomicin,11479
DB12629,"3,5-diiodothyropropionic acid",11480
DB12637,Onapristone,11481
DB12651,Bardoxolone,11482
DB12662,Naveglitazar,11483
DB12668,Metenkefalin,11484
DB12670,Rolofylline,11485
DB12674,Lurbinectedin,11486
DB12688,Moxetumomab Pasudotox,11487
DB12693,Ritanserin,11488
DB12695,Phenethyl Isothiocyanate,11489
DB12698,Ibalizumab,11490
DB12702,Velusetrag,11491
DB12712,Pilsicainide,11492
DB12731,Daporinad,11493
DB12733,Dipraglurant,11494
DB12742,Amuvatinib,11495
DB12747,Tertomotide,11496
DB12752,Bucindolol,11497
DB12764,ABC-294640,11498
DB12773,Sifalimumab,11499
DB12781,Balaglitazone,11500
DB12783,Benserazide,11501
DB12789,Dinoprost,11502
DB12799,Laniquidar,11503
DB12808,Trifarotene,11504
DB12814,Cepeginterferon alfa-2B,11505
DB12825,Lefamulin,11506
DB12831,Gabexate,11507
DB12836,Grapiprant,11508
DB12845,Amatuximab,11509
DB12865,Etelcalcetide,11510
DB12866,Pradigastat,11511
DB12872,Vonicog Alfa,11512
DB12874,Quizartinib,11513
DB12887,Tazemetostat,11514
DB12890,Dihydrexidine,11515
DB12893,Sacituzumab govitecan,11516
DB12923,Gallopamil,11517
DB12941,Darolutamide,11518
DB12945,Dihydralazine,11519
DB12952,Methylprednisone,11520
DB12960,INCB-9471,11521
DB12961,Leukotriene B4,11522
DB12965,Silver,11523
DB12978,Pexidartinib,11524
DB13003,Cortivazol,11525
DB13007,Enfortumab vedotin,11526
DB13014,Hypericin,11527
DB13025,Tiapride,11528
DB13036,Ramatroban,11529
DB13044,Gossypol,11530
DB13061,MLN8054,11531
DB13074,Macimorelin,11532
DB13083,Talarozole,11533
DB13125,Lusutrombopag,11534
DB13132,Artemisinin,11535
DB13133,Von Willebrand Factor Human,11536
DB13136,Fluindione,11537
DB13139,Levosalbutamol,11538
DB13141,Ambroxol acefyllinate,11539
DB13144,Lenograstim,11540
DB13146,Fluciclovine (18F),11541
DB13149,Protein S human,11542
DB13150,Coagulation factor VII human,11543
DB13151,Anti-inhibitor coagulant complex,11544
DB13152,Coagulation Factor IX Human,11545
DB13153,Levomenol,11546
DB13154,Parachlorophenol,11547
DB13155,Esculin,11548
DB13158,Clobetasone,11549
DB13164,Olmutinib,11550
DB13165,Ripasudil,11551
DB13166,Zofenopril,11552
DB13167,Alclofenac,11553
DB13168,Omega-6 fatty acids,11554
DB13170,Plecanatide,11555
DB13173,Cerliponase alfa,11556
DB13174,Rhein,11557
DB13178,Inositol,11558
DB13179,Troleandomycin,11559
DB13191,Phosphocreatine,11560
DB13192,Antihemophilic factor human,11561
DB13200,Lipegfilgrastim,11562
DB13203,Bamifylline,11563
DB13208,Prednylidene,11564
DB13257,Ferrous sulfate anhydrous,11565
DB13261,Sitafloxacin,11566
DB13269,Dichlorobenzyl alcohol,11567
DB13287,Miocamycin,11568
DB13293,Ipecac,11569
DB13335,Pinazepam,11570
DB13338,Flurithromycin,11571
DB13345,Dihydroergocristine,11572
DB13346,Bufexamac,11573
DB13347,Diphenadione,11574
DB13385,Dihydroergocryptine,11575
DB13396,Neocitrullamon,11576
DB13399,Terguride,11577
DB13406,Carbutamide,11578
DB13409,Rokitamycin,11579
DB13421,Edoxudine,11580
DB13437,Medazepam,11581
DB13443,Esatenolol,11582
DB13449,Proxyphylline,11583
DB13456,Midecamycin,11584
DB13488,Bencyclane,11585
DB13500,Otilonium,11586
DB13501,Bendazac,11587
DB13503,Tyrothricin,11588
DB13508,Cloranolol,11589
DB13520,Metergoline,11590
DB13528,Chlormadinone,11591
DB13530,Mepindolol,11592
DB13573,Acefylline,11593
DB13581,Rociverine,11594
DB13592,Etamiphylline,11595
DB13602,Promegestone,11596
DB13609,Umifenovir,11597
DB13615,Mifamurtide,11598
DB13620,Potassium gluconate,11599
DB13627,Oxolinic acid,11600
DB13633,Mepartricin,11601
DB13634,Pentifylline,11602
DB13643,Loprazolam,11603
DB13675,Metahexamide,11604
DB13679,Dexchlorpheniramine,11605
DB13685,Quingestanol,11606
DB13720,Diphemanil,11607
DB13725,Terodiline,11608
DB13728,Halometasone,11609
DB13729,Camostat,11610
DB13746,Bioallethrin,11611
DB13749,Magnesium gluconate,11612
DB13751,Glycyrrhizic acid,11613
DB13757,Epanolol,11614
DB13762,Dexrabeprazole,11615
DB13766,Lidoflazine,11616
DB13772,Rufloxacin,11617
DB13775,Tertatolol,11618
DB13781,Xamoterol,11619
DB13783,Acemetacin,11620
DB13791,Penfluridol,11621
DB13800,Calcium levulinate,11622
DB13812,Bufylline,11623
DB13823,Pipemidic acid,11624
DB13835,Caroverine,11625
DB13837,Doxefazepam,11626
DB13843,Cloprednol,11627
DB13848,Fluorodopa (18F),11628
DB13857,Demegestone,11629
DB13866,Etynodiol,11630
DB13867,Fluticasone,11631
DB13869,2-Methoxy-6-{(E)-[(4-methylphenyl)imino]methyl}phenol,11632
DB13872,Lormetazepam,11633
DB13873,Fenofibric acid,11634
DB13874,Enasidenib,11635
DB13875,Harmaline,11636
DB13876,Brofaromine,11637
DB13877,Iniparib,11638
DB13878,Pibrentasvir,11639
DB13879,Glecaprevir,11640
DB13881,Tisagenlecleucel,11641
DB13884,Albutrepenonacog alfa,11642
DB13892,Crotalus atrox antivenin,11643
DB13893,Crotalus adamanteus antivenin,11644
DB13894,Agkistrodon piscivorus antivenin,11645
DB13908,Amylmetacresol,11646
DB13909,Bismuth subgallate,11647
DB13914,Volixibat,11648
DB13915,Axicabtagene ciloleucel,11649
DB13919,Candesartan,11650
DB13923,Emicizumab,11651
DB13925,Dotatate gallium Ga-68,11652
DB13926,Cenegermin,11653
DB13928,Semaglutide,11654
DB13929,Relcovaptan,11655
DB13930,Ulixertinib,11656
DB13931,Netarsudil,11657
DB13932,Voretigene neparvovec,11658
DB13933,Nonacog beta pegol,11659
DB13934,Ligandrol,11660
DB13940,"2,5-Dimethoxy-4-ethylthioamphetamine",11661
DB13941,Piperaquine,11662
DB13943,Testosterone cypionate,11663
DB13944,Testosterone enanthate,11664
DB13946,Testosterone undecanoate,11665
DB13948,"N-(2-hydroxybenzyl)-2,5-dimethoxy-4-cyanophenylethylamine",11666
DB13949,Ferric cation,11667
DB13950,WIN 55212-2,11668
DB13951,Stanolone acetate,11669
DB13952,Estradiol acetate,11670
DB13953,Estradiol benzoate,11671
DB13954,Estradiol cypionate,11672
DB13955,Estradiol dienanthate,11673
DB13956,Estradiol valerate,11674
DB13961,Fish oil,11675
DB13963,"1,2-dichlorobenzene",11676
DB13967,Patent Blue,11677
DB13975,Black cohosh,11678
DB13978,Selisistat,11679
DB13981,Nomegestrol acetate,11680
DB13983,"5,7,2′-trihydroxy-6,8-dimethoxyflavone",11681
DB13985,Lutetium Lu 177 dotatate,11682
DB13988,SB-269970,11683
DB13994,AZD-7325,11684
DB13995,Ferric pyrophosphate citrate,11685
DB13996,Magnesium acetate,11686
DB13997,Baloxavir marboxil,11687
DB13998,Lonoctocog alfa,11688
DB13999,Moroctocog alfa,11689
DB14001,alpha-Tocopherol succinate,11690
DB14002,D-alpha-Tocopherol acetate,11691
DB14003,alpha-Tocopherol acetate,11692
DB14004,Tildrakizumab,11693
DB14006,Choline salicylate,11694
DB14007,Pentetic acid,11695
DB14009,Medical Cannabis,11696
DB14010,"5-methoxy-N,N-dimethyltryptamine",11697
DB14011,Nabiximols,11698
DB14013,SR-9009,11699
DB14014,SR-9011,11700
DB14017,H3B-8800,11701
DB14018,Bromotheophylline,11702
DB14019,Fosnetupitant,11703
DB14025,Clinafloxacin,11704
DB14028,Nordazepam,11705
DB14029,Furafylline,11706
DB14031,Tretamine,11707
DB14033,Acetyl sulfisoxazole,11708
DB14034,Darglitazone,11709
DB14039,Erenumab,11710
DB14040,Eptinezumab,11711
DB14041,Fremanezumab,11712
DB14042,Galcanezumab,11713
DB14046,Dichlorobenzene,11714
DB14050,Cannabidivarin,11715
DB14055,(S)-Warfarin,11716
DB14057,Valinomycin,11717
DB14059,SC-236,11718
DB14061,Hycanthone,11719
DB14062,Concanamycin A,11720
DB14063,Dexverapamil,11721
DB14064,Emopamil,11722
DB14065,Lomerizine,11723
DB14066,Tetrandrine,11724
DB14067,Dofequidar,11725
DB14068,Dexniguldipine,11726
DB14069,ONT-093,11727
DB14070,HM-30181,11728
DB14071,Desmethylsertraline,11729
DB14072,Reversin 121,11730
DB14126,Tenofovir,11731
DB14132,8-chlorotheophylline,11732
DB14146,Loxicodegol,11733
DB14185,Aripiprazole lauroxil,11734
DB14240,Echinacea,11735
DB14481,Calcium phosphate dihydrate,11736
DB14487,Zinc acetate,11737
DB14488,Ferrous gluconate,11738
DB14489,Ferrous succinate,11739
DB14490,Ferrous ascorbate,11740
DB14491,Ferrous fumarate,11741
DB14498,Potassium acetate,11742
DB14499,Potassium sulfate,11743
DB14500,Potassium,11744
DB14501,Ferrous glycine sulfate,11745
DB14502,"Sodium phosphate, dibasic",11746
DB14503,"Sodium phosphate, monobasic, unspecified form",11747
DB14507,Lithium citrate,11748
DB14508,Lithium succinate,11749
DB14509,Lithium carbonate,11750
DB14512,Mometasone furoate,11751
DB14513,Magnesium,11752
DB14514,Magnesium levulinate,11753
DB14515,Magnesium lactate,11754
DB14517,Aluminium phosphate,11755
DB14518,Aluminum acetate,11756
DB14520,Tetraferric tricitrate decahydrate,11757
DB14526,Chromic citrate,11758
DB14527,Chromic nitrate,11759
DB14528,Chromium gluconate,11760
DB14529,Chromium nicotinate,11761
DB14530,Chromous sulfate,11762
DB14533,Zinc chloride,11763
DB14538,Hydrocortisone aceponate,11764
DB14539,Hydrocortisone acetate,11765
DB14540,Hydrocortisone butyrate,11766
DB14541,Hydrocortisone cypionate,11767
DB14542,Hydrocortisone phosphate,11768
DB14543,Hydrocortisone probutate,11769
DB14544,Hydrocortisone valerate,11770
DB14545,Hydrocortisone succinate,11771
DB14548,"Zinc sulfate, unspecified form",11772
DB14562,Andexanet alfa,11773
DB14568,Ivosidenib,11774
DB14569,Tedizolid,11775
DB14570,Hydroxyprogesterone,11776
DB14575,Eslicarbazepine,11777
DB14581,CPI-1205,11778
DB14582,Patisiran,11779
DB14583,Segesterone acetate,11780
DB14596,Loteprednol etabonate,11781
DB14597,Lanadelumab,11782
DB14598,Edetate calcium disodium anhydrous,11783
DB14600,Edetate disodium anhydrous,11784
DB14631,Prednisolone phosphate,11785
DB14633,Prednisolone hemisuccinate,11786
DB14634,Fluprednidene acetate,11787
DB14635,Curcumin sulfate,11788
DB14637,Fluprednisolone acetate,11789
DB14639,Boldenone undecylenate,11790
DB14641,Estriol tripropionate,11791
DB14642,Lypressin,11792
DB14644,Methylprednisolone hemisuccinate,11793
DB14646,Prednisone acetate,11794
DB14649,Dexamethasone acetate,11795
DB14652,Clocortolone acetate,11796
DB14659,Melengestrol acetate,11797
DB14669,Betamethasone phosphate,11798
DB14672,Oxazepam acetate,11799
DB14678,Norethindrone enanthate,11800
DB14681,Cortisone,11801
DB14700,Damoctocog alfa pegol,11802
DB14707,Cemiplimab,11803
DB14715,Cinazepam,11804
DB14719,Bentazepam,11805
DB14723,Larotrectinib,11806
DB14724,Emapalumab,11807
DB14731,Tagraxofusp,11808
DB14738,Turoctocog alfa pegol,11809
DB14740,Hyaluronidase,11810
DB14751,Mecasermin rinfabate,11811
DB14754,Solriamfetol,11812
DB14761,Remdesivir,11813
DB14762,Risankizumab,11814
DB14776,Camrelizumab,11815
DB14783,Diroximel fumarate,11816
DB14811,Isatuximab,11817
DB14840,Ripretinib,11818
DB14845,Filgotinib,11819
DB14864,Brolucizumab,11820
DB14879,Cefiderocol,11821
DB14881,Oliceridine,11822
DB14892,Spartalizumab,11823
DB14895,Vibegron,11824
DB14901,Inclisiran,11825
DB14914,Flortaucipir F-18,11826
DB14922,Tislelizumab,11827
DB14962,Trastuzumab deruxtecan,11828
DB14967,Margetuximab,11829
DB14975,Voxelotor,11830
DB14999,Human interferon beta,11831
DB15035,Zanubrutinib,11832
DB15043,Toripalimab,11833
DB15044,Tafasitamab,11834
DB15067,Volanesorsen,11835
DB15091,Upadacitinib,11836
DB15093,Somapacitan,11837
DB15102,Pemigatinib,11838
DB15119,Ropeginterferon alfa-2b,11839
DB15131,Interferon alfa-2c,11840
DB15233,Avapritinib,11841
DB15250,Vercirnon,11842
DB15271,Crizanlizumab,11843
DB15303,Faricimab,11844
DB15305,Risdiplam,11845
DB15327,Abivertinib,11846
DB15328,Ubrogepant,11847
DB15444,Elexacaftor,11848
DB15463,PT2977,11849
DB15488,Echinacoside,11850
DB15489,Mexazolam,11851
DB15493,Cambinol,11852
DB15494,Edotreotide gallium Ga-68,11853
DB15495,Rocaglamide,11854
DB15496,Didesmethylrocaglamide,11855
DB15498,BOS172722,11856
DB15534,Colchiceine,11857
DB15565,Cilazaprilat,11858
DB15566,Prednisolone acetate,11859
DB15568,MRTX849,11860
DB15569,AMG-510,11861
DB15570,FLX475,11862
DB15593,Golodirsen,11863
DB15598,Ferric maltol,11864
DB15599,MIV-711,11865
DB15617,Ferric derisomaltose,11866
DB15624,Halicin,11867
DB15627,Dostarlimab,11868
DB15643,N-(2-Aminoethyl)-1-aziridineethanamine,11869
DB15647,Ketodarolutamide,11870
DB15665,SEP-363856,11871
DB15685,Selpercatinib,11872
DB15688,Vazegepant,11873
DB15690,Fluoroestradiol F-18,11874
