{
  "metrics": {
    "classification": {
      "auc_roc": 0.9696418829508374,
      "auc_pr": 0.9802786053449639,
      "precision": 0.987615247007018,
      "recall": 0.933775696070778,
      "f1_score": 0.9599411489333244,
      "threshold": 0.5
    },
    "ranking": {
      "mrr": 0.2260573491507983,
      "mean_rank": 493.52803799115276,
      "median_rank": 15.0,
      "hits@10": 0.43897996357012753,
      "hits@50": 0.7098620869112673
    },
    "test_edges": 15372,
    "num_nodes": 30926
  },
  "model_info": {
    "checkpoint_path": "output/models/final_model.pt",
    "epoch": 100,
    "num_nodes": 30926,
    "num_relations": 3,
    "embedding_dim": 64,
    "hidden_dim": 128,
    "num_parameters": 2078208,
    "best_val_loss": 0.1527403016164734,
    "best_val_acc": 0.9646855878140868
  }
}